BEGIN

INSERT INTO destination (id, name, country_id, destination_type, parent_destination_id, image_url) VALUES (1, 'Jardins, Florianópolis', 'BR', 'CI', NULL, 'https://example.com/image_1.jpg');
INSERT INTO destination (id, name, country_id, destination_type, parent_destination_id, image_url) VALUES (2, 'Barra da Tijuca, São Paulo', 'BR', 'CI', NULL, 'https://example.com/image_2.jpg');
INSERT INTO destination (id, name, country_id, destination_type, parent_destination_id, image_url) VALUES (3, 'Itaim Bibi, Recife', 'BR', 'CI', NULL, 'https://example.com/image_3.jpg');
INSERT INTO destination (id, name, country_id, destination_type, parent_destination_id, image_url) VALUES (4, 'Barra da Tijuca, Florianópolis', 'BR', 'CI', NULL, 'https://example.com/image_4.jpg');
INSERT INTO destination (id, name, country_id, destination_type, parent_destination_id, image_url) VALUES (5, 'Centro, Goiânia', 'BR', 'CI', NULL, 'https://example.com/image_5.jpg');
INSERT INTO destination (id, name, country_id, destination_type, parent_destination_id, image_url) VALUES (6, 'Boa Viagem, Porto Alegre', 'BR', 'CI', NULL, 'https://example.com/image_6.jpg');
INSERT INTO destination (id, name, country_id, destination_type, parent_destination_id, image_url) VALUES (7, 'Savassi, Recife', 'BR', 'CI', NULL, 'https://example.com/image_7.jpg');
INSERT INTO destination (id, name, country_id, destination_type, parent_destination_id, image_url) VALUES (8, 'Savassi, Salvador', 'BR', 'CI', NULL, 'https://example.com/image_8.jpg');
INSERT INTO destination (id, name, country_id, destination_type, parent_destination_id, image_url) VALUES (9, 'Meireles, Rio de Janeiro', 'BR', 'CI', NULL, 'https://example.com/image_9.jpg');
INSERT INTO destination (id, name, country_id, destination_type, parent_destination_id, image_url) VALUES (10, 'Leblon, Salvador', 'BR', 'CI', NULL, 'https://example.com/image_10.jpg');
INSERT INTO destination (id, name, country_id, destination_type, parent_destination_id, image_url) VALUES (11, 'Savassi, Porto Alegre', 'BR', 'CI', NULL, 'https://example.com/image_11.jpg');
INSERT INTO destination (id, name, country_id, destination_type, parent_destination_id, image_url) VALUES (12, 'Moema, Salvador', 'BR', 'CI', NULL, 'https://example.com/image_12.jpg');
INSERT INTO destination (id, name, country_id, destination_type, parent_destination_id, image_url) VALUES (13, 'Centro, Rio de Janeiro', 'BR', 'CI', NULL, 'https://example.com/image_13.jpg');
INSERT INTO destination (id, name, country_id, destination_type, parent_destination_id, image_url) VALUES (14, 'Leblon, Goiânia', 'BR', 'CI', NULL, 'https://example.com/image_14.jpg');
INSERT INTO destination (id, name, country_id, destination_type, parent_destination_id, image_url) VALUES (15, 'Centro, Rio de Janeiro', 'BR', 'CI', NULL, 'https://example.com/image_15.jpg');
INSERT INTO destination (id, name, country_id, destination_type, parent_destination_id, image_url) VALUES (16, 'Centro, Florianópolis', 'BR', 'CI', NULL, 'https://example.com/image_16.jpg');
INSERT INTO destination (id, name, country_id, destination_type, parent_destination_id, image_url) VALUES (17, 'Boa Viagem, Porto Alegre', 'BR', 'CI', NULL, 'https://example.com/image_17.jpg');
INSERT INTO destination (id, name, country_id, destination_type, parent_destination_id, image_url) VALUES (18, 'Itaim Bibi, Recife', 'BR', 'CI', NULL, 'https://example.com/image_18.jpg');
INSERT INTO destination (id, name, country_id, destination_type, parent_destination_id, image_url) VALUES (19, 'Leblon, Goiânia', 'BR', 'CI', NULL, 'https://example.com/image_19.jpg');
INSERT INTO destination (id, name, country_id, destination_type, parent_destination_id, image_url) VALUES (20, 'Copacabana, Salvador', 'BR', 'CI', NULL, 'https://example.com/image_20.jpg');
INSERT INTO destination (id, name, country_id, destination_type, parent_destination_id, image_url) VALUES (21, 'Copacabana, Recife', 'BR', 'CI', NULL, 'https://example.com/image_21.jpg');
INSERT INTO destination (id, name, country_id, destination_type, parent_destination_id, image_url) VALUES (22, 'Jardins, Rio de Janeiro', 'BR', 'CI', NULL, 'https://example.com/image_22.jpg');
INSERT INTO destination (id, name, country_id, destination_type, parent_destination_id, image_url) VALUES (23, 'Meireles, São Paulo', 'BR', 'CI', NULL, 'https://example.com/image_23.jpg');
INSERT INTO destination (id, name, country_id, destination_type, parent_destination_id, image_url) VALUES (24, 'Centro, Goiânia', 'BR', 'CI', NULL, 'https://example.com/image_24.jpg');
INSERT INTO destination (id, name, country_id, destination_type, parent_destination_id, image_url) VALUES (25, 'Centro, Curitiba', 'BR', 'CI', NULL, 'https://example.com/image_25.jpg');
INSERT INTO destination (id, name, country_id, destination_type, parent_destination_id, image_url) VALUES (26, 'Boa Viagem, Rio de Janeiro', 'BR', 'CI', NULL, 'https://example.com/image_26.jpg');
INSERT INTO destination (id, name, country_id, destination_type, parent_destination_id, image_url) VALUES (27, 'Boa Viagem, Porto Alegre', 'BR', 'CI', NULL, 'https://example.com/image_27.jpg');
INSERT INTO destination (id, name, country_id, destination_type, parent_destination_id, image_url) VALUES (28, 'Savassi, Curitiba', 'BR', 'CI', NULL, 'https://example.com/image_28.jpg');
INSERT INTO destination (id, name, country_id, destination_type, parent_destination_id, image_url) VALUES (29, 'Itaim Bibi, Recife', 'BR', 'CI', NULL, 'https://example.com/image_29.jpg');
INSERT INTO destination (id, name, country_id, destination_type, parent_destination_id, image_url) VALUES (30, 'Moema, Rio de Janeiro', 'BR', 'CI', NULL, 'https://example.com/image_30.jpg');
INSERT INTO destination (id, name, country_id, destination_type, parent_destination_id, image_url) VALUES (31, 'Leblon, Fortaleza', 'BR', 'CI', NULL, 'https://example.com/image_31.jpg');
INSERT INTO destination (id, name, country_id, destination_type, parent_destination_id, image_url) VALUES (32, 'Moema, Goiânia', 'BR', 'CI', NULL, 'https://example.com/image_32.jpg');
INSERT INTO destination (id, name, country_id, destination_type, parent_destination_id, image_url) VALUES (33, 'Leblon, Salvador', 'BR', 'CI', NULL, 'https://example.com/image_33.jpg');
INSERT INTO destination (id, name, country_id, destination_type, parent_destination_id, image_url) VALUES (34, 'Moema, Salvador', 'BR', 'CI', NULL, 'https://example.com/image_34.jpg');
INSERT INTO destination (id, name, country_id, destination_type, parent_destination_id, image_url) VALUES (35, 'Centro, Recife', 'BR', 'CI', NULL, 'https://example.com/image_35.jpg');
INSERT INTO destination (id, name, country_id, destination_type, parent_destination_id, image_url) VALUES (36, 'Boa Viagem, Recife', 'BR', 'CI', NULL, 'https://example.com/image_36.jpg');
INSERT INTO destination (id, name, country_id, destination_type, parent_destination_id, image_url) VALUES (37, 'Leblon, Porto Alegre', 'BR', 'CI', NULL, 'https://example.com/image_37.jpg');
INSERT INTO destination (id, name, country_id, destination_type, parent_destination_id, image_url) VALUES (38, 'Barra da Tijuca, Porto Alegre', 'BR', 'CI', NULL, 'https://example.com/image_38.jpg');
INSERT INTO destination (id, name, country_id, destination_type, parent_destination_id, image_url) VALUES (39, 'Moema, Goiânia', 'BR', 'CI', NULL, 'https://example.com/image_39.jpg');
INSERT INTO destination (id, name, country_id, destination_type, parent_destination_id, image_url) VALUES (40, 'Jardins, Porto Alegre', 'BR', 'CI', NULL, 'https://example.com/image_40.jpg');
INSERT INTO feature (id, name) VALUES (1, 'Cama de casal');
INSERT INTO feature (id, name) VALUES (2, 'Cama de solteiro');
INSERT INTO feature (id, name) VALUES (3, 'Ar-condicionado');
INSERT INTO feature (id, name) VALUES (4, 'Banheiro privativo');
INSERT INTO feature (id, name) VALUES (5, 'Armário');
INSERT INTO feature (id, name) VALUES (6, 'Mesa de estudos');
INSERT INTO feature (id, name) VALUES (7, 'TV');
INSERT INTO feature (id, name) VALUES (8, 'Geladeira');
INSERT INTO feature (id, name) VALUES (9, 'Wi-Fi');
INSERT INTO feature (id, name) VALUES (10, 'Janela ampla');
INSERT INTO address (id, street, number, complement, neighborhood, city, state, zip_code) VALUES (1, 'Morro Isis da Rosa', '324', '5', 'Meireles', 'Curitiba', 'BA', '41157815');
INSERT INTO address (id, street, number, complement, neighborhood, city, state, zip_code) VALUES (2, 'Largo Larissa da Rocha', '977', '90', 'Savassi', 'Curitiba', 'MG', '16097535');
INSERT INTO address (id, street, number, complement, neighborhood, city, state, zip_code) VALUES (3, 'Campo de da Mota', '333', '271', 'Copacabana', 'Porto Alegre', 'BA', '87148-418');
INSERT INTO address (id, street, number, complement, neighborhood, city, state, zip_code) VALUES (4, 'Setor Juan Vieira', '247', '465', 'Itaim Bibi', 'Rio de Janeiro', 'RJ', '23209-471');
INSERT INTO address (id, street, number, complement, neighborhood, city, state, zip_code) VALUES (5, 'Viela Costela', '20', '568', 'Savassi', 'Belo Horizonte', 'SP', '39694775');
INSERT INTO address (id, street, number, complement, neighborhood, city, state, zip_code) VALUES (6, 'Largo Correia', '69', '13', 'Moema', 'Recife', 'PE', '13525-601');
INSERT INTO address (id, street, number, complement, neighborhood, city, state, zip_code) VALUES (7, 'Vila das Neves', '9', '210', 'Leblon', 'Salvador', 'SC', '99161510');
INSERT INTO address (id, street, number, complement, neighborhood, city, state, zip_code) VALUES (8, 'Alameda de da Mota', '81', '10', 'Boa Viagem', 'Curitiba', 'GO', '91413-145');
INSERT INTO address (id, street, number, complement, neighborhood, city, state, zip_code) VALUES (9, 'Estação Cauã Santos', '20', '53', 'Jardins', 'Porto Alegre', 'BA', '79230-225');
INSERT INTO address (id, street, number, complement, neighborhood, city, state, zip_code) VALUES (10, 'Jardim de Costa', '172', '96', 'Itaim Bibi', 'Goiânia', 'PR', '56428-071');
INSERT INTO address (id, street, number, complement, neighborhood, city, state, zip_code) VALUES (11, 'Área Fernanda Freitas', '83', '59', 'Moema', 'Fortaleza', 'GO', '99246-610');
INSERT INTO address (id, street, number, complement, neighborhood, city, state, zip_code) VALUES (12, 'Estrada de Melo', '43', '76', 'Moema', 'Goiânia', 'GO', '69602714');
INSERT INTO address (id, street, number, complement, neighborhood, city, state, zip_code) VALUES (13, 'Esplanada de Porto', '178', '8', 'Centro', 'Curitiba', 'RS', '47063-812');
INSERT INTO address (id, street, number, complement, neighborhood, city, state, zip_code) VALUES (14, 'Passarela Peixoto', '40', '1', 'Copacabana', 'Salvador', 'RJ', '31934421');
INSERT INTO address (id, street, number, complement, neighborhood, city, state, zip_code) VALUES (15, 'Passarela Letícia Cardoso', '5', '51', 'Boa Viagem', 'Fortaleza', 'MG', '85124000');
INSERT INTO address (id, street, number, complement, neighborhood, city, state, zip_code) VALUES (16, 'Viela Ferreira', '155', '777', 'Centro', 'Florianópolis', 'SP', '82369-402');
INSERT INTO address (id, street, number, complement, neighborhood, city, state, zip_code) VALUES (17, 'Ladeira Melo', '25', '19', 'Moema', 'Belo Horizonte', 'RS', '42294568');
INSERT INTO address (id, street, number, complement, neighborhood, city, state, zip_code) VALUES (18, 'Lago Correia', '13', '92', 'Copacabana', 'Porto Alegre', 'SC', '46546118');
INSERT INTO address (id, street, number, complement, neighborhood, city, state, zip_code) VALUES (19, 'Recanto Renan Mendes', '8', '8', 'Meireles', 'Rio de Janeiro', 'SP', '04522-961');
INSERT INTO address (id, street, number, complement, neighborhood, city, state, zip_code) VALUES (20, 'Chácara da Paz', '70', '2', 'Moema', 'Curitiba', 'GO', '88477-936');
INSERT INTO address (id, street, number, complement, neighborhood, city, state, zip_code) VALUES (21, 'Núcleo das Neves', '39', '63', 'Meireles', 'Rio de Janeiro', 'PE', '10873176');
INSERT INTO address (id, street, number, complement, neighborhood, city, state, zip_code) VALUES (22, 'Favela Luna Barbosa', '39', '4', 'Moema', 'Fortaleza', 'RJ', '65821-972');
INSERT INTO address (id, street, number, complement, neighborhood, city, state, zip_code) VALUES (23, 'Passarela de Pereira', '875', '93', 'Copacabana', 'Porto Alegre', 'SP', '05550824');
INSERT INTO address (id, street, number, complement, neighborhood, city, state, zip_code) VALUES (24, 'Distrito de Nascimento', '247', '9', 'Boa Viagem', 'Belo Horizonte', 'RJ', '13204075');
INSERT INTO address (id, street, number, complement, neighborhood, city, state, zip_code) VALUES (25, 'Distrito Ramos', '78', '280', 'Itaim Bibi', 'Curitiba', 'SP', '63489676');
INSERT INTO address (id, street, number, complement, neighborhood, city, state, zip_code) VALUES (26, 'Trecho de Dias', '1', '94', 'Copacabana', 'Recife', 'PE', '51744-666');
INSERT INTO address (id, street, number, complement, neighborhood, city, state, zip_code) VALUES (27, 'Esplanada Costela', '64', '1', 'Meireles', 'Rio de Janeiro', 'BA', '62791-256');
INSERT INTO address (id, street, number, complement, neighborhood, city, state, zip_code) VALUES (28, 'Vale Rezende', '17', '8', 'Moema', 'Curitiba', 'RJ', '00992518');
INSERT INTO address (id, street, number, complement, neighborhood, city, state, zip_code) VALUES (29, 'Morro de da Mota', '27', '8', 'Barra da Tijuca', 'Fortaleza', 'PE', '19426-418');
INSERT INTO address (id, street, number, complement, neighborhood, city, state, zip_code) VALUES (30, 'Área Novaes', '45', '25', 'Savassi', 'São Paulo', 'SC', '07408993');
INSERT INTO address (id, street, number, complement, neighborhood, city, state, zip_code) VALUES (31, 'Chácara Santos', '568', '3', 'Itaim Bibi', 'São Paulo', 'GO', '96116-116');
INSERT INTO address (id, street, number, complement, neighborhood, city, state, zip_code) VALUES (32, 'Alameda Porto', '16', '55', 'Moema', 'Florianópolis', 'RS', '51150552');
INSERT INTO address (id, street, number, complement, neighborhood, city, state, zip_code) VALUES (33, 'Fazenda Moreira', '3', '40', 'Barra da Tijuca', 'Fortaleza', 'CE', '04509322');
INSERT INTO address (id, street, number, complement, neighborhood, city, state, zip_code) VALUES (34, 'Condomínio Bárbara Monteiro', '12', '65', 'Meireles', 'Belo Horizonte', 'RS', '44852-911');
INSERT INTO address (id, street, number, complement, neighborhood, city, state, zip_code) VALUES (35, 'Trecho de Lima', '36', '63', 'Copacabana', 'Belo Horizonte', 'MG', '32456029');
INSERT INTO address (id, street, number, complement, neighborhood, city, state, zip_code) VALUES (36, 'Passarela Cardoso', '3', '94', 'Centro', 'Recife', 'BA', '29645-137');
INSERT INTO address (id, street, number, complement, neighborhood, city, state, zip_code) VALUES (37, 'Núcleo de Souza', '7', '70', 'Moema', 'Porto Alegre', 'CE', '73547-121');
INSERT INTO address (id, street, number, complement, neighborhood, city, state, zip_code) VALUES (38, 'Condomínio Giovanna da Costa', '36', '36', 'Savassi', 'São Paulo', 'CE', '75825717');
INSERT INTO address (id, street, number, complement, neighborhood, city, state, zip_code) VALUES (39, 'Lago Almeida', '89', '4', 'Jardins', 'Porto Alegre', 'SC', '14892-671');
INSERT INTO address (id, street, number, complement, neighborhood, city, state, zip_code) VALUES (40, 'Residencial de Dias', '164', '5', 'Barra da Tijuca', 'Fortaleza', 'PE', '04689671');
INSERT INTO "custom_user" (id, name, birth_date, gender, email, password, role, address_id) VALUES (1, 'Sra. Isabella Gomes', '2004-01-12', 'Female', 'azevedodanilo@lima.br', '0I9Q8HRyY@', 'Client', 36);
INSERT INTO "custom_user" (id, name, birth_date, gender, email, password, role, address_id) VALUES (2, 'Beatriz da Cruz', '1978-07-31', 'Male', 'lnunes@cunha.org', '^OPOw7Xnr3', 'Manager', 6);
INSERT INTO "custom_user" (id, name, birth_date, gender, email, password, role, address_id) VALUES (3, 'Ana Clara Cardoso', '1997-09-25', 'Female', 'moreirabruno@gmail.com', 'df0h9*Iu)J', 'Client', 35);
INSERT INTO "custom_user" (id, name, birth_date, gender, email, password, role, address_id) VALUES (4, 'Sr. Emanuel da Mata', '1989-06-30', 'Female', 'zpereira@uol.com.br', 'Kge3ZYqEg&', 'Client', 16);
INSERT INTO "custom_user" (id, name, birth_date, gender, email, password, role, address_id) VALUES (5, 'Dra. Sophia Gomes', '2000-08-19', 'Female', 'dramos@ig.com.br', '+8VUue37$0', 'Manager', 40);
INSERT INTO "custom_user" (id, name, birth_date, gender, email, password, role, address_id) VALUES (6, 'Nina das Neves', '1995-02-03', 'Female', 'ana-vitoriada-mota@yahoo.com.br', 'kBL1T$c3)1', 'Manager', 38);
INSERT INTO "custom_user" (id, name, birth_date, gender, email, password, role, address_id) VALUES (7, 'Lucca Monteiro', '2004-01-20', 'Male', 'limagabrielly@alves.br', '7OB&5nzr+X', 'Manager', 25);
INSERT INTO "custom_user" (id, name, birth_date, gender, email, password, role, address_id) VALUES (8, 'Luigi das Neves', '1978-09-28', 'Female', 'pedro-miguel61@bol.com.br', '%9K9R7z(j*', 'Client', 1);
INSERT INTO "custom_user" (id, name, birth_date, gender, email, password, role, address_id) VALUES (9, 'Dra. Maitê Pereira', '2003-08-13', 'Male', 'nogueiralivia@costa.br', 'jn5QbVY9$8', 'Manager', 11);
INSERT INTO "custom_user" (id, name, birth_date, gender, email, password, role, address_id) VALUES (10, 'João Vitor da Costa', '1980-05-25', 'Male', 'sarahda-rocha@da.net', 'GX2HtX@y+A', 'Client', 29);
INSERT INTO "custom_user" (id, name, birth_date, gender, email, password, role, address_id) VALUES (11, 'Sra. Maria Cecília Lopes', '1998-05-06', 'Female', 'guilherme96@lopes.com', '$60baKDx@U', 'Manager', 3);
INSERT INTO "custom_user" (id, name, birth_date, gender, email, password, role, address_id) VALUES (12, 'Ana Carolina Araújo', '1982-08-07', 'Female', 'das-nevesmanuela@campos.com', '^EBafkIgr6', 'Manager', 3);
INSERT INTO "custom_user" (id, name, birth_date, gender, email, password, role, address_id) VALUES (13, 'Joana da Cunha', '1974-06-28', 'Male', 'davi-luccamelo@da.com', '+8WXLFWwlg', 'Manager', 5);
INSERT INTO "custom_user" (id, name, birth_date, gender, email, password, role, address_id) VALUES (14, 'Raul da Costa', '1989-12-21', 'Female', 'igor65@sales.br', '!yjQjcLfH4', 'Client', 29);
INSERT INTO "custom_user" (id, name, birth_date, gender, email, password, role, address_id) VALUES (15, 'Manuela Mendes', '1987-07-09', 'Female', 'enzomelo@hotmail.com', '0q+o)8VlD9', 'Client', 3);
INSERT INTO "custom_user" (id, name, birth_date, gender, email, password, role, address_id) VALUES (16, 'Larissa da Cunha', '1974-06-02', 'Female', 'piresfernando@alves.br', '1SJwX0t+_4', 'Manager', 20);
INSERT INTO "custom_user" (id, name, birth_date, gender, email, password, role, address_id) VALUES (17, 'Gustavo Henrique Alves', '1988-12-20', 'Female', 'esther88@yahoo.com.br', '^_!WkdzGM3', 'Client', 27);
INSERT INTO "custom_user" (id, name, birth_date, gender, email, password, role, address_id) VALUES (18, 'Sr. Rodrigo da Mota', '1995-11-07', 'Male', 'uaragao@ig.com.br', '1$9H5epil*', 'Client', 9);
INSERT INTO "custom_user" (id, name, birth_date, gender, email, password, role, address_id) VALUES (19, 'Maysa Novaes', '2006-05-19', 'Male', 'ana-julia59@yahoo.com.br', '!64GApGr#@', 'Manager', 27);
INSERT INTO "custom_user" (id, name, birth_date, gender, email, password, role, address_id) VALUES (20, 'João Vitor Ribeiro', '2005-09-19', 'Female', 'cardosoheloisa@moreira.com', 'bM3oW@d)z@', 'Client', 14);
INSERT INTO "custom_user" (id, name, birth_date, gender, email, password, role, address_id) VALUES (21, 'Ana Carolina da Cruz', '1978-08-26', 'Male', 'ubarbosa@nogueira.br', '17CCejQr)h', 'Client', 34);
INSERT INTO "custom_user" (id, name, birth_date, gender, email, password, role, address_id) VALUES (22, 'Maria Luiza da Luz', '1996-03-18', 'Male', 'danilo37@ramos.br', 'T2PDmyJE_n', 'Client', 8);
INSERT INTO "custom_user" (id, name, birth_date, gender, email, password, role, address_id) VALUES (23, 'Sr. Diego Costela', '1975-01-14', 'Male', 'bryanoliveira@ig.com.br', 'tWk04uZmW!', 'Manager', 18);
INSERT INTO "custom_user" (id, name, birth_date, gender, email, password, role, address_id) VALUES (24, 'Antônio Ramos', '2001-09-07', 'Male', 'yagocampos@yahoo.com.br', '1HdsAkld@p', 'Client', 31);
INSERT INTO "custom_user" (id, name, birth_date, gender, email, password, role, address_id) VALUES (25, 'Manuela Castro', '2002-11-06', 'Female', 'theo17@da.org', '!S_0uZMkYv', 'Client', 2);
INSERT INTO "custom_user" (id, name, birth_date, gender, email, password, role, address_id) VALUES (26, 'Pedro Miguel Gomes', '1985-07-25', 'Female', 'thalesdas-neves@peixoto.com', '+&9f0+aB!Y', 'Manager', 8);
INSERT INTO "custom_user" (id, name, birth_date, gender, email, password, role, address_id) VALUES (27, 'Kaique Pinto', '1993-09-17', 'Female', 'guilhermemoreira@bol.com.br', ')cD*M6Gt$8', 'Client', 34);
INSERT INTO "custom_user" (id, name, birth_date, gender, email, password, role, address_id) VALUES (28, 'Sr. Otávio Ribeiro', '2004-03-19', 'Female', 'bruno95@cavalcanti.com', 'J6HuAy+D#V', 'Client', 10);
INSERT INTO "custom_user" (id, name, birth_date, gender, email, password, role, address_id) VALUES (29, 'Sr. Pedro Lucas Moraes', '2000-06-14', 'Female', 'da-pazluiz-gustavo@hotmail.com', '+$S#IFKj(9', 'Client', 3);
INSERT INTO "custom_user" (id, name, birth_date, gender, email, password, role, address_id) VALUES (30, 'Pedro Cardoso', '2000-11-06', 'Male', 'joaquimda-costa@hotmail.com', '_O3YAqcl#o', 'Client', 17);
INSERT INTO "custom_user" (id, name, birth_date, gender, email, password, role, address_id) VALUES (31, 'Sr. João Miguel Lima', '1982-05-13', 'Female', 'yago78@yahoo.com.br', 'yvVYDr*j&6', 'Manager', 37);
INSERT INTO "custom_user" (id, name, birth_date, gender, email, password, role, address_id) VALUES (32, 'Dra. Mariana da Cunha', '1987-03-04', 'Male', 'alvesenzo@rocha.br', '@bL4+Ssj7r', 'Manager', 30);
INSERT INTO "custom_user" (id, name, birth_date, gender, email, password, role, address_id) VALUES (33, 'Mirella da Rocha', '1989-04-17', 'Female', 'augusto92@uol.com.br', 'tu&V7PSb#n', 'Manager', 35);
INSERT INTO "custom_user" (id, name, birth_date, gender, email, password, role, address_id) VALUES (34, 'Enzo Viana', '1986-10-12', 'Male', 'lara27@campos.br', ')4(_m_Rm6c', 'Client', 25);
INSERT INTO "custom_user" (id, name, birth_date, gender, email, password, role, address_id) VALUES (35, 'Raquel Cavalcanti', '2006-01-26', 'Female', 'stella51@ig.com.br', 'oB!3wHp^U4', 'Client', 9);
INSERT INTO "custom_user" (id, name, birth_date, gender, email, password, role, address_id) VALUES (36, 'Eduardo Rocha', '1996-11-03', 'Male', 'vitor92@gmail.com', '4&5EQxip8*', 'Manager', 22);
INSERT INTO "custom_user" (id, name, birth_date, gender, email, password, role, address_id) VALUES (37, 'Sr. Vinicius da Mata', '2006-01-06', 'Female', 'hdias@ig.com.br', 'Mvz&46OqQ!', 'Manager', 6);
INSERT INTO "custom_user" (id, name, birth_date, gender, email, password, role, address_id) VALUES (38, 'Ana Beatriz Barbosa', '1988-03-19', 'Female', 'joao52@da.br', 'G3BWv2a2!s', 'Client', 3);
INSERT INTO "custom_user" (id, name, birth_date, gender, email, password, role, address_id) VALUES (39, 'Enzo Peixoto', '1987-05-19', 'Female', 'pintokaique@uol.com.br', 'Ve9IZWave!', 'Client', 10);
INSERT INTO "custom_user" (id, name, birth_date, gender, email, password, role, address_id) VALUES (40, 'Mirella Lopes', '1981-03-31', 'Female', 'cavalcantimaria-vitoria@uol.com.br', '@S)6^POp8D', 'Manager', 26);
INSERT INTO property (id, name, type, rules, address_id, destination_id) VALUES (1, 'Residência 1', 'Apartamento', 'Sem festas. Proibido fumar.', 9, 19);
INSERT INTO property (id, name, type, rules, address_id, destination_id) VALUES (2, 'Residência 2', 'Apartamento', 'Sem festas. Proibido fumar.', 28, 3);
INSERT INTO property (id, name, type, rules, address_id, destination_id) VALUES (3, 'Residência 3', 'Apartamento', 'Sem festas. Proibido fumar.', 32, 38);
INSERT INTO property (id, name, type, rules, address_id, destination_id) VALUES (4, 'Residência 4', 'Apartamento', 'Sem festas. Proibido fumar.', 14, 40);
INSERT INTO property (id, name, type, rules, address_id, destination_id) VALUES (5, 'Residência 5', 'Apartamento', 'Sem festas. Proibido fumar.', 40, 15);
INSERT INTO property (id, name, type, rules, address_id, destination_id) VALUES (6, 'Residência 6', 'Apartamento', 'Sem festas. Proibido fumar.', 20, 1);
INSERT INTO property (id, name, type, rules, address_id, destination_id) VALUES (7, 'Residência 7', 'Apartamento', 'Sem festas. Proibido fumar.', 38, 15);
INSERT INTO property (id, name, type, rules, address_id, destination_id) VALUES (8, 'Residência 8', 'Apartamento', 'Sem festas. Proibido fumar.', 22, 4);
INSERT INTO property (id, name, type, rules, address_id, destination_id) VALUES (9, 'Residência 9', 'Apartamento', 'Sem festas. Proibido fumar.', 3, 39);
INSERT INTO property (id, name, type, rules, address_id, destination_id) VALUES (10, 'Residência 10', 'Apartamento', 'Sem festas. Proibido fumar.', 19, 8);
INSERT INTO property (id, name, type, rules, address_id, destination_id) VALUES (11, 'Residência 11', 'Apartamento', 'Sem festas. Proibido fumar.', 34, 27);
INSERT INTO property (id, name, type, rules, address_id, destination_id) VALUES (12, 'Residência 12', 'Apartamento', 'Sem festas. Proibido fumar.', 23, 5);
INSERT INTO property (id, name, type, rules, address_id, destination_id) VALUES (13, 'Residência 13', 'Apartamento', 'Sem festas. Proibido fumar.', 24, 2);
INSERT INTO property (id, name, type, rules, address_id, destination_id) VALUES (14, 'Residência 14', 'Apartamento', 'Sem festas. Proibido fumar.', 35, 38);
INSERT INTO property (id, name, type, rules, address_id, destination_id) VALUES (15, 'Residência 15', 'Apartamento', 'Sem festas. Proibido fumar.', 9, 27);
INSERT INTO property (id, name, type, rules, address_id, destination_id) VALUES (16, 'Residência 16', 'Apartamento', 'Sem festas. Proibido fumar.', 12, 7);
INSERT INTO property (id, name, type, rules, address_id, destination_id) VALUES (17, 'Residência 17', 'Apartamento', 'Sem festas. Proibido fumar.', 1, 29);
INSERT INTO property (id, name, type, rules, address_id, destination_id) VALUES (18, 'Residência 18', 'Apartamento', 'Sem festas. Proibido fumar.', 18, 3);
INSERT INTO property (id, name, type, rules, address_id, destination_id) VALUES (19, 'Residência 19', 'Apartamento', 'Sem festas. Proibido fumar.', 5, 27);
INSERT INTO property (id, name, type, rules, address_id, destination_id) VALUES (20, 'Residência 20', 'Apartamento', 'Sem festas. Proibido fumar.', 30, 9);
INSERT INTO room (id, room_number, capacity, shared, weekly_price, biweekly_price, monthly_price, property_id) VALUES (1, 'Quarto 1', 1, TRUE, 295.61, 581.22, 1152.44, 1);
INSERT INTO room (id, room_number, capacity, shared, weekly_price, biweekly_price, monthly_price, property_id) VALUES (2, 'Quarto 2', 1, TRUE, 259.85, 509.70000000000005, 1009.4000000000001, 1);
INSERT INTO room (id, room_number, capacity, shared, weekly_price, biweekly_price, monthly_price, property_id) VALUES (3, 'Quarto 3', 3, TRUE, 267.02, 524.04, 1038.08, 2);
INSERT INTO room (id, room_number, capacity, shared, weekly_price, biweekly_price, monthly_price, property_id) VALUES (4, 'Quarto 4', 1, TRUE, 239.61, 469.22, 928.44, 2);
INSERT INTO room (id, room_number, capacity, shared, weekly_price, biweekly_price, monthly_price, property_id) VALUES (5, 'Quarto 5', 2, TRUE, 284.61, 559.22, 1108.44, 3);
INSERT INTO room (id, room_number, capacity, shared, weekly_price, biweekly_price, monthly_price, property_id) VALUES (6, 'Quarto 6', 3, TRUE, 212.77, 415.54, 821.08, 3);
INSERT INTO room (id, room_number, capacity, shared, weekly_price, biweekly_price, monthly_price, property_id) VALUES (7, 'Quarto 7', 2, FALSE, 220.93, 431.86, 853.72, 4);
INSERT INTO room (id, room_number, capacity, shared, weekly_price, biweekly_price, monthly_price, property_id) VALUES (8, 'Quarto 8', 3, FALSE, 312.78, 615.56, 1221.12, 4);
INSERT INTO room (id, room_number, capacity, shared, weekly_price, biweekly_price, monthly_price, property_id) VALUES (9, 'Quarto 9', 3, FALSE, 268.04, 526.08, 1042.16, 5);
INSERT INTO room (id, room_number, capacity, shared, weekly_price, biweekly_price, monthly_price, property_id) VALUES (10, 'Quarto 10', 2, FALSE, 356.83, 703.66, 1397.32, 5);
INSERT INTO room (id, room_number, capacity, shared, weekly_price, biweekly_price, monthly_price, property_id) VALUES (11, 'Quarto 11', 1, TRUE, 266.12, 522.24, 1034.48, 6);
INSERT INTO room (id, room_number, capacity, shared, weekly_price, biweekly_price, monthly_price, property_id) VALUES (12, 'Quarto 12', 3, TRUE, 218.13, 426.26, 842.52, 6);
INSERT INTO room (id, room_number, capacity, shared, weekly_price, biweekly_price, monthly_price, property_id) VALUES (13, 'Quarto 13', 1, TRUE, 331.4, 652.8, 1295.6, 7);
INSERT INTO room (id, room_number, capacity, shared, weekly_price, biweekly_price, monthly_price, property_id) VALUES (14, 'Quarto 14', 2, FALSE, 388.59, 767.18, 1524.36, 7);
INSERT INTO room (id, room_number, capacity, shared, weekly_price, biweekly_price, monthly_price, property_id) VALUES (15, 'Quarto 15', 1, FALSE, 296.27, 582.54, 1155.08, 8);
INSERT INTO room (id, room_number, capacity, shared, weekly_price, biweekly_price, monthly_price, property_id) VALUES (16, 'Quarto 16', 2, FALSE, 322.35, 634.7, 1259.4, 8);
INSERT INTO room (id, room_number, capacity, shared, weekly_price, biweekly_price, monthly_price, property_id) VALUES (17, 'Quarto 17', 2, TRUE, 226.54, 443.08, 876.16, 9);
INSERT INTO room (id, room_number, capacity, shared, weekly_price, biweekly_price, monthly_price, property_id) VALUES (18, 'Quarto 18', 3, FALSE, 340.16, 670.32, 1330.64, 9);
INSERT INTO room (id, room_number, capacity, shared, weekly_price, biweekly_price, monthly_price, property_id) VALUES (19, 'Quarto 19', 1, TRUE, 372.09, 734.18, 1458.36, 10);
INSERT INTO room (id, room_number, capacity, shared, weekly_price, biweekly_price, monthly_price, property_id) VALUES (20, 'Quarto 20', 1, FALSE, 380.39, 750.78, 1491.56, 10);
INSERT INTO room (id, room_number, capacity, shared, weekly_price, biweekly_price, monthly_price, property_id) VALUES (21, 'Quarto 21', 1, TRUE, 261.06, 512.12, 1014.24, 11);
INSERT INTO room (id, room_number, capacity, shared, weekly_price, biweekly_price, monthly_price, property_id) VALUES (22, 'Quarto 22', 1, TRUE, 283.03, 556.06, 1102.12, 11);
INSERT INTO room (id, room_number, capacity, shared, weekly_price, biweekly_price, monthly_price, property_id) VALUES (23, 'Quarto 23', 1, FALSE, 271.85, 533.7, 1057.4, 12);
INSERT INTO room (id, room_number, capacity, shared, weekly_price, biweekly_price, monthly_price, property_id) VALUES (24, 'Quarto 24', 1, TRUE, 319.32, 628.64, 1247.28, 12);
INSERT INTO room (id, room_number, capacity, shared, weekly_price, biweekly_price, monthly_price, property_id) VALUES (25, 'Quarto 25', 1, TRUE, 246.57, 483.14, 956.28, 13);
INSERT INTO room (id, room_number, capacity, shared, weekly_price, biweekly_price, monthly_price, property_id) VALUES (26, 'Quarto 26', 2, FALSE, 393.3, 776.6, 1543.2, 13);
INSERT INTO room (id, room_number, capacity, shared, weekly_price, biweekly_price, monthly_price, property_id) VALUES (27, 'Quarto 27', 1, TRUE, 231.28, 452.56, 895.12, 14);
INSERT INTO room (id, room_number, capacity, shared, weekly_price, biweekly_price, monthly_price, property_id) VALUES (28, 'Quarto 28', 2, TRUE, 258.21, 506.41999999999996, 1002.8399999999999, 14);
INSERT INTO room (id, room_number, capacity, shared, weekly_price, biweekly_price, monthly_price, property_id) VALUES (29, 'Quarto 29', 3, TRUE, 310.16, 610.32, 1210.64, 15);
INSERT INTO room (id, room_number, capacity, shared, weekly_price, biweekly_price, monthly_price, property_id) VALUES (30, 'Quarto 30', 2, TRUE, 211.57, 413.14, 816.28, 15);
INSERT INTO room (id, room_number, capacity, shared, weekly_price, biweekly_price, monthly_price, property_id) VALUES (31, 'Quarto 31', 3, TRUE, 222.43, 434.86, 859.72, 16);
INSERT INTO room (id, room_number, capacity, shared, weekly_price, biweekly_price, monthly_price, property_id) VALUES (32, 'Quarto 32', 3, TRUE, 268.08, 526.16, 1042.32, 16);
INSERT INTO room (id, room_number, capacity, shared, weekly_price, biweekly_price, monthly_price, property_id) VALUES (33, 'Quarto 33', 1, FALSE, 292.4, 574.8, 1139.6, 17);
INSERT INTO room (id, room_number, capacity, shared, weekly_price, biweekly_price, monthly_price, property_id) VALUES (34, 'Quarto 34', 2, TRUE, 341.26, 672.52, 1335.04, 17);
INSERT INTO room (id, room_number, capacity, shared, weekly_price, biweekly_price, monthly_price, property_id) VALUES (35, 'Quarto 35', 3, FALSE, 251.32, 492.64, 975.28, 18);
INSERT INTO room (id, room_number, capacity, shared, weekly_price, biweekly_price, monthly_price, property_id) VALUES (36, 'Quarto 36', 1, FALSE, 217.05, 424.1, 838.2, 18);
INSERT INTO room (id, room_number, capacity, shared, weekly_price, biweekly_price, monthly_price, property_id) VALUES (37, 'Quarto 37', 1, TRUE, 256.55, 503.1, 996.2, 19);
INSERT INTO room (id, room_number, capacity, shared, weekly_price, biweekly_price, monthly_price, property_id) VALUES (38, 'Quarto 38', 2, TRUE, 258.45, 506.9, 1003.8, 19);
INSERT INTO room (id, room_number, capacity, shared, weekly_price, biweekly_price, monthly_price, property_id) VALUES (39, 'Quarto 39', 2, FALSE, 333.65, 657.3, 1304.6, 20);
INSERT INTO room (id, room_number, capacity, shared, weekly_price, biweekly_price, monthly_price, property_id) VALUES (40, 'Quarto 40', 1, FALSE, 330.41, 650.82, 1291.64, 20);
INSERT INTO room_feature (id, feature_id, room_id) VALUES (1, 3, 1);
INSERT INTO room_feature (id, feature_id, room_id) VALUES (2, 9, 1);
INSERT INTO room_feature (id, feature_id, room_id) VALUES (3, 2, 1);
INSERT INTO room_feature (id, feature_id, room_id) VALUES (4, 10, 1);
INSERT INTO room_feature (id, feature_id, room_id) VALUES (5, 4, 1);
INSERT INTO room_feature (id, feature_id, room_id) VALUES (6, 8, 2);
INSERT INTO room_feature (id, feature_id, room_id) VALUES (7, 6, 2);
INSERT INTO room_feature (id, feature_id, room_id) VALUES (8, 9, 2);
INSERT INTO room_feature (id, feature_id, room_id) VALUES (9, 1, 2);
INSERT INTO room_feature (id, feature_id, room_id) VALUES (10, 4, 2);
INSERT INTO room_feature (id, feature_id, room_id) VALUES (11, 7, 2);
INSERT INTO room_feature (id, feature_id, room_id) VALUES (12, 10, 3);
INSERT INTO room_feature (id, feature_id, room_id) VALUES (13, 7, 3);
INSERT INTO room_feature (id, feature_id, room_id) VALUES (14, 2, 3);
INSERT INTO room_feature (id, feature_id, room_id) VALUES (15, 1, 3);
INSERT INTO room_feature (id, feature_id, room_id) VALUES (16, 1, 4);
INSERT INTO room_feature (id, feature_id, room_id) VALUES (17, 2, 4);
INSERT INTO room_feature (id, feature_id, room_id) VALUES (18, 7, 4);
INSERT INTO room_feature (id, feature_id, room_id) VALUES (19, 5, 4);
INSERT INTO room_feature (id, feature_id, room_id) VALUES (20, 8, 4);
INSERT INTO room_feature (id, feature_id, room_id) VALUES (21, 3, 4);
INSERT INTO room_feature (id, feature_id, room_id) VALUES (22, 10, 5);
INSERT INTO room_feature (id, feature_id, room_id) VALUES (23, 3, 5);
INSERT INTO room_feature (id, feature_id, room_id) VALUES (24, 7, 5);
INSERT INTO room_feature (id, feature_id, room_id) VALUES (25, 2, 5);
INSERT INTO room_feature (id, feature_id, room_id) VALUES (26, 9, 5);
INSERT INTO room_feature (id, feature_id, room_id) VALUES (27, 4, 6);
INSERT INTO room_feature (id, feature_id, room_id) VALUES (28, 2, 6);
INSERT INTO room_feature (id, feature_id, room_id) VALUES (29, 8, 6);
INSERT INTO room_feature (id, feature_id, room_id) VALUES (30, 10, 6);
INSERT INTO room_feature (id, feature_id, room_id) VALUES (31, 3, 6);
INSERT INTO room_feature (id, feature_id, room_id) VALUES (32, 9, 6);
INSERT INTO room_feature (id, feature_id, room_id) VALUES (33, 9, 7);
INSERT INTO room_feature (id, feature_id, room_id) VALUES (34, 3, 7);
INSERT INTO room_feature (id, feature_id, room_id) VALUES (35, 2, 7);
INSERT INTO room_feature (id, feature_id, room_id) VALUES (36, 5, 7);
INSERT INTO room_feature (id, feature_id, room_id) VALUES (37, 4, 7);
INSERT INTO room_feature (id, feature_id, room_id) VALUES (38, 6, 8);
INSERT INTO room_feature (id, feature_id, room_id) VALUES (39, 8, 8);
INSERT INTO room_feature (id, feature_id, room_id) VALUES (40, 9, 8);
INSERT INTO room_feature (id, feature_id, room_id) VALUES (41, 10, 8);
INSERT INTO room_feature (id, feature_id, room_id) VALUES (42, 7, 8);
INSERT INTO room_feature (id, feature_id, room_id) VALUES (43, 2, 8);
INSERT INTO room_feature (id, feature_id, room_id) VALUES (44, 1, 9);
INSERT INTO room_feature (id, feature_id, room_id) VALUES (45, 9, 9);
INSERT INTO room_feature (id, feature_id, room_id) VALUES (46, 3, 9);
INSERT INTO room_feature (id, feature_id, room_id) VALUES (47, 7, 9);
INSERT INTO room_feature (id, feature_id, room_id) VALUES (48, 8, 9);
INSERT INTO room_feature (id, feature_id, room_id) VALUES (49, 2, 10);
INSERT INTO room_feature (id, feature_id, room_id) VALUES (50, 10, 10);
INSERT INTO room_feature (id, feature_id, room_id) VALUES (51, 1, 10);
INSERT INTO room_feature (id, feature_id, room_id) VALUES (52, 8, 10);
INSERT INTO room_feature (id, feature_id, room_id) VALUES (53, 9, 10);
INSERT INTO room_feature (id, feature_id, room_id) VALUES (54, 6, 10);
INSERT INTO room_feature (id, feature_id, room_id) VALUES (55, 6, 11);
INSERT INTO room_feature (id, feature_id, room_id) VALUES (56, 9, 11);
INSERT INTO room_feature (id, feature_id, room_id) VALUES (57, 7, 11);
INSERT INTO room_feature (id, feature_id, room_id) VALUES (58, 5, 11);
INSERT INTO room_feature (id, feature_id, room_id) VALUES (59, 8, 11);
INSERT INTO room_feature (id, feature_id, room_id) VALUES (60, 1, 11);
INSERT INTO room_feature (id, feature_id, room_id) VALUES (61, 4, 12);
INSERT INTO room_feature (id, feature_id, room_id) VALUES (62, 5, 12);
INSERT INTO room_feature (id, feature_id, room_id) VALUES (63, 7, 12);
INSERT INTO room_feature (id, feature_id, room_id) VALUES (64, 8, 12);
INSERT INTO room_feature (id, feature_id, room_id) VALUES (65, 10, 12);
INSERT INTO room_feature (id, feature_id, room_id) VALUES (66, 6, 12);
INSERT INTO room_feature (id, feature_id, room_id) VALUES (67, 9, 13);
INSERT INTO room_feature (id, feature_id, room_id) VALUES (68, 5, 13);
INSERT INTO room_feature (id, feature_id, room_id) VALUES (69, 6, 13);
INSERT INTO room_feature (id, feature_id, room_id) VALUES (70, 1, 13);
INSERT INTO room_feature (id, feature_id, room_id) VALUES (71, 4, 13);
INSERT INTO room_feature (id, feature_id, room_id) VALUES (72, 7, 14);
INSERT INTO room_feature (id, feature_id, room_id) VALUES (73, 1, 14);
INSERT INTO room_feature (id, feature_id, room_id) VALUES (74, 3, 14);
INSERT INTO room_feature (id, feature_id, room_id) VALUES (75, 6, 14);
INSERT INTO room_feature (id, feature_id, room_id) VALUES (76, 2, 14);
INSERT INTO room_feature (id, feature_id, room_id) VALUES (77, 10, 14);
INSERT INTO room_feature (id, feature_id, room_id) VALUES (78, 3, 15);
INSERT INTO room_feature (id, feature_id, room_id) VALUES (79, 6, 15);
INSERT INTO room_feature (id, feature_id, room_id) VALUES (80, 7, 15);
INSERT INTO room_feature (id, feature_id, room_id) VALUES (81, 2, 16);
INSERT INTO room_feature (id, feature_id, room_id) VALUES (82, 8, 16);
INSERT INTO room_feature (id, feature_id, room_id) VALUES (83, 3, 16);
INSERT INTO room_feature (id, feature_id, room_id) VALUES (84, 4, 17);
INSERT INTO room_feature (id, feature_id, room_id) VALUES (85, 7, 17);
INSERT INTO room_feature (id, feature_id, room_id) VALUES (86, 8, 17);
INSERT INTO room_feature (id, feature_id, room_id) VALUES (87, 1, 17);
INSERT INTO room_feature (id, feature_id, room_id) VALUES (88, 9, 17);
INSERT INTO room_feature (id, feature_id, room_id) VALUES (89, 10, 18);
INSERT INTO room_feature (id, feature_id, room_id) VALUES (90, 5, 18);
INSERT INTO room_feature (id, feature_id, room_id) VALUES (91, 3, 18);
INSERT INTO room_feature (id, feature_id, room_id) VALUES (92, 8, 19);
INSERT INTO room_feature (id, feature_id, room_id) VALUES (93, 6, 19);
INSERT INTO room_feature (id, feature_id, room_id) VALUES (94, 4, 19);
INSERT INTO room_feature (id, feature_id, room_id) VALUES (95, 10, 19);
INSERT INTO room_feature (id, feature_id, room_id) VALUES (96, 3, 19);
INSERT INTO room_feature (id, feature_id, room_id) VALUES (97, 1, 19);
INSERT INTO room_feature (id, feature_id, room_id) VALUES (98, 1, 20);
INSERT INTO room_feature (id, feature_id, room_id) VALUES (99, 9, 20);
INSERT INTO room_feature (id, feature_id, room_id) VALUES (100, 4, 20);
INSERT INTO room_feature (id, feature_id, room_id) VALUES (101, 2, 20);
INSERT INTO room_feature (id, feature_id, room_id) VALUES (102, 10, 20);
INSERT INTO room_feature (id, feature_id, room_id) VALUES (103, 10, 21);
INSERT INTO room_feature (id, feature_id, room_id) VALUES (104, 7, 21);
INSERT INTO room_feature (id, feature_id, room_id) VALUES (105, 2, 21);
INSERT INTO room_feature (id, feature_id, room_id) VALUES (106, 1, 21);
INSERT INTO room_feature (id, feature_id, room_id) VALUES (107, 4, 21);
INSERT INTO room_feature (id, feature_id, room_id) VALUES (108, 9, 21);
INSERT INTO room_feature (id, feature_id, room_id) VALUES (109, 7, 22);
INSERT INTO room_feature (id, feature_id, room_id) VALUES (110, 10, 22);
INSERT INTO room_feature (id, feature_id, room_id) VALUES (111, 1, 22);
INSERT INTO room_feature (id, feature_id, room_id) VALUES (112, 4, 22);
INSERT INTO room_feature (id, feature_id, room_id) VALUES (113, 3, 22);
INSERT INTO room_feature (id, feature_id, room_id) VALUES (114, 6, 22);
INSERT INTO room_feature (id, feature_id, room_id) VALUES (115, 3, 23);
INSERT INTO room_feature (id, feature_id, room_id) VALUES (116, 1, 23);
INSERT INTO room_feature (id, feature_id, room_id) VALUES (117, 4, 23);
INSERT INTO room_feature (id, feature_id, room_id) VALUES (118, 7, 23);
INSERT INTO room_feature (id, feature_id, room_id) VALUES (119, 10, 23);
INSERT INTO room_feature (id, feature_id, room_id) VALUES (120, 4, 24);
INSERT INTO room_feature (id, feature_id, room_id) VALUES (121, 2, 24);
INSERT INTO room_feature (id, feature_id, room_id) VALUES (122, 1, 24);
INSERT INTO room_feature (id, feature_id, room_id) VALUES (123, 2, 25);
INSERT INTO room_feature (id, feature_id, room_id) VALUES (124, 8, 25);
INSERT INTO room_feature (id, feature_id, room_id) VALUES (125, 6, 25);
INSERT INTO room_feature (id, feature_id, room_id) VALUES (126, 9, 25);
INSERT INTO room_feature (id, feature_id, room_id) VALUES (127, 3, 25);
INSERT INTO room_feature (id, feature_id, room_id) VALUES (128, 10, 25);
INSERT INTO room_feature (id, feature_id, room_id) VALUES (129, 5, 26);
INSERT INTO room_feature (id, feature_id, room_id) VALUES (130, 10, 26);
INSERT INTO room_feature (id, feature_id, room_id) VALUES (131, 6, 26);
INSERT INTO room_feature (id, feature_id, room_id) VALUES (132, 2, 26);
INSERT INTO room_feature (id, feature_id, room_id) VALUES (133, 9, 26);
INSERT INTO room_feature (id, feature_id, room_id) VALUES (134, 1, 26);
INSERT INTO room_feature (id, feature_id, room_id) VALUES (135, 6, 27);
INSERT INTO room_feature (id, feature_id, room_id) VALUES (136, 9, 27);
INSERT INTO room_feature (id, feature_id, room_id) VALUES (137, 4, 27);
INSERT INTO room_feature (id, feature_id, room_id) VALUES (138, 2, 27);
INSERT INTO room_feature (id, feature_id, room_id) VALUES (139, 10, 28);
INSERT INTO room_feature (id, feature_id, room_id) VALUES (140, 1, 28);
INSERT INTO room_feature (id, feature_id, room_id) VALUES (141, 7, 28);
INSERT INTO room_feature (id, feature_id, room_id) VALUES (142, 9, 28);
INSERT INTO room_feature (id, feature_id, room_id) VALUES (143, 5, 29);
INSERT INTO room_feature (id, feature_id, room_id) VALUES (144, 6, 29);
INSERT INTO room_feature (id, feature_id, room_id) VALUES (145, 2, 29);
INSERT INTO room_feature (id, feature_id, room_id) VALUES (146, 8, 29);
INSERT INTO room_feature (id, feature_id, room_id) VALUES (147, 4, 29);
INSERT INTO room_feature (id, feature_id, room_id) VALUES (148, 3, 29);
INSERT INTO room_feature (id, feature_id, room_id) VALUES (149, 6, 30);
INSERT INTO room_feature (id, feature_id, room_id) VALUES (150, 8, 30);
INSERT INTO room_feature (id, feature_id, room_id) VALUES (151, 4, 30);
INSERT INTO room_feature (id, feature_id, room_id) VALUES (152, 3, 30);
INSERT INTO room_feature (id, feature_id, room_id) VALUES (153, 7, 30);
INSERT INTO room_feature (id, feature_id, room_id) VALUES (154, 9, 30);
INSERT INTO room_feature (id, feature_id, room_id) VALUES (155, 7, 31);
INSERT INTO room_feature (id, feature_id, room_id) VALUES (156, 3, 31);
INSERT INTO room_feature (id, feature_id, room_id) VALUES (157, 10, 31);
INSERT INTO room_feature (id, feature_id, room_id) VALUES (158, 4, 31);
INSERT INTO room_feature (id, feature_id, room_id) VALUES (159, 2, 31);
INSERT INTO room_feature (id, feature_id, room_id) VALUES (160, 6, 31);
INSERT INTO room_feature (id, feature_id, room_id) VALUES (161, 8, 32);
INSERT INTO room_feature (id, feature_id, room_id) VALUES (162, 2, 32);
INSERT INTO room_feature (id, feature_id, room_id) VALUES (163, 10, 32);
INSERT INTO room_feature (id, feature_id, room_id) VALUES (164, 7, 32);
INSERT INTO room_feature (id, feature_id, room_id) VALUES (165, 9, 32);
INSERT INTO room_feature (id, feature_id, room_id) VALUES (166, 5, 33);
INSERT INTO room_feature (id, feature_id, room_id) VALUES (167, 9, 33);
INSERT INTO room_feature (id, feature_id, room_id) VALUES (168, 3, 33);
INSERT INTO room_feature (id, feature_id, room_id) VALUES (169, 4, 34);
INSERT INTO room_feature (id, feature_id, room_id) VALUES (170, 9, 34);
INSERT INTO room_feature (id, feature_id, room_id) VALUES (171, 7, 34);
INSERT INTO room_feature (id, feature_id, room_id) VALUES (172, 3, 34);
INSERT INTO room_feature (id, feature_id, room_id) VALUES (173, 6, 34);
INSERT INTO room_feature (id, feature_id, room_id) VALUES (174, 1, 34);
INSERT INTO room_feature (id, feature_id, room_id) VALUES (175, 2, 35);
INSERT INTO room_feature (id, feature_id, room_id) VALUES (176, 5, 35);
INSERT INTO room_feature (id, feature_id, room_id) VALUES (177, 6, 35);
INSERT INTO room_feature (id, feature_id, room_id) VALUES (178, 3, 35);
INSERT INTO room_feature (id, feature_id, room_id) VALUES (179, 8, 35);
INSERT INTO room_feature (id, feature_id, room_id) VALUES (180, 10, 35);
INSERT INTO room_feature (id, feature_id, room_id) VALUES (181, 9, 36);
INSERT INTO room_feature (id, feature_id, room_id) VALUES (182, 6, 36);
INSERT INTO room_feature (id, feature_id, room_id) VALUES (183, 2, 36);
INSERT INTO room_feature (id, feature_id, room_id) VALUES (184, 5, 36);
INSERT INTO room_feature (id, feature_id, room_id) VALUES (185, 8, 36);
INSERT INTO room_feature (id, feature_id, room_id) VALUES (186, 7, 37);
INSERT INTO room_feature (id, feature_id, room_id) VALUES (187, 9, 37);
INSERT INTO room_feature (id, feature_id, room_id) VALUES (188, 10, 37);
INSERT INTO room_feature (id, feature_id, room_id) VALUES (189, 2, 38);
INSERT INTO room_feature (id, feature_id, room_id) VALUES (190, 10, 38);
INSERT INTO room_feature (id, feature_id, room_id) VALUES (191, 7, 38);
INSERT INTO room_feature (id, feature_id, room_id) VALUES (192, 4, 38);
INSERT INTO room_feature (id, feature_id, room_id) VALUES (193, 4, 39);
INSERT INTO room_feature (id, feature_id, room_id) VALUES (194, 8, 39);
INSERT INTO room_feature (id, feature_id, room_id) VALUES (195, 9, 39);
INSERT INTO room_feature (id, feature_id, room_id) VALUES (196, 6, 39);
INSERT INTO room_feature (id, feature_id, room_id) VALUES (197, 5, 39);
INSERT INTO room_feature (id, feature_id, room_id) VALUES (198, 3, 39);
INSERT INTO room_feature (id, feature_id, room_id) VALUES (199, 3, 40);
INSERT INTO room_feature (id, feature_id, room_id) VALUES (200, 8, 40);
INSERT INTO room_feature (id, feature_id, room_id) VALUES (201, 1, 40);
INSERT INTO room_feature (id, feature_id, room_id) VALUES (202, 5, 40);
INSERT INTO room_feature (id, feature_id, room_id) VALUES (203, 2, 40);
INSERT INTO room_photo (id, url, room_id) VALUES (1, 'https://example.com/room_1.jpg', 1);
INSERT INTO room_photo (id, url, room_id) VALUES (2, 'https://example.com/room_2.jpg', 2);
INSERT INTO room_photo (id, url, room_id) VALUES (3, 'https://example.com/room_3.jpg', 3);
INSERT INTO room_photo (id, url, room_id) VALUES (4, 'https://example.com/room_4.jpg', 4);
INSERT INTO room_photo (id, url, room_id) VALUES (5, 'https://example.com/room_5.jpg', 5);
INSERT INTO room_photo (id, url, room_id) VALUES (6, 'https://example.com/room_6.jpg', 6);
INSERT INTO room_photo (id, url, room_id) VALUES (7, 'https://example.com/room_7.jpg', 7);
INSERT INTO room_photo (id, url, room_id) VALUES (8, 'https://example.com/room_8.jpg', 8);
INSERT INTO room_photo (id, url, room_id) VALUES (9, 'https://example.com/room_9.jpg', 9);
INSERT INTO room_photo (id, url, room_id) VALUES (10, 'https://example.com/room_10.jpg', 10);
INSERT INTO room_photo (id, url, room_id) VALUES (11, 'https://example.com/room_11.jpg', 11);
INSERT INTO room_photo (id, url, room_id) VALUES (12, 'https://example.com/room_12.jpg', 12);
INSERT INTO room_photo (id, url, room_id) VALUES (13, 'https://example.com/room_13.jpg', 13);
INSERT INTO room_photo (id, url, room_id) VALUES (14, 'https://example.com/room_14.jpg', 14);
INSERT INTO room_photo (id, url, room_id) VALUES (15, 'https://example.com/room_15.jpg', 15);
INSERT INTO room_photo (id, url, room_id) VALUES (16, 'https://example.com/room_16.jpg', 16);
INSERT INTO room_photo (id, url, room_id) VALUES (17, 'https://example.com/room_17.jpg', 17);
INSERT INTO room_photo (id, url, room_id) VALUES (18, 'https://example.com/room_18.jpg', 18);
INSERT INTO room_photo (id, url, room_id) VALUES (19, 'https://example.com/room_19.jpg', 19);
INSERT INTO room_photo (id, url, room_id) VALUES (20, 'https://example.com/room_20.jpg', 20);
INSERT INTO room_photo (id, url, room_id) VALUES (21, 'https://example.com/room_21.jpg', 21);
INSERT INTO room_photo (id, url, room_id) VALUES (22, 'https://example.com/room_22.jpg', 22);
INSERT INTO room_photo (id, url, room_id) VALUES (23, 'https://example.com/room_23.jpg', 23);
INSERT INTO room_photo (id, url, room_id) VALUES (24, 'https://example.com/room_24.jpg', 24);
INSERT INTO room_photo (id, url, room_id) VALUES (25, 'https://example.com/room_25.jpg', 25);
INSERT INTO room_photo (id, url, room_id) VALUES (26, 'https://example.com/room_26.jpg', 26);
INSERT INTO room_photo (id, url, room_id) VALUES (27, 'https://example.com/room_27.jpg', 27);
INSERT INTO room_photo (id, url, room_id) VALUES (28, 'https://example.com/room_28.jpg', 28);
INSERT INTO room_photo (id, url, room_id) VALUES (29, 'https://example.com/room_29.jpg', 29);
INSERT INTO room_photo (id, url, room_id) VALUES (30, 'https://example.com/room_30.jpg', 30);
INSERT INTO room_photo (id, url, room_id) VALUES (31, 'https://example.com/room_31.jpg', 31);
INSERT INTO room_photo (id, url, room_id) VALUES (32, 'https://example.com/room_32.jpg', 32);
INSERT INTO room_photo (id, url, room_id) VALUES (33, 'https://example.com/room_33.jpg', 33);
INSERT INTO room_photo (id, url, room_id) VALUES (34, 'https://example.com/room_34.jpg', 34);
INSERT INTO room_photo (id, url, room_id) VALUES (35, 'https://example.com/room_35.jpg', 35);
INSERT INTO room_photo (id, url, room_id) VALUES (36, 'https://example.com/room_36.jpg', 36);
INSERT INTO room_photo (id, url, room_id) VALUES (37, 'https://example.com/room_37.jpg', 37);
INSERT INTO room_photo (id, url, room_id) VALUES (38, 'https://example.com/room_38.jpg', 38);
INSERT INTO room_photo (id, url, room_id) VALUES (39, 'https://example.com/room_39.jpg', 39);
INSERT INTO room_photo (id, url, room_id) VALUES (40, 'https://example.com/room_40.jpg', 40);
INSERT INTO proposal (id, proposed_price, period, move_in_date, move_out_date, message, status, created_at, room_id, "custom_user_id", reviewed_by_id) VALUES (1, 1152.44, 'monthly', '2025-05-21', '2025-06-20', 'Gostaria de alugar por 1 mês.', 'pending', '2025-05-21T15:09:25.827823+00:00', 1, 22, NULL);
INSERT INTO proposal (id, proposed_price, period, move_in_date, move_out_date, message, status, created_at, room_id, "custom_user_id", reviewed_by_id) VALUES (2, 1009.4000000000001, 'monthly', '2025-05-21', '2025-06-20', 'Gostaria de alugar por 1 mês.', 'pending', '2025-05-21T15:09:25.827823+00:00', 2, 32, NULL);
INSERT INTO proposal (id, proposed_price, period, move_in_date, move_out_date, message, status, created_at, room_id, "custom_user_id", reviewed_by_id) VALUES (3, 1038.08, 'monthly', '2025-05-21', '2025-06-20', 'Gostaria de alugar por 1 mês.', 'pending', '2025-05-21T15:09:25.827823+00:00', 3, 6, NULL);
INSERT INTO proposal (id, proposed_price, period, move_in_date, move_out_date, message, status, created_at, room_id, "custom_user_id", reviewed_by_id) VALUES (4, 928.44, 'monthly', '2025-05-21', '2025-06-20', 'Gostaria de alugar por 1 mês.', 'pending', '2025-05-21T15:09:25.827823+00:00', 4, 29, NULL);
INSERT INTO proposal (id, proposed_price, period, move_in_date, move_out_date, message, status, created_at, room_id, "custom_user_id", reviewed_by_id) VALUES (5, 1108.44, 'monthly', '2025-05-21', '2025-06-20', 'Gostaria de alugar por 1 mês.', 'pending', '2025-05-21T15:09:25.827823+00:00', 5, 8, NULL);
INSERT INTO proposal (id, proposed_price, period, move_in_date, move_out_date, message, status, created_at, room_id, "custom_user_id", reviewed_by_id) VALUES (6, 821.08, 'monthly', '2025-05-21', '2025-06-20', 'Gostaria de alugar por 1 mês.', 'pending', '2025-05-21T15:09:25.827823+00:00', 6, 3, NULL);
INSERT INTO proposal (id, proposed_price, period, move_in_date, move_out_date, message, status, created_at, room_id, "custom_user_id", reviewed_by_id) VALUES (7, 853.72, 'monthly', '2025-05-21', '2025-06-20', 'Gostaria de alugar por 1 mês.', 'pending', '2025-05-21T15:09:25.827823+00:00', 7, 10, NULL);
INSERT INTO proposal (id, proposed_price, period, move_in_date, move_out_date, message, status, created_at, room_id, "custom_user_id", reviewed_by_id) VALUES (8, 1221.12, 'monthly', '2025-05-21', '2025-06-20', 'Gostaria de alugar por 1 mês.', 'pending', '2025-05-21T15:09:25.827823+00:00', 8, 35, NULL);
INSERT INTO proposal (id, proposed_price, period, move_in_date, move_out_date, message, status, created_at, room_id, "custom_user_id", reviewed_by_id) VALUES (9, 1042.16, 'monthly', '2025-05-21', '2025-06-20', 'Gostaria de alugar por 1 mês.', 'pending', '2025-05-21T15:09:25.827823+00:00', 9, 39, NULL);
INSERT INTO proposal (id, proposed_price, period, move_in_date, move_out_date, message, status, created_at, room_id, "custom_user_id", reviewed_by_id) VALUES (10, 1397.32, 'monthly', '2025-05-21', '2025-06-20', 'Gostaria de alugar por 1 mês.', 'pending', '2025-05-21T15:09:25.827823+00:00', 10, 3, NULL);
INSERT INTO proposal (id, proposed_price, period, move_in_date, move_out_date, message, status, created_at, room_id, "custom_user_id", reviewed_by_id) VALUES (11, 1034.48, 'monthly', '2025-05-21', '2025-06-20', 'Gostaria de alugar por 1 mês.', 'pending', '2025-05-21T15:09:25.827823+00:00', 11, 37, NULL);
INSERT INTO proposal (id, proposed_price, period, move_in_date, move_out_date, message, status, created_at, room_id, "custom_user_id", reviewed_by_id) VALUES (12, 842.52, 'monthly', '2025-05-21', '2025-06-20', 'Gostaria de alugar por 1 mês.', 'pending', '2025-05-21T15:09:25.827823+00:00', 12, 39, NULL);
INSERT INTO proposal (id, proposed_price, period, move_in_date, move_out_date, message, status, created_at, room_id, "custom_user_id", reviewed_by_id) VALUES (13, 1295.6, 'monthly', '2025-05-21', '2025-06-20', 'Gostaria de alugar por 1 mês.', 'pending', '2025-05-21T15:09:25.827823+00:00', 13, 17, NULL);
INSERT INTO proposal (id, proposed_price, period, move_in_date, move_out_date, message, status, created_at, room_id, "custom_user_id", reviewed_by_id) VALUES (14, 1524.36, 'monthly', '2025-05-21', '2025-06-20', 'Gostaria de alugar por 1 mês.', 'pending', '2025-05-21T15:09:25.827823+00:00', 14, 19, NULL);
INSERT INTO proposal (id, proposed_price, period, move_in_date, move_out_date, message, status, created_at, room_id, "custom_user_id", reviewed_by_id) VALUES (15, 1155.08, 'monthly', '2025-05-21', '2025-06-20', 'Gostaria de alugar por 1 mês.', 'pending', '2025-05-21T15:09:25.827823+00:00', 15, 3, NULL);
INSERT INTO proposal (id, proposed_price, period, move_in_date, move_out_date, message, status, created_at, room_id, "custom_user_id", reviewed_by_id) VALUES (16, 1259.4, 'monthly', '2025-05-21', '2025-06-20', 'Gostaria de alugar por 1 mês.', 'pending', '2025-05-21T15:09:25.827823+00:00', 16, 2, NULL);
INSERT INTO proposal (id, proposed_price, period, move_in_date, move_out_date, message, status, created_at, room_id, "custom_user_id", reviewed_by_id) VALUES (17, 876.16, 'monthly', '2025-05-21', '2025-06-20', 'Gostaria de alugar por 1 mês.', 'pending', '2025-05-21T15:09:25.827823+00:00', 17, 40, NULL);
INSERT INTO proposal (id, proposed_price, period, move_in_date, move_out_date, message, status, created_at, room_id, "custom_user_id", reviewed_by_id) VALUES (18, 1330.64, 'monthly', '2025-05-21', '2025-06-20', 'Gostaria de alugar por 1 mês.', 'pending', '2025-05-21T15:09:25.827823+00:00', 18, 25, NULL);
INSERT INTO proposal (id, proposed_price, period, move_in_date, move_out_date, message, status, created_at, room_id, "custom_user_id", reviewed_by_id) VALUES (19, 1458.36, 'monthly', '2025-05-21', '2025-06-20', 'Gostaria de alugar por 1 mês.', 'pending', '2025-05-21T15:09:25.827823+00:00', 19, 3, NULL);
INSERT INTO proposal (id, proposed_price, period, move_in_date, move_out_date, message, status, created_at, room_id, "custom_user_id", reviewed_by_id) VALUES (20, 1491.56, 'monthly', '2025-05-21', '2025-06-20', 'Gostaria de alugar por 1 mês.', 'pending', '2025-05-21T15:09:25.827823+00:00', 20, 33, NULL);
INSERT INTO proposal (id, proposed_price, period, move_in_date, move_out_date, message, status, created_at, room_id, "custom_user_id", reviewed_by_id) VALUES (21, 1014.24, 'monthly', '2025-05-21', '2025-06-20', 'Gostaria de alugar por 1 mês.', 'pending', '2025-05-21T15:09:25.827823+00:00', 21, 7, NULL);
INSERT INTO proposal (id, proposed_price, period, move_in_date, move_out_date, message, status, created_at, room_id, "custom_user_id", reviewed_by_id) VALUES (22, 1102.12, 'monthly', '2025-05-21', '2025-06-20', 'Gostaria de alugar por 1 mês.', 'pending', '2025-05-21T15:09:25.827823+00:00', 22, 6, NULL);
INSERT INTO proposal (id, proposed_price, period, move_in_date, move_out_date, message, status, created_at, room_id, "custom_user_id", reviewed_by_id) VALUES (23, 1057.4, 'monthly', '2025-05-21', '2025-06-20', 'Gostaria de alugar por 1 mês.', 'pending', '2025-05-21T15:09:25.827823+00:00', 23, 5, NULL);
INSERT INTO proposal (id, proposed_price, period, move_in_date, move_out_date, message, status, created_at, room_id, "custom_user_id", reviewed_by_id) VALUES (24, 1247.28, 'monthly', '2025-05-21', '2025-06-20', 'Gostaria de alugar por 1 mês.', 'pending', '2025-05-21T15:09:25.827823+00:00', 24, 19, NULL);
INSERT INTO proposal (id, proposed_price, period, move_in_date, move_out_date, message, status, created_at, room_id, "custom_user_id", reviewed_by_id) VALUES (25, 956.28, 'monthly', '2025-05-21', '2025-06-20', 'Gostaria de alugar por 1 mês.', 'pending', '2025-05-21T15:09:25.827823+00:00', 25, 2, NULL);
INSERT INTO proposal (id, proposed_price, period, move_in_date, move_out_date, message, status, created_at, room_id, "custom_user_id", reviewed_by_id) VALUES (26, 1543.2, 'monthly', '2025-05-21', '2025-06-20', 'Gostaria de alugar por 1 mês.', 'pending', '2025-05-21T15:09:25.827823+00:00', 26, 7, NULL);
INSERT INTO proposal (id, proposed_price, period, move_in_date, move_out_date, message, status, created_at, room_id, "custom_user_id", reviewed_by_id) VALUES (27, 895.12, 'monthly', '2025-05-21', '2025-06-20', 'Gostaria de alugar por 1 mês.', 'pending', '2025-05-21T15:09:25.827823+00:00', 27, 12, NULL);
INSERT INTO proposal (id, proposed_price, period, move_in_date, move_out_date, message, status, created_at, room_id, "custom_user_id", reviewed_by_id) VALUES (28, 1002.8399999999999, 'monthly', '2025-05-21', '2025-06-20', 'Gostaria de alugar por 1 mês.', 'pending', '2025-05-21T15:09:25.827823+00:00', 28, 5, NULL);
INSERT INTO proposal (id, proposed_price, period, move_in_date, move_out_date, message, status, created_at, room_id, "custom_user_id", reviewed_by_id) VALUES (29, 1210.64, 'monthly', '2025-05-21', '2025-06-20', 'Gostaria de alugar por 1 mês.', 'pending', '2025-05-21T15:09:25.827823+00:00', 29, 34, NULL);
INSERT INTO proposal (id, proposed_price, period, move_in_date, move_out_date, message, status, created_at, room_id, "custom_user_id", reviewed_by_id) VALUES (30, 816.28, 'monthly', '2025-05-21', '2025-06-20', 'Gostaria de alugar por 1 mês.', 'pending', '2025-05-21T15:09:25.827823+00:00', 30, 6, NULL);
INSERT INTO proposal (id, proposed_price, period, move_in_date, move_out_date, message, status, created_at, room_id, "custom_user_id", reviewed_by_id) VALUES (31, 859.72, 'monthly', '2025-05-21', '2025-06-20', 'Gostaria de alugar por 1 mês.', 'pending', '2025-05-21T15:09:25.827823+00:00', 31, 30, NULL);
INSERT INTO proposal (id, proposed_price, period, move_in_date, move_out_date, message, status, created_at, room_id, "custom_user_id", reviewed_by_id) VALUES (32, 1042.32, 'monthly', '2025-05-21', '2025-06-20', 'Gostaria de alugar por 1 mês.', 'pending', '2025-05-21T15:09:25.827823+00:00', 32, 19, NULL);
INSERT INTO proposal (id, proposed_price, period, move_in_date, move_out_date, message, status, created_at, room_id, "custom_user_id", reviewed_by_id) VALUES (33, 1139.6, 'monthly', '2025-05-21', '2025-06-20', 'Gostaria de alugar por 1 mês.', 'pending', '2025-05-21T15:09:25.827823+00:00', 33, 28, NULL);
INSERT INTO proposal (id, proposed_price, period, move_in_date, move_out_date, message, status, created_at, room_id, "custom_user_id", reviewed_by_id) VALUES (34, 1335.04, 'monthly', '2025-05-21', '2025-06-20', 'Gostaria de alugar por 1 mês.', 'pending', '2025-05-21T15:09:25.827823+00:00', 34, 8, NULL);
INSERT INTO proposal (id, proposed_price, period, move_in_date, move_out_date, message, status, created_at, room_id, "custom_user_id", reviewed_by_id) VALUES (35, 975.28, 'monthly', '2025-05-21', '2025-06-20', 'Gostaria de alugar por 1 mês.', 'pending', '2025-05-21T15:09:25.827823+00:00', 35, 39, NULL);
INSERT INTO proposal (id, proposed_price, period, move_in_date, move_out_date, message, status, created_at, room_id, "custom_user_id", reviewed_by_id) VALUES (36, 838.2, 'monthly', '2025-05-21', '2025-06-20', 'Gostaria de alugar por 1 mês.', 'pending', '2025-05-21T15:09:25.827823+00:00', 36, 11, NULL);
INSERT INTO proposal (id, proposed_price, period, move_in_date, move_out_date, message, status, created_at, room_id, "custom_user_id", reviewed_by_id) VALUES (37, 996.2, 'monthly', '2025-05-21', '2025-06-20', 'Gostaria de alugar por 1 mês.', 'pending', '2025-05-21T15:09:25.827823+00:00', 37, 18, NULL);
INSERT INTO proposal (id, proposed_price, period, move_in_date, move_out_date, message, status, created_at, room_id, "custom_user_id", reviewed_by_id) VALUES (38, 1003.8, 'monthly', '2025-05-21', '2025-06-20', 'Gostaria de alugar por 1 mês.', 'pending', '2025-05-21T15:09:25.827823+00:00', 38, 38, NULL);
INSERT INTO proposal (id, proposed_price, period, move_in_date, move_out_date, message, status, created_at, room_id, "custom_user_id", reviewed_by_id) VALUES (39, 1304.6, 'monthly', '2025-05-21', '2025-06-20', 'Gostaria de alugar por 1 mês.', 'pending', '2025-05-21T15:09:25.827823+00:00', 39, 32, NULL);
INSERT INTO proposal (id, proposed_price, period, move_in_date, move_out_date, message, status, created_at, room_id, "custom_user_id", reviewed_by_id) VALUES (40, 1291.64, 'monthly', '2025-05-21', '2025-06-20', 'Gostaria de alugar por 1 mês.', 'pending', '2025-05-21T15:09:25.827823+00:00', 40, 2, NULL);
INSERT INTO rental (id, start_date, end_date, created_at, proposal_id, room_id, "custom_user_id") VALUES (1, '2025-05-21', '2025-06-20', '2025-05-21T15:09:25.827823+00:00', 1, 1, 22);
INSERT INTO rental (id, start_date, end_date, created_at, proposal_id, room_id, "custom_user_id") VALUES (2, '2025-05-21', '2025-06-20', '2025-05-21T15:09:25.827823+00:00', 2, 2, 32);
INSERT INTO rental (id, start_date, end_date, created_at, proposal_id, room_id, "custom_user_id") VALUES (3, '2025-05-21', '2025-06-20', '2025-05-21T15:09:25.827823+00:00', 3, 3, 6);
INSERT INTO rental (id, start_date, end_date, created_at, proposal_id, room_id, "custom_user_id") VALUES (4, '2025-05-21', '2025-06-20', '2025-05-21T15:09:25.827823+00:00', 4, 4, 29);
INSERT INTO rental (id, start_date, end_date, created_at, proposal_id, room_id, "custom_user_id") VALUES (5, '2025-05-21', '2025-06-20', '2025-05-21T15:09:25.827823+00:00', 5, 5, 8);
INSERT INTO rental (id, start_date, end_date, created_at, proposal_id, room_id, "custom_user_id") VALUES (6, '2025-05-21', '2025-06-20', '2025-05-21T15:09:25.827823+00:00', 6, 6, 3);
INSERT INTO rental (id, start_date, end_date, created_at, proposal_id, room_id, "custom_user_id") VALUES (7, '2025-05-21', '2025-06-20', '2025-05-21T15:09:25.827823+00:00', 7, 7, 10);
INSERT INTO rental (id, start_date, end_date, created_at, proposal_id, room_id, "custom_user_id") VALUES (8, '2025-05-21', '2025-06-20', '2025-05-21T15:09:25.827823+00:00', 8, 8, 35);
INSERT INTO rental (id, start_date, end_date, created_at, proposal_id, room_id, "custom_user_id") VALUES (9, '2025-05-21', '2025-06-20', '2025-05-21T15:09:25.827823+00:00', 9, 9, 39);
INSERT INTO rental (id, start_date, end_date, created_at, proposal_id, room_id, "custom_user_id") VALUES (10, '2025-05-21', '2025-06-20', '2025-05-21T15:09:25.827823+00:00', 10, 10, 3);
INSERT INTO rental (id, start_date, end_date, created_at, proposal_id, room_id, "custom_user_id") VALUES (11, '2025-05-21', '2025-06-20', '2025-05-21T15:09:25.827823+00:00', 11, 11, 37);
INSERT INTO rental (id, start_date, end_date, created_at, proposal_id, room_id, "custom_user_id") VALUES (12, '2025-05-21', '2025-06-20', '2025-05-21T15:09:25.827823+00:00', 12, 12, 39);
INSERT INTO rental (id, start_date, end_date, created_at, proposal_id, room_id, "custom_user_id") VALUES (13, '2025-05-21', '2025-06-20', '2025-05-21T15:09:25.827823+00:00', 13, 13, 17);
INSERT INTO rental (id, start_date, end_date, created_at, proposal_id, room_id, "custom_user_id") VALUES (14, '2025-05-21', '2025-06-20', '2025-05-21T15:09:25.827823+00:00', 14, 14, 19);
INSERT INTO rental (id, start_date, end_date, created_at, proposal_id, room_id, "custom_user_id") VALUES (15, '2025-05-21', '2025-06-20', '2025-05-21T15:09:25.827823+00:00', 15, 15, 3);
INSERT INTO rental (id, start_date, end_date, created_at, proposal_id, room_id, "custom_user_id") VALUES (16, '2025-05-21', '2025-06-20', '2025-05-21T15:09:25.827823+00:00', 16, 16, 2);
INSERT INTO rental (id, start_date, end_date, created_at, proposal_id, room_id, "custom_user_id") VALUES (17, '2025-05-21', '2025-06-20', '2025-05-21T15:09:25.827823+00:00', 17, 17, 40);
INSERT INTO rental (id, start_date, end_date, created_at, proposal_id, room_id, "custom_user_id") VALUES (18, '2025-05-21', '2025-06-20', '2025-05-21T15:09:25.827823+00:00', 18, 18, 25);
INSERT INTO rental (id, start_date, end_date, created_at, proposal_id, room_id, "custom_user_id") VALUES (19, '2025-05-21', '2025-06-20', '2025-05-21T15:09:25.827823+00:00', 19, 19, 3);
INSERT INTO rental (id, start_date, end_date, created_at, proposal_id, room_id, "custom_user_id") VALUES (20, '2025-05-21', '2025-06-20', '2025-05-21T15:09:25.827823+00:00', 20, 20, 33);
INSERT INTO rental (id, start_date, end_date, created_at, proposal_id, room_id, "custom_user_id") VALUES (21, '2025-05-21', '2025-06-20', '2025-05-21T15:09:25.827823+00:00', 21, 21, 7);
INSERT INTO rental (id, start_date, end_date, created_at, proposal_id, room_id, "custom_user_id") VALUES (22, '2025-05-21', '2025-06-20', '2025-05-21T15:09:25.827823+00:00', 22, 22, 6);
INSERT INTO rental (id, start_date, end_date, created_at, proposal_id, room_id, "custom_user_id") VALUES (23, '2025-05-21', '2025-06-20', '2025-05-21T15:09:25.827823+00:00', 23, 23, 5);
INSERT INTO rental (id, start_date, end_date, created_at, proposal_id, room_id, "custom_user_id") VALUES (24, '2025-05-21', '2025-06-20', '2025-05-21T15:09:25.827823+00:00', 24, 24, 19);
INSERT INTO rental (id, start_date, end_date, created_at, proposal_id, room_id, "custom_user_id") VALUES (25, '2025-05-21', '2025-06-20', '2025-05-21T15:09:25.827823+00:00', 25, 25, 2);
INSERT INTO rental (id, start_date, end_date, created_at, proposal_id, room_id, "custom_user_id") VALUES (26, '2025-05-21', '2025-06-20', '2025-05-21T15:09:25.827823+00:00', 26, 26, 7);
INSERT INTO rental (id, start_date, end_date, created_at, proposal_id, room_id, "custom_user_id") VALUES (27, '2025-05-21', '2025-06-20', '2025-05-21T15:09:25.827823+00:00', 27, 27, 12);
INSERT INTO rental (id, start_date, end_date, created_at, proposal_id, room_id, "custom_user_id") VALUES (28, '2025-05-21', '2025-06-20', '2025-05-21T15:09:25.827823+00:00', 28, 28, 5);
INSERT INTO rental (id, start_date, end_date, created_at, proposal_id, room_id, "custom_user_id") VALUES (29, '2025-05-21', '2025-06-20', '2025-05-21T15:09:25.827823+00:00', 29, 29, 34);
INSERT INTO rental (id, start_date, end_date, created_at, proposal_id, room_id, "custom_user_id") VALUES (30, '2025-05-21', '2025-06-20', '2025-05-21T15:09:25.827823+00:00', 30, 30, 6);
INSERT INTO rental (id, start_date, end_date, created_at, proposal_id, room_id, "custom_user_id") VALUES (31, '2025-05-21', '2025-06-20', '2025-05-21T15:09:25.827823+00:00', 31, 31, 30);
INSERT INTO rental (id, start_date, end_date, created_at, proposal_id, room_id, "custom_user_id") VALUES (32, '2025-05-21', '2025-06-20', '2025-05-21T15:09:25.827823+00:00', 32, 32, 19);
INSERT INTO rental (id, start_date, end_date, created_at, proposal_id, room_id, "custom_user_id") VALUES (33, '2025-05-21', '2025-06-20', '2025-05-21T15:09:25.827823+00:00', 33, 33, 28);
INSERT INTO rental (id, start_date, end_date, created_at, proposal_id, room_id, "custom_user_id") VALUES (34, '2025-05-21', '2025-06-20', '2025-05-21T15:09:25.827823+00:00', 34, 34, 8);
INSERT INTO rental (id, start_date, end_date, created_at, proposal_id, room_id, "custom_user_id") VALUES (35, '2025-05-21', '2025-06-20', '2025-05-21T15:09:25.827823+00:00', 35, 35, 39);
INSERT INTO rental (id, start_date, end_date, created_at, proposal_id, room_id, "custom_user_id") VALUES (36, '2025-05-21', '2025-06-20', '2025-05-21T15:09:25.827823+00:00', 36, 36, 11);
INSERT INTO rental (id, start_date, end_date, created_at, proposal_id, room_id, "custom_user_id") VALUES (37, '2025-05-21', '2025-06-20', '2025-05-21T15:09:25.827823+00:00', 37, 37, 18);
INSERT INTO rental (id, start_date, end_date, created_at, proposal_id, room_id, "custom_user_id") VALUES (38, '2025-05-21', '2025-06-20', '2025-05-21T15:09:25.827823+00:00', 38, 38, 38);
INSERT INTO rental (id, start_date, end_date, created_at, proposal_id, room_id, "custom_user_id") VALUES (39, '2025-05-21', '2025-06-20', '2025-05-21T15:09:25.827823+00:00', 39, 39, 32);
INSERT INTO rental (id, start_date, end_date, created_at, proposal_id, room_id, "custom_user_id") VALUES (40, '2025-05-21', '2025-06-20', '2025-05-21T15:09:25.827823+00:00', 40, 40, 2);
INSERT INTO property_manager (id, property_id, "custom_user_id") VALUES (1, 1, 8);
INSERT INTO property_manager (id, property_id, "custom_user_id") VALUES (2, 2, 20);
INSERT INTO property_manager (id, property_id, "custom_user_id") VALUES (3, 3, 14);
INSERT INTO property_manager (id, property_id, "custom_user_id") VALUES (4, 4, 10);
INSERT INTO property_manager (id, property_id, "custom_user_id") VALUES (5, 5, 1);
INSERT INTO property_manager (id, property_id, "custom_user_id") VALUES (6, 6, 29);
INSERT INTO property_manager (id, property_id, "custom_user_id") VALUES (7, 7, 2);
INSERT INTO property_manager (id, property_id, "custom_user_id") VALUES (8, 8, 3);
INSERT INTO property_manager (id, property_id, "custom_user_id") VALUES (9, 9, 40);
INSERT INTO property_manager (id, property_id, "custom_user_id") VALUES (10, 10, 34);
INSERT INTO property_manager (id, property_id, "custom_user_id") VALUES (11, 11, 33);
INSERT INTO property_manager (id, property_id, "custom_user_id") VALUES (12, 12, 8);
INSERT INTO property_manager (id, property_id, "custom_user_id") VALUES (13, 13, 39);
INSERT INTO property_manager (id, property_id, "custom_user_id") VALUES (14, 14, 20);
INSERT INTO property_manager (id, property_id, "custom_user_id") VALUES (15, 15, 20);
INSERT INTO property_manager (id, property_id, "custom_user_id") VALUES (16, 16, 18);
INSERT INTO property_manager (id, property_id, "custom_user_id") VALUES (17, 17, 40);
INSERT INTO property_manager (id, property_id, "custom_user_id") VALUES (18, 18, 1);
INSERT INTO property_manager (id, property_id, "custom_user_id") VALUES (19, 19, 19);
INSERT INTO property_manager (id, property_id, "custom_user_id") VALUES (20, 20, 36);

COMMIT;
