--
-- PostgreSQL database dump
--

-- Dumped from database version 16.9 (Ubuntu 16.9-0ubuntu0.24.04.1)
-- Dumped by pg_dump version 16.9 (Ubuntu 16.9-0ubuntu0.24.04.1)

SET statement_timeout = 0;
SET lock_timeout = 0;
SET idle_in_transaction_session_timeout = 0;
SET client_encoding = 'UTF8';
SET standard_conforming_strings = on;
SELECT pg_catalog.set_config('search_path', '', false);
SET check_function_bodies = false;
SET xmloption = content;
SET client_min_messages = warning;
SET row_security = off;

SET default_tablespace = '';

SET default_table_access_method = heap;

--
-- Name: address; Type: TABLE; Schema: public; Owner: postgres
--

CREATE TABLE public.address (
    id bigint NOT NULL,
    street character varying(255) NOT NULL,
    number character varying(20) NOT NULL,
    complement character varying(255),
    neighborhood character varying(255) NOT NULL,
    city character varying(255) NOT NULL,
    state character varying(2) NOT NULL,
    zip_code character varying(15) NOT NULL
);


ALTER TABLE public.address OWNER TO postgres;

--
-- Name: address_id_seq; Type: SEQUENCE; Schema: public; Owner: postgres
--

ALTER TABLE public.address ALTER COLUMN id ADD GENERATED BY DEFAULT AS IDENTITY (
    SEQUENCE NAME public.address_id_seq
    START WITH 1
    INCREMENT BY 1
    NO MINVALUE
    NO MAXVALUE
    CACHE 1
);


--
-- Name: auth_group; Type: TABLE; Schema: public; Owner: postgres
--

CREATE TABLE public.auth_group (
    id integer NOT NULL,
    name character varying(150) NOT NULL
);


ALTER TABLE public.auth_group OWNER TO postgres;

--
-- Name: auth_group_id_seq; Type: SEQUENCE; Schema: public; Owner: postgres
--

ALTER TABLE public.auth_group ALTER COLUMN id ADD GENERATED BY DEFAULT AS IDENTITY (
    SEQUENCE NAME public.auth_group_id_seq
    START WITH 1
    INCREMENT BY 1
    NO MINVALUE
    NO MAXVALUE
    CACHE 1
);


--
-- Name: auth_group_permissions; Type: TABLE; Schema: public; Owner: postgres
--

CREATE TABLE public.auth_group_permissions (
    id bigint NOT NULL,
    group_id integer NOT NULL,
    permission_id integer NOT NULL
);


ALTER TABLE public.auth_group_permissions OWNER TO postgres;

--
-- Name: auth_group_permissions_id_seq; Type: SEQUENCE; Schema: public; Owner: postgres
--

ALTER TABLE public.auth_group_permissions ALTER COLUMN id ADD GENERATED BY DEFAULT AS IDENTITY (
    SEQUENCE NAME public.auth_group_permissions_id_seq
    START WITH 1
    INCREMENT BY 1
    NO MINVALUE
    NO MAXVALUE
    CACHE 1
);


--
-- Name: auth_permission; Type: TABLE; Schema: public; Owner: postgres
--

CREATE TABLE public.auth_permission (
    id integer NOT NULL,
    name character varying(255) NOT NULL,
    content_type_id integer NOT NULL,
    codename character varying(100) NOT NULL
);


ALTER TABLE public.auth_permission OWNER TO postgres;

--
-- Name: auth_permission_id_seq; Type: SEQUENCE; Schema: public; Owner: postgres
--

ALTER TABLE public.auth_permission ALTER COLUMN id ADD GENERATED BY DEFAULT AS IDENTITY (
    SEQUENCE NAME public.auth_permission_id_seq
    START WITH 1
    INCREMENT BY 1
    NO MINVALUE
    NO MAXVALUE
    CACHE 1
);


--
-- Name: auth_user; Type: TABLE; Schema: public; Owner: postgres
--

CREATE TABLE public.auth_user (
    id integer NOT NULL,
    password character varying(128) NOT NULL,
    last_login timestamp with time zone,
    is_superuser boolean NOT NULL,
    username character varying(150) NOT NULL,
    first_name character varying(150) NOT NULL,
    last_name character varying(150) NOT NULL,
    email character varying(254) NOT NULL,
    is_staff boolean NOT NULL,
    is_active boolean NOT NULL,
    date_joined timestamp with time zone NOT NULL
);


ALTER TABLE public.auth_user OWNER TO postgres;

--
-- Name: auth_user_groups; Type: TABLE; Schema: public; Owner: postgres
--

CREATE TABLE public.auth_user_groups (
    id bigint NOT NULL,
    user_id integer NOT NULL,
    group_id integer NOT NULL
);


ALTER TABLE public.auth_user_groups OWNER TO postgres;

--
-- Name: auth_user_groups_id_seq; Type: SEQUENCE; Schema: public; Owner: postgres
--

ALTER TABLE public.auth_user_groups ALTER COLUMN id ADD GENERATED BY DEFAULT AS IDENTITY (
    SEQUENCE NAME public.auth_user_groups_id_seq
    START WITH 1
    INCREMENT BY 1
    NO MINVALUE
    NO MAXVALUE
    CACHE 1
);


--
-- Name: auth_user_id_seq; Type: SEQUENCE; Schema: public; Owner: postgres
--

ALTER TABLE public.auth_user ALTER COLUMN id ADD GENERATED BY DEFAULT AS IDENTITY (
    SEQUENCE NAME public.auth_user_id_seq
    START WITH 1
    INCREMENT BY 1
    NO MINVALUE
    NO MAXVALUE
    CACHE 1
);


--
-- Name: auth_user_user_permissions; Type: TABLE; Schema: public; Owner: postgres
--

CREATE TABLE public.auth_user_user_permissions (
    id bigint NOT NULL,
    user_id integer NOT NULL,
    permission_id integer NOT NULL
);


ALTER TABLE public.auth_user_user_permissions OWNER TO postgres;

--
-- Name: auth_user_user_permissions_id_seq; Type: SEQUENCE; Schema: public; Owner: postgres
--

ALTER TABLE public.auth_user_user_permissions ALTER COLUMN id ADD GENERATED BY DEFAULT AS IDENTITY (
    SEQUENCE NAME public.auth_user_user_permissions_id_seq
    START WITH 1
    INCREMENT BY 1
    NO MINVALUE
    NO MAXVALUE
    CACHE 1
);


--
-- Name: destination; Type: TABLE; Schema: public; Owner: postgres
--

CREATE TABLE public.destination (
    id bigint NOT NULL,
    name character varying(255) NOT NULL,
    country_id character varying(2) NOT NULL,
    destination_type character varying(2) NOT NULL,
    parent_destination_id integer,
    image_url character varying(200),
    latitude double precision,
    longitude double precision
);


ALTER TABLE public.destination OWNER TO postgres;

--
-- Name: destination_id_seq; Type: SEQUENCE; Schema: public; Owner: postgres
--

ALTER TABLE public.destination ALTER COLUMN id ADD GENERATED BY DEFAULT AS IDENTITY (
    SEQUENCE NAME public.destination_id_seq
    START WITH 1
    INCREMENT BY 1
    NO MINVALUE
    NO MAXVALUE
    CACHE 1
);


--
-- Name: django_admin_log; Type: TABLE; Schema: public; Owner: postgres
--

CREATE TABLE public.django_admin_log (
    id integer NOT NULL,
    action_time timestamp with time zone NOT NULL,
    object_id text,
    object_repr character varying(200) NOT NULL,
    action_flag smallint NOT NULL,
    change_message text NOT NULL,
    content_type_id integer,
    user_id integer NOT NULL,
    CONSTRAINT django_admin_log_action_flag_check CHECK ((action_flag >= 0))
);


ALTER TABLE public.django_admin_log OWNER TO postgres;

--
-- Name: django_admin_log_id_seq; Type: SEQUENCE; Schema: public; Owner: postgres
--

ALTER TABLE public.django_admin_log ALTER COLUMN id ADD GENERATED BY DEFAULT AS IDENTITY (
    SEQUENCE NAME public.django_admin_log_id_seq
    START WITH 1
    INCREMENT BY 1
    NO MINVALUE
    NO MAXVALUE
    CACHE 1
);


--
-- Name: django_content_type; Type: TABLE; Schema: public; Owner: postgres
--

CREATE TABLE public.django_content_type (
    id integer NOT NULL,
    app_label character varying(100) NOT NULL,
    model character varying(100) NOT NULL
);


ALTER TABLE public.django_content_type OWNER TO postgres;

--
-- Name: django_content_type_id_seq; Type: SEQUENCE; Schema: public; Owner: postgres
--

ALTER TABLE public.django_content_type ALTER COLUMN id ADD GENERATED BY DEFAULT AS IDENTITY (
    SEQUENCE NAME public.django_content_type_id_seq
    START WITH 1
    INCREMENT BY 1
    NO MINVALUE
    NO MAXVALUE
    CACHE 1
);


--
-- Name: django_migrations; Type: TABLE; Schema: public; Owner: postgres
--

CREATE TABLE public.django_migrations (
    id bigint NOT NULL,
    app character varying(255) NOT NULL,
    name character varying(255) NOT NULL,
    applied timestamp with time zone NOT NULL
);


ALTER TABLE public.django_migrations OWNER TO postgres;

--
-- Name: django_migrations_id_seq; Type: SEQUENCE; Schema: public; Owner: postgres
--

ALTER TABLE public.django_migrations ALTER COLUMN id ADD GENERATED BY DEFAULT AS IDENTITY (
    SEQUENCE NAME public.django_migrations_id_seq
    START WITH 1
    INCREMENT BY 1
    NO MINVALUE
    NO MAXVALUE
    CACHE 1
);


--
-- Name: django_session; Type: TABLE; Schema: public; Owner: postgres
--

CREATE TABLE public.django_session (
    session_key character varying(40) NOT NULL,
    session_data text NOT NULL,
    expire_date timestamp with time zone NOT NULL
);


ALTER TABLE public.django_session OWNER TO postgres;

--
-- Name: feature; Type: TABLE; Schema: public; Owner: postgres
--

CREATE TABLE public.feature (
    id bigint NOT NULL,
    name character varying(100) NOT NULL
);


ALTER TABLE public.feature OWNER TO postgres;

--
-- Name: feature_id_seq; Type: SEQUENCE; Schema: public; Owner: postgres
--

ALTER TABLE public.feature ALTER COLUMN id ADD GENERATED BY DEFAULT AS IDENTITY (
    SEQUENCE NAME public.feature_id_seq
    START WITH 1
    INCREMENT BY 1
    NO MINVALUE
    NO MAXVALUE
    CACHE 1
);


--
-- Name: pagoumorou_roomprice; Type: TABLE; Schema: public; Owner: postgres
--

CREATE TABLE public.pagoumorou_roomprice (
    id bigint NOT NULL,
    period character varying(10) NOT NULL,
    price numeric(10,2) NOT NULL,
    room_id bigint NOT NULL
);


ALTER TABLE public.pagoumorou_roomprice OWNER TO postgres;

--
-- Name: pagoumorou_roomprice_id_seq; Type: SEQUENCE; Schema: public; Owner: postgres
--

ALTER TABLE public.pagoumorou_roomprice ALTER COLUMN id ADD GENERATED BY DEFAULT AS IDENTITY (
    SEQUENCE NAME public.pagoumorou_roomprice_id_seq
    START WITH 1
    INCREMENT BY 1
    NO MINVALUE
    NO MAXVALUE
    CACHE 1
);


--
-- Name: profile; Type: TABLE; Schema: public; Owner: postgres
--

CREATE TABLE public.profile (
    id bigint NOT NULL,
    name character varying(255) NOT NULL,
    birth_date date NOT NULL,
    gender character varying(10),
    role character varying(10) NOT NULL,
    address_id bigint,
    user_id integer,
    cpf character varying(11)
);


ALTER TABLE public.profile OWNER TO postgres;

--
-- Name: profile_id_seq; Type: SEQUENCE; Schema: public; Owner: postgres
--

ALTER TABLE public.profile ALTER COLUMN id ADD GENERATED BY DEFAULT AS IDENTITY (
    SEQUENCE NAME public.profile_id_seq
    START WITH 1
    INCREMENT BY 1
    NO MINVALUE
    NO MAXVALUE
    CACHE 1
);


--
-- Name: property; Type: TABLE; Schema: public; Owner: postgres
--

CREATE TABLE public.property (
    id bigint NOT NULL,
    name character varying(255) NOT NULL,
    type character varying(20) NOT NULL,
    rules text NOT NULL,
    address_id bigint,
    destination_id bigint NOT NULL,
    description text
);


ALTER TABLE public.property OWNER TO postgres;

--
-- Name: property_id_seq; Type: SEQUENCE; Schema: public; Owner: postgres
--

ALTER TABLE public.property ALTER COLUMN id ADD GENERATED BY DEFAULT AS IDENTITY (
    SEQUENCE NAME public.property_id_seq
    START WITH 1
    INCREMENT BY 1
    NO MINVALUE
    NO MAXVALUE
    CACHE 1
);


--
-- Name: property_manager; Type: TABLE; Schema: public; Owner: postgres
--

CREATE TABLE public.property_manager (
    id bigint NOT NULL,
    profile_id bigint NOT NULL,
    property_id bigint NOT NULL
);


ALTER TABLE public.property_manager OWNER TO postgres;

--
-- Name: property_manager_id_seq; Type: SEQUENCE; Schema: public; Owner: postgres
--

ALTER TABLE public.property_manager ALTER COLUMN id ADD GENERATED BY DEFAULT AS IDENTITY (
    SEQUENCE NAME public.property_manager_id_seq
    START WITH 1
    INCREMENT BY 1
    NO MINVALUE
    NO MAXVALUE
    CACHE 1
);


--
-- Name: proposal; Type: TABLE; Schema: public; Owner: postgres
--

CREATE TABLE public.proposal (
    id bigint NOT NULL,
    proposed_price numeric(10,2) NOT NULL,
    period character varying(10) NOT NULL,
    move_in_date date NOT NULL,
    move_out_date date NOT NULL,
    message text NOT NULL,
    status character varying(10) NOT NULL,
    created_at timestamp with time zone NOT NULL,
    profile_id bigint NOT NULL,
    reviewed_by_id bigint,
    room_id bigint NOT NULL
);


ALTER TABLE public.proposal OWNER TO postgres;

--
-- Name: proposal_id_seq; Type: SEQUENCE; Schema: public; Owner: postgres
--

ALTER TABLE public.proposal ALTER COLUMN id ADD GENERATED BY DEFAULT AS IDENTITY (
    SEQUENCE NAME public.proposal_id_seq
    START WITH 1
    INCREMENT BY 1
    NO MINVALUE
    NO MAXVALUE
    CACHE 1
);


--
-- Name: rental; Type: TABLE; Schema: public; Owner: postgres
--

CREATE TABLE public.rental (
    id bigint NOT NULL,
    start_date date,
    end_date date,
    period character varying(10) NOT NULL,
    expected_start_date date,
    expected_end_date date,
    created_at timestamp with time zone NOT NULL,
    profile_id bigint NOT NULL,
    proposal_id bigint NOT NULL,
    room_id bigint NOT NULL
);


ALTER TABLE public.rental OWNER TO postgres;

--
-- Name: rental_id_seq; Type: SEQUENCE; Schema: public; Owner: postgres
--

ALTER TABLE public.rental ALTER COLUMN id ADD GENERATED BY DEFAULT AS IDENTITY (
    SEQUENCE NAME public.rental_id_seq
    START WITH 1
    INCREMENT BY 1
    NO MINVALUE
    NO MAXVALUE
    CACHE 1
);


--
-- Name: room; Type: TABLE; Schema: public; Owner: postgres
--

CREATE TABLE public.room (
    id bigint NOT NULL,
    room_number character varying(50) NOT NULL,
    capacity integer NOT NULL,
    shared boolean NOT NULL,
    property_id bigint NOT NULL,
    accept_men boolean NOT NULL,
    accept_women boolean NOT NULL,
    available_from timestamp with time zone NOT NULL,
    available_now boolean NOT NULL,
    description text,
    rules text
);


ALTER TABLE public.room OWNER TO postgres;

--
-- Name: room_feature; Type: TABLE; Schema: public; Owner: postgres
--

CREATE TABLE public.room_feature (
    id bigint NOT NULL,
    feature_id bigint NOT NULL,
    room_id bigint NOT NULL
);


ALTER TABLE public.room_feature OWNER TO postgres;

--
-- Name: room_feature_id_seq; Type: SEQUENCE; Schema: public; Owner: postgres
--

ALTER TABLE public.room_feature ALTER COLUMN id ADD GENERATED BY DEFAULT AS IDENTITY (
    SEQUENCE NAME public.room_feature_id_seq
    START WITH 1
    INCREMENT BY 1
    NO MINVALUE
    NO MAXVALUE
    CACHE 1
);


--
-- Name: room_id_seq; Type: SEQUENCE; Schema: public; Owner: postgres
--

ALTER TABLE public.room ALTER COLUMN id ADD GENERATED BY DEFAULT AS IDENTITY (
    SEQUENCE NAME public.room_id_seq
    START WITH 1
    INCREMENT BY 1
    NO MINVALUE
    NO MAXVALUE
    CACHE 1
);


--
-- Name: room_photo; Type: TABLE; Schema: public; Owner: postgres
--

CREATE TABLE public.room_photo (
    id bigint NOT NULL,
    url character varying(200) NOT NULL,
    room_id bigint NOT NULL
);


ALTER TABLE public.room_photo OWNER TO postgres;

--
-- Name: room_photo_id_seq; Type: SEQUENCE; Schema: public; Owner: postgres
--

ALTER TABLE public.room_photo ALTER COLUMN id ADD GENERATED BY DEFAULT AS IDENTITY (
    SEQUENCE NAME public.room_photo_id_seq
    START WITH 1
    INCREMENT BY 1
    NO MINVALUE
    NO MAXVALUE
    CACHE 1
);


--
-- Data for Name: address; Type: TABLE DATA; Schema: public; Owner: postgres
--

COPY public.address (id, street, number, complement, neighborhood, city, state, zip_code) FROM stdin;
1	Rua Nova Palmeira	615	Bloco 6, apto 14	Vila Silvia	São Paulo	SP	03821010
2	Rua Apaura	90	\N	Vila Silvia	São Paulo	SP	08010-000
3	Av Antonio Carlos	7700	\N	Liberdade	Belo Horizonte	MG	30672360
\.


--
-- Data for Name: auth_group; Type: TABLE DATA; Schema: public; Owner: postgres
--

COPY public.auth_group (id, name) FROM stdin;
\.


--
-- Data for Name: auth_group_permissions; Type: TABLE DATA; Schema: public; Owner: postgres
--

COPY public.auth_group_permissions (id, group_id, permission_id) FROM stdin;
\.


--
-- Data for Name: auth_permission; Type: TABLE DATA; Schema: public; Owner: postgres
--

COPY public.auth_permission (id, name, content_type_id, codename) FROM stdin;
1	Can add log entry	1	add_logentry
2	Can change log entry	1	change_logentry
3	Can delete log entry	1	delete_logentry
4	Can view log entry	1	view_logentry
5	Can add permission	2	add_permission
6	Can change permission	2	change_permission
7	Can delete permission	2	delete_permission
8	Can view permission	2	view_permission
9	Can add group	3	add_group
10	Can change group	3	change_group
11	Can delete group	3	delete_group
12	Can view group	3	view_group
13	Can add user	4	add_user
14	Can change user	4	change_user
15	Can delete user	4	delete_user
16	Can view user	4	view_user
17	Can add content type	5	add_contenttype
18	Can change content type	5	change_contenttype
19	Can delete content type	5	delete_contenttype
20	Can view content type	5	view_contenttype
21	Can add session	6	add_session
22	Can change session	6	change_session
23	Can delete session	6	delete_session
24	Can view session	6	view_session
25	Can add destination	7	add_destination
26	Can change destination	7	change_destination
27	Can delete destination	7	delete_destination
28	Can view destination	7	view_destination
29	Can add feature	8	add_feature
30	Can change feature	8	change_feature
31	Can delete feature	8	delete_feature
32	Can view feature	8	view_feature
33	Can add property	9	add_property
34	Can change property	9	change_property
35	Can delete property	9	delete_property
36	Can view property	9	view_property
37	Can add property manager	10	add_propertymanager
38	Can change property manager	10	change_propertymanager
39	Can delete property manager	10	delete_propertymanager
40	Can view property manager	10	view_propertymanager
41	Can add proposal	11	add_proposal
42	Can change proposal	11	change_proposal
43	Can delete proposal	11	delete_proposal
44	Can view proposal	11	view_proposal
45	Can add room	12	add_room
46	Can change room	12	change_room
47	Can delete room	12	delete_room
48	Can view room	12	view_room
49	Can add rental	13	add_rental
50	Can change rental	13	change_rental
51	Can delete rental	13	delete_rental
52	Can view rental	13	view_rental
53	Can add room feature	14	add_roomfeature
54	Can change room feature	14	change_roomfeature
55	Can delete room feature	14	delete_roomfeature
56	Can view room feature	14	view_roomfeature
57	Can add room photo	15	add_roomphoto
58	Can change room photo	15	change_roomphoto
59	Can delete room photo	15	delete_roomphoto
60	Can view room photo	15	view_roomphoto
61	Can add address	16	add_address
62	Can change address	16	change_address
63	Can delete address	16	delete_address
64	Can view address	16	view_address
65	Can add profile	17	add_profile
66	Can change profile	17	change_profile
67	Can delete profile	17	delete_profile
68	Can view profile	17	view_profile
69	Can add room price	18	add_roomprice
70	Can change room price	18	change_roomprice
71	Can delete room price	18	delete_roomprice
72	Can view room price	18	view_roomprice
\.


--
-- Data for Name: auth_user; Type: TABLE DATA; Schema: public; Owner: postgres
--

COPY public.auth_user (id, password, last_login, is_superuser, username, first_name, last_name, email, is_staff, is_active, date_joined) FROM stdin;
1	pbkdf2_sha256$1000000$T6iFTl47CyF72p4bpwcVIH$tDUIln0OPde1e8yzteMEicRo1J3DoWO2LMLmLn+B/3g=	\N	f	gabriel.ribeiro			gabrielribeiro@email.com	f	t	2025-05-30 14:19:44.760311-03
2	pbkdf2_sha256$1000000$Cabk8JvfeELIQsbkBH4ZVR$bnjrp94Qs6KfknzbmfC9j8SefOfR2mYfTNjFmjNFyHc=	2025-06-21 16:00:39.120984-03	t	admin				t	t	2025-06-21 16:00:28.532638-03
3		\N	f	gabriel.ribeiro@amopromo.com	gabriel ribeiro		gabriel.ribeiro@amopromo.com	f	t	2025-06-21 18:54:32.304096-03
4		\N	f	isabelgoncalves@gmail.com	isabel gonçalves		isabelgoncalves@gmail.com	f	t	2025-06-21 19:30:55.375889-03
5		\N	f	gabrielgoncalves310503@gmail.com	valdeci		gabrielgoncalves310503@gmail.com	f	t	2025-06-21 19:33:25.662002-03
\.


--
-- Data for Name: auth_user_groups; Type: TABLE DATA; Schema: public; Owner: postgres
--

COPY public.auth_user_groups (id, user_id, group_id) FROM stdin;
\.


--
-- Data for Name: auth_user_user_permissions; Type: TABLE DATA; Schema: public; Owner: postgres
--

COPY public.auth_user_user_permissions (id, user_id, permission_id) FROM stdin;
\.


--
-- Data for Name: destination; Type: TABLE DATA; Schema: public; Owner: postgres
--

COPY public.destination (id, name, country_id, destination_type, parent_destination_id, image_url, latitude, longitude) FROM stdin;
2	UFMG	BR	PL	\N	\N	\N	\N
1	USP Leste	BR	PL	\N	\N	-23.4854987	-46.5005576
3	UNICAMP	BR	PL	\N	\N	\N	\N
\.


--
-- Data for Name: django_admin_log; Type: TABLE DATA; Schema: public; Owner: postgres
--

COPY public.django_admin_log (id, action_time, object_id, object_repr, action_flag, change_message, content_type_id, user_id) FROM stdin;
1	2025-06-21 16:11:22.101332-03	1	Room 101 - Pensão USP Leste	2	[{"changed": {"fields": ["Accept women"]}}]	12	2
2	2025-06-21 17:31:27.062954-03	1	Pensão USP Leste (Boarding House)	2	[{"changed": {"fields": ["Description"]}}]	9	2
3	2025-06-21 19:29:30.615923-03	10	RoomPrice object (10)	2	[{"changed": {"fields": ["Period"]}}]	18	2
4	2025-06-21 20:35:53.164401-03	2	República EACH (Republic)	1	[{"added": {}}]	9	2
5	2025-06-21 20:36:03.814733-03	2	República EACH (Republic)	2	[{"changed": {"fields": ["Rules"]}}]	9	2
6	2025-06-21 20:36:23.428592-03	6	Room 101 - República EACH	2	[{"changed": {"fields": ["Room number", "Property"]}}]	12	2
7	2025-06-21 20:36:30.667568-03	7	Room 102 - República EACH	2	[{"changed": {"fields": ["Room number", "Property"]}}]	12	2
8	2025-06-21 20:36:37.731402-03	8	Room 103 - República EACH	2	[{"changed": {"fields": ["Room number", "Property"]}}]	12	2
9	2025-06-21 20:36:45.871921-03	9	Room 104 - República EACH	2	[{"changed": {"fields": ["Room number", "Property"]}}]	12	2
10	2025-06-21 20:36:54.155755-03	10	Room 105 - República EACH	2	[{"changed": {"fields": ["Room number", "Property"]}}]	12	2
11	2025-06-21 20:38:12.881268-03	6	Photo of República EACH (Republic) 101	2	[{"changed": {"fields": ["Url"]}}]	15	2
12	2025-06-21 20:38:27.065762-03	7	Photo of República EACH (Republic) 102	2	[{"changed": {"fields": ["Url"]}}]	15	2
13	2025-06-21 20:38:32.023355-03	8	Photo of República EACH (Republic) 103	2	[{"changed": {"fields": ["Url"]}}]	15	2
14	2025-06-21 20:38:37.320232-03	9	Photo of República EACH (Republic) 104	2	[{"changed": {"fields": ["Url"]}}]	15	2
15	2025-06-21 20:38:41.674384-03	10	Photo of República EACH (Republic) 105	2	[{"changed": {"fields": ["Url"]}}]	15	2
16	2025-06-21 20:39:07.317955-03	5	Room 105 - Pensão USP Leste	2	[{"changed": {"fields": ["Accept men", "Accept women"]}}]	12	2
17	2025-06-21 20:39:11.78324-03	4	Room 104 - Pensão USP Leste	2	[{"changed": {"fields": ["Accept men", "Accept women"]}}]	12	2
18	2025-06-21 20:40:47.676933-03	3	Av Antonio Carlos, 7700 - Belo Horizonte/MG	1	[{"added": {}}]	16	2
19	2025-06-21 20:41:31.758188-03	3	República UFMG (Republic)	1	[{"added": {}}]	9	2
20	2025-06-21 20:41:52.25601-03	2	UFMG (City)	1	[{"added": {}}]	7	2
21	2025-06-21 20:41:59.62161-03	2	UFMG (Neighborhood)	2	[{"changed": {"fields": ["Destination type"]}}]	7	2
22	2025-06-21 20:42:43.617889-03	2	UFMG (Place)	2	[{"changed": {"fields": ["Destination type"]}}]	7	2
23	2025-06-21 20:42:48.273829-03	1	USP Leste (Place)	2	[{"changed": {"fields": ["Destination type"]}}]	7	2
24	2025-06-21 20:42:59.774895-03	3	UNICAMP (Place)	1	[{"added": {}}]	7	2
25	2025-06-21 20:43:24.011027-03	11	Room 101 - República UFMG	1	[{"added": {}}]	12	2
26	2025-06-21 20:43:40.355573-03	12	Room 102 - República UFMG	1	[{"added": {}}]	12	2
27	2025-06-21 20:43:55.88381-03	13	Room 103 - República UFMG	1	[{"added": {}}]	12	2
28	2025-06-21 20:44:42.030638-03	11	Photo of República UFMG (Republic) 101	1	[{"added": {}}]	15	2
29	2025-06-21 20:44:49.73005-03	12	Photo of República UFMG (Republic) 102	1	[{"added": {}}]	15	2
30	2025-06-21 20:44:59.318777-03	13	Photo of República UFMG (Republic) 103	1	[{"added": {}}]	15	2
31	2025-06-21 20:45:54.16744-03	11	Room 101 - República UFMG - Semester	1	[{"added": {}}]	18	2
32	2025-06-21 20:46:01.860226-03	12	Room 102 - República UFMG - Semester	1	[{"added": {}}]	18	2
33	2025-06-21 20:46:10.390246-03	13	Room 103 - República UFMG - Semester	1	[{"added": {}}]	18	2
34	2025-06-21 20:46:18.869078-03	13	Room 103 - República UFMG - Biweek	2	[{"changed": {"fields": ["Period"]}}]	18	2
35	2025-06-21 20:46:23.637404-03	12	Room 102 - República UFMG - Biweek	2	[{"changed": {"fields": ["Period"]}}]	18	2
36	2025-06-21 20:46:27.913303-03	11	Room 101 - República UFMG - Biweek	2	[{"changed": {"fields": ["Period"]}}]	18	2
37	2025-06-21 21:09:03.324514-03	3	República UFMG (Republic)	2	[{"changed": {"fields": ["Destination"]}}]	9	2
38	2025-06-21 21:11:55.78904-03	2	República EACH (Republic)	2	[{"changed": {"fields": ["Description"]}}]	9	2
39	2025-06-21 21:12:09.638336-03	2	República EACH (Republic)	2	[]	9	2
\.


--
-- Data for Name: django_content_type; Type: TABLE DATA; Schema: public; Owner: postgres
--

COPY public.django_content_type (id, app_label, model) FROM stdin;
1	admin	logentry
2	auth	permission
3	auth	group
4	auth	user
5	contenttypes	contenttype
6	sessions	session
7	pagoumorou	destination
8	pagoumorou	feature
9	pagoumorou	property
10	pagoumorou	propertymanager
11	pagoumorou	proposal
12	pagoumorou	room
13	pagoumorou	rental
14	pagoumorou	roomfeature
15	pagoumorou	roomphoto
16	user	address
17	user	profile
18	pagoumorou	roomprice
\.


--
-- Data for Name: django_migrations; Type: TABLE DATA; Schema: public; Owner: postgres
--

COPY public.django_migrations (id, app, name, applied) FROM stdin;
1	contenttypes	0001_initial	2025-05-30 14:17:28.393377-03
2	auth	0001_initial	2025-05-30 14:17:28.463241-03
3	admin	0001_initial	2025-05-30 14:17:28.4868-03
4	admin	0002_logentry_remove_auto_add	2025-05-30 14:17:28.495436-03
5	admin	0003_logentry_add_action_flag_choices	2025-05-30 14:17:28.503333-03
6	contenttypes	0002_remove_content_type_name	2025-05-30 14:17:28.515188-03
7	auth	0002_alter_permission_name_max_length	2025-05-30 14:17:28.521795-03
8	auth	0003_alter_user_email_max_length	2025-05-30 14:17:28.530176-03
9	auth	0004_alter_user_username_opts	2025-05-30 14:17:28.536922-03
10	auth	0005_alter_user_last_login_null	2025-05-30 14:17:28.545049-03
11	auth	0006_require_contenttypes_0002	2025-05-30 14:17:28.546808-03
12	auth	0007_alter_validators_add_error_messages	2025-05-30 14:17:28.553753-03
13	auth	0008_alter_user_username_max_length	2025-05-30 14:17:28.56607-03
14	auth	0009_alter_user_last_name_max_length	2025-05-30 14:17:28.573353-03
15	auth	0010_alter_group_name_max_length	2025-05-30 14:17:28.582572-03
16	auth	0011_update_proxy_permissions	2025-05-30 14:17:28.589301-03
17	auth	0012_alter_user_first_name_max_length	2025-05-30 14:17:28.597633-03
18	user	0001_initial	2025-05-30 14:17:28.624183-03
19	pagoumorou	0001_initial	2025-05-30 14:17:28.735697-03
20	sessions	0001_initial	2025-05-30 14:17:28.747212-03
21	pagoumorou	0002_remove_room_biweekly_price_remove_room_monthly_price_and_more	2025-06-21 13:52:39.29054-03
22	pagoumorou	0003_destination_latitude_destination_longitude	2025-06-21 14:03:17.429852-03
23	pagoumorou	0004_property_description_room_available_from_and_more	2025-06-21 17:26:08.339502-03
24	pagoumorou	0005_room_rules	2025-06-21 17:28:45.666728-03
25	user	0002_profile_cpf_alter_profile_gender_alter_profile_role	2025-06-21 18:55:51.869726-03
26	pagoumorou	0006_alter_destination_destination_type	2025-06-21 20:42:34.512481-03
\.


--
-- Data for Name: django_session; Type: TABLE DATA; Schema: public; Owner: postgres
--

COPY public.django_session (session_key, session_data, expire_date) FROM stdin;
4rnr3wg6skz7kzut2g64retv81mowl2x	.eJxVjEEOwiAQRe_C2hCYgoBL9z0DGYZBqoYmpV0Z765NutDtf-_9l4i4rTVunZc4ZXERIE6_W0J6cNtBvmO7zZLmti5TkrsiD9rlOGd-Xg_376Bir9_aGjbAZwvekjaAAYNDk9hTAgRmpcllDAwMrniCPBhQhINGVKUkK94f5x84eQ:1uT3SB:b2mXv0nM83c3lRtx4Q7Hpyhdz0lp2UU1zdKyw7QqV40	2025-07-05 16:00:39.1238-03
\.


--
-- Data for Name: feature; Type: TABLE DATA; Schema: public; Owner: postgres
--

COPY public.feature (id, name) FROM stdin;
1	WiFi
2	Ar Condicionado
3	Geladeira
4	Escrivaninha
5	Banheiro Privativo
\.


--
-- Data for Name: pagoumorou_roomprice; Type: TABLE DATA; Schema: public; Owner: postgres
--

COPY public.pagoumorou_roomprice (id, period, price, room_id) FROM stdin;
1	Biweek	544.00	1
2	Biweek	453.00	2
3	Biweek	634.00	3
4	Biweek	691.00	4
5	Biweek	592.00	5
6	Biweek	624.00	6
7	Biweek	667.00	7
8	Biweek	503.00	8
9	Biweek	600.00	9
10	Month	790.00	10
13	Biweek	500.00	13
12	Biweek	500.00	12
11	Biweek	500.00	11
\.


--
-- Data for Name: profile; Type: TABLE DATA; Schema: public; Owner: postgres
--

COPY public.profile (id, name, birth_date, gender, role, address_id, user_id, cpf) FROM stdin;
1	Gabriel Gonçalves Ribeiro	2003-05-31	MALE	MANAGER	1	1	\N
2	gabriel ribeiro	2003-05-31	Masculino		\N	3	16504989699
3	isabel gonçalves	1977-01-20	Masculino		\N	4	05536352636
4	valdeci	2025-06-02	Masculino		\N	5	16504989699
\.


--
-- Data for Name: property; Type: TABLE DATA; Schema: public; Owner: postgres
--

COPY public.property (id, name, type, rules, address_id, destination_id, description) FROM stdin;
1	Pensão USP Leste	BoardingHouse	Proibido fumar; visitas até 22h.	2	1	Pensão tranquila e organizada, ideal para estudantes ou profissionais próxima a USP Leste.
3	República UFMG	Republic	proibido visitas	3	2	
2	República EACH	Republic	Proibido fumar; visitas até 22h.	1	1	República para estudantes em condomínio próximo a EACH (USP Leste).
\.


--
-- Data for Name: property_manager; Type: TABLE DATA; Schema: public; Owner: postgres
--

COPY public.property_manager (id, profile_id, property_id) FROM stdin;
\.


--
-- Data for Name: proposal; Type: TABLE DATA; Schema: public; Owner: postgres
--

COPY public.proposal (id, proposed_price, period, move_in_date, move_out_date, message, status, created_at, profile_id, reviewed_by_id, room_id) FROM stdin;
1	255.00	Biweek	2025-07-15	2025-07-30	testeee	Pending	2025-06-21 18:56:55.232315-03	2	\N	1
2	300.00	Biweek	2025-07-15	2025-07-30	testando	Pending	2025-06-21 19:30:55.382645-03	3	\N	4
3	344.00	Biweek	2025-06-24	2025-07-09	testeeeee	Pending	2025-06-21 19:33:25.669532-03	4	\N	4
4	12345.00	Month	2025-06-19	2025-07-19	testando	Pending	2025-06-21 21:35:31.44396-03	4	\N	1
\.


--
-- Data for Name: rental; Type: TABLE DATA; Schema: public; Owner: postgres
--

COPY public.rental (id, start_date, end_date, period, expected_start_date, expected_end_date, created_at, profile_id, proposal_id, room_id) FROM stdin;
\.


--
-- Data for Name: room; Type: TABLE DATA; Schema: public; Owner: postgres
--

COPY public.room (id, room_number, capacity, shared, property_id, accept_men, accept_women, available_from, available_now, description, rules) FROM stdin;
2	102	2	t	1	t	f	2025-07-04 21:00:00-03	f	\N	\N
3	103	2	t	1	t	f	2025-07-04 21:00:00-03	f	\N	\N
1	101	2	t	1	t	t	2025-07-04 21:00:00-03	f	\N	\N
6	101	2	t	2	t	f	2025-07-04 21:00:00-03	f	\N	
7	102	2	f	2	t	f	2025-07-04 21:00:00-03	f	\N	
8	103	1	f	2	t	f	2025-07-04 21:00:00-03	f	\N	
9	104	1	t	2	t	f	2025-07-04 21:00:00-03	f	\N	
10	105	1	t	2	t	f	2025-07-04 21:00:00-03	f	\N	
5	105	2	t	1	f	t	2025-07-04 21:00:00-03	f	\N	
4	104	2	f	1	f	t	2025-07-04 21:00:00-03	f	\N	
11	101	2	t	3	t	t	2025-07-04 21:00:00-03	f	\N	
12	102	3	f	3	t	t	2025-07-04 21:00:00-03	f	\N	
13	103	1	f	3	t	t	2025-07-04 21:00:00-03	f	\N	
\.


--
-- Data for Name: room_feature; Type: TABLE DATA; Schema: public; Owner: postgres
--

COPY public.room_feature (id, feature_id, room_id) FROM stdin;
1	4	1
2	3	1
3	2	1
4	5	2
5	2	2
6	3	2
7	5	3
8	2	3
9	4	3
10	1	3
11	2	4
12	1	4
13	3	4
14	5	4
15	3	5
16	1	5
17	4	5
18	2	5
19	5	6
20	2	6
21	3	6
22	1	7
23	3	7
24	4	7
25	2	7
26	4	8
27	2	8
28	4	9
29	2	9
30	3	9
31	5	9
32	4	10
33	3	10
34	2	10
\.


--
-- Data for Name: room_photo; Type: TABLE DATA; Schema: public; Owner: postgres
--

COPY public.room_photo (id, url, room_id) FROM stdin;
1	https://photos.webquarto.com.br/property_ads/thumb/2021-05/47830_SxLBh4OQR9ruB8RV.jpg	1
2	https://photos.webquarto.com.br/property_ads/thumb/2021-05/47830_SxLBh4OQR9ruB8RV.jpg	2
3	https://photos.webquarto.com.br/property_ads/thumb/2021-05/47830_SxLBh4OQR9ruB8RV.jpg	3
4	https://photos.webquarto.com.br/property_ads/thumb/2021-05/47830_SxLBh4OQR9ruB8RV.jpg	4
5	https://photos.webquarto.com.br/property_ads/thumb/2021-05/47830_SxLBh4OQR9ruB8RV.jpg	5
6	https://www.mobly.com.br/blog/wp-content/uploads/2019/05/decoracao-de-republica-quarto.jpg	6
7	https://www.mobly.com.br/blog/wp-content/uploads/2019/05/decoracao-de-republica-quarto.jpg	7
8	https://www.mobly.com.br/blog/wp-content/uploads/2019/05/decoracao-de-republica-quarto.jpg	8
9	https://www.mobly.com.br/blog/wp-content/uploads/2019/05/decoracao-de-republica-quarto.jpg	9
10	https://www.mobly.com.br/blog/wp-content/uploads/2019/05/decoracao-de-republica-quarto.jpg	10
11	https://photos.webquarto.com.br/property_ads/thumb/2020-12/56679_uDCzFQjZscNhUshR.jpg	11
12	https://photos.webquarto.com.br/property_ads/thumb/2020-12/56679_uDCzFQjZscNhUshR.jpg	12
13	https://photos.webquarto.com.br/property_ads/thumb/2020-12/56679_uDCzFQjZscNhUshR.jpg	13
\.


--
-- Name: address_id_seq; Type: SEQUENCE SET; Schema: public; Owner: postgres
--

SELECT pg_catalog.setval('public.address_id_seq', 3, true);


--
-- Name: auth_group_id_seq; Type: SEQUENCE SET; Schema: public; Owner: postgres
--

SELECT pg_catalog.setval('public.auth_group_id_seq', 1, false);


--
-- Name: auth_group_permissions_id_seq; Type: SEQUENCE SET; Schema: public; Owner: postgres
--

SELECT pg_catalog.setval('public.auth_group_permissions_id_seq', 1, false);


--
-- Name: auth_permission_id_seq; Type: SEQUENCE SET; Schema: public; Owner: postgres
--

SELECT pg_catalog.setval('public.auth_permission_id_seq', 72, true);


--
-- Name: auth_user_groups_id_seq; Type: SEQUENCE SET; Schema: public; Owner: postgres
--

SELECT pg_catalog.setval('public.auth_user_groups_id_seq', 1, false);


--
-- Name: auth_user_id_seq; Type: SEQUENCE SET; Schema: public; Owner: postgres
--

SELECT pg_catalog.setval('public.auth_user_id_seq', 5, true);


--
-- Name: auth_user_user_permissions_id_seq; Type: SEQUENCE SET; Schema: public; Owner: postgres
--

SELECT pg_catalog.setval('public.auth_user_user_permissions_id_seq', 1, false);


--
-- Name: destination_id_seq; Type: SEQUENCE SET; Schema: public; Owner: postgres
--

SELECT pg_catalog.setval('public.destination_id_seq', 3, true);


--
-- Name: django_admin_log_id_seq; Type: SEQUENCE SET; Schema: public; Owner: postgres
--

SELECT pg_catalog.setval('public.django_admin_log_id_seq', 39, true);


--
-- Name: django_content_type_id_seq; Type: SEQUENCE SET; Schema: public; Owner: postgres
--

SELECT pg_catalog.setval('public.django_content_type_id_seq', 18, true);


--
-- Name: django_migrations_id_seq; Type: SEQUENCE SET; Schema: public; Owner: postgres
--

SELECT pg_catalog.setval('public.django_migrations_id_seq', 26, true);


--
-- Name: feature_id_seq; Type: SEQUENCE SET; Schema: public; Owner: postgres
--

SELECT pg_catalog.setval('public.feature_id_seq', 5, true);


--
-- Name: pagoumorou_roomprice_id_seq; Type: SEQUENCE SET; Schema: public; Owner: postgres
--

SELECT pg_catalog.setval('public.pagoumorou_roomprice_id_seq', 13, true);


--
-- Name: profile_id_seq; Type: SEQUENCE SET; Schema: public; Owner: postgres
--

SELECT pg_catalog.setval('public.profile_id_seq', 4, true);


--
-- Name: property_id_seq; Type: SEQUENCE SET; Schema: public; Owner: postgres
--

SELECT pg_catalog.setval('public.property_id_seq', 3, true);


--
-- Name: property_manager_id_seq; Type: SEQUENCE SET; Schema: public; Owner: postgres
--

SELECT pg_catalog.setval('public.property_manager_id_seq', 1, false);


--
-- Name: proposal_id_seq; Type: SEQUENCE SET; Schema: public; Owner: postgres
--

SELECT pg_catalog.setval('public.proposal_id_seq', 4, true);


--
-- Name: rental_id_seq; Type: SEQUENCE SET; Schema: public; Owner: postgres
--

SELECT pg_catalog.setval('public.rental_id_seq', 1, false);


--
-- Name: room_feature_id_seq; Type: SEQUENCE SET; Schema: public; Owner: postgres
--

SELECT pg_catalog.setval('public.room_feature_id_seq', 34, true);


--
-- Name: room_id_seq; Type: SEQUENCE SET; Schema: public; Owner: postgres
--

SELECT pg_catalog.setval('public.room_id_seq', 13, true);


--
-- Name: room_photo_id_seq; Type: SEQUENCE SET; Schema: public; Owner: postgres
--

SELECT pg_catalog.setval('public.room_photo_id_seq', 13, true);


--
-- Name: address address_pkey; Type: CONSTRAINT; Schema: public; Owner: postgres
--

ALTER TABLE ONLY public.address
    ADD CONSTRAINT address_pkey PRIMARY KEY (id);


--
-- Name: auth_group auth_group_name_key; Type: CONSTRAINT; Schema: public; Owner: postgres
--

ALTER TABLE ONLY public.auth_group
    ADD CONSTRAINT auth_group_name_key UNIQUE (name);


--
-- Name: auth_group_permissions auth_group_permissions_group_id_permission_id_0cd325b0_uniq; Type: CONSTRAINT; Schema: public; Owner: postgres
--

ALTER TABLE ONLY public.auth_group_permissions
    ADD CONSTRAINT auth_group_permissions_group_id_permission_id_0cd325b0_uniq UNIQUE (group_id, permission_id);


--
-- Name: auth_group_permissions auth_group_permissions_pkey; Type: CONSTRAINT; Schema: public; Owner: postgres
--

ALTER TABLE ONLY public.auth_group_permissions
    ADD CONSTRAINT auth_group_permissions_pkey PRIMARY KEY (id);


--
-- Name: auth_group auth_group_pkey; Type: CONSTRAINT; Schema: public; Owner: postgres
--

ALTER TABLE ONLY public.auth_group
    ADD CONSTRAINT auth_group_pkey PRIMARY KEY (id);


--
-- Name: auth_permission auth_permission_content_type_id_codename_01ab375a_uniq; Type: CONSTRAINT; Schema: public; Owner: postgres
--

ALTER TABLE ONLY public.auth_permission
    ADD CONSTRAINT auth_permission_content_type_id_codename_01ab375a_uniq UNIQUE (content_type_id, codename);


--
-- Name: auth_permission auth_permission_pkey; Type: CONSTRAINT; Schema: public; Owner: postgres
--

ALTER TABLE ONLY public.auth_permission
    ADD CONSTRAINT auth_permission_pkey PRIMARY KEY (id);


--
-- Name: auth_user_groups auth_user_groups_pkey; Type: CONSTRAINT; Schema: public; Owner: postgres
--

ALTER TABLE ONLY public.auth_user_groups
    ADD CONSTRAINT auth_user_groups_pkey PRIMARY KEY (id);


--
-- Name: auth_user_groups auth_user_groups_user_id_group_id_94350c0c_uniq; Type: CONSTRAINT; Schema: public; Owner: postgres
--

ALTER TABLE ONLY public.auth_user_groups
    ADD CONSTRAINT auth_user_groups_user_id_group_id_94350c0c_uniq UNIQUE (user_id, group_id);


--
-- Name: auth_user auth_user_pkey; Type: CONSTRAINT; Schema: public; Owner: postgres
--

ALTER TABLE ONLY public.auth_user
    ADD CONSTRAINT auth_user_pkey PRIMARY KEY (id);


--
-- Name: auth_user_user_permissions auth_user_user_permissions_pkey; Type: CONSTRAINT; Schema: public; Owner: postgres
--

ALTER TABLE ONLY public.auth_user_user_permissions
    ADD CONSTRAINT auth_user_user_permissions_pkey PRIMARY KEY (id);


--
-- Name: auth_user_user_permissions auth_user_user_permissions_user_id_permission_id_14a6b632_uniq; Type: CONSTRAINT; Schema: public; Owner: postgres
--

ALTER TABLE ONLY public.auth_user_user_permissions
    ADD CONSTRAINT auth_user_user_permissions_user_id_permission_id_14a6b632_uniq UNIQUE (user_id, permission_id);


--
-- Name: auth_user auth_user_username_key; Type: CONSTRAINT; Schema: public; Owner: postgres
--

ALTER TABLE ONLY public.auth_user
    ADD CONSTRAINT auth_user_username_key UNIQUE (username);


--
-- Name: destination destination_pkey; Type: CONSTRAINT; Schema: public; Owner: postgres
--

ALTER TABLE ONLY public.destination
    ADD CONSTRAINT destination_pkey PRIMARY KEY (id);


--
-- Name: django_admin_log django_admin_log_pkey; Type: CONSTRAINT; Schema: public; Owner: postgres
--

ALTER TABLE ONLY public.django_admin_log
    ADD CONSTRAINT django_admin_log_pkey PRIMARY KEY (id);


--
-- Name: django_content_type django_content_type_app_label_model_76bd3d3b_uniq; Type: CONSTRAINT; Schema: public; Owner: postgres
--

ALTER TABLE ONLY public.django_content_type
    ADD CONSTRAINT django_content_type_app_label_model_76bd3d3b_uniq UNIQUE (app_label, model);


--
-- Name: django_content_type django_content_type_pkey; Type: CONSTRAINT; Schema: public; Owner: postgres
--

ALTER TABLE ONLY public.django_content_type
    ADD CONSTRAINT django_content_type_pkey PRIMARY KEY (id);


--
-- Name: django_migrations django_migrations_pkey; Type: CONSTRAINT; Schema: public; Owner: postgres
--

ALTER TABLE ONLY public.django_migrations
    ADD CONSTRAINT django_migrations_pkey PRIMARY KEY (id);


--
-- Name: django_session django_session_pkey; Type: CONSTRAINT; Schema: public; Owner: postgres
--

ALTER TABLE ONLY public.django_session
    ADD CONSTRAINT django_session_pkey PRIMARY KEY (session_key);


--
-- Name: feature feature_pkey; Type: CONSTRAINT; Schema: public; Owner: postgres
--

ALTER TABLE ONLY public.feature
    ADD CONSTRAINT feature_pkey PRIMARY KEY (id);


--
-- Name: pagoumorou_roomprice pagoumorou_roomprice_pkey; Type: CONSTRAINT; Schema: public; Owner: postgres
--

ALTER TABLE ONLY public.pagoumorou_roomprice
    ADD CONSTRAINT pagoumorou_roomprice_pkey PRIMARY KEY (id);


--
-- Name: profile profile_pkey; Type: CONSTRAINT; Schema: public; Owner: postgres
--

ALTER TABLE ONLY public.profile
    ADD CONSTRAINT profile_pkey PRIMARY KEY (id);


--
-- Name: property_manager property_manager_pkey; Type: CONSTRAINT; Schema: public; Owner: postgres
--

ALTER TABLE ONLY public.property_manager
    ADD CONSTRAINT property_manager_pkey PRIMARY KEY (id);


--
-- Name: property property_pkey; Type: CONSTRAINT; Schema: public; Owner: postgres
--

ALTER TABLE ONLY public.property
    ADD CONSTRAINT property_pkey PRIMARY KEY (id);


--
-- Name: proposal proposal_pkey; Type: CONSTRAINT; Schema: public; Owner: postgres
--

ALTER TABLE ONLY public.proposal
    ADD CONSTRAINT proposal_pkey PRIMARY KEY (id);


--
-- Name: rental rental_pkey; Type: CONSTRAINT; Schema: public; Owner: postgres
--

ALTER TABLE ONLY public.rental
    ADD CONSTRAINT rental_pkey PRIMARY KEY (id);


--
-- Name: rental rental_proposal_id_key; Type: CONSTRAINT; Schema: public; Owner: postgres
--

ALTER TABLE ONLY public.rental
    ADD CONSTRAINT rental_proposal_id_key UNIQUE (proposal_id);


--
-- Name: room_feature room_feature_pkey; Type: CONSTRAINT; Schema: public; Owner: postgres
--

ALTER TABLE ONLY public.room_feature
    ADD CONSTRAINT room_feature_pkey PRIMARY KEY (id);


--
-- Name: room_photo room_photo_pkey; Type: CONSTRAINT; Schema: public; Owner: postgres
--

ALTER TABLE ONLY public.room_photo
    ADD CONSTRAINT room_photo_pkey PRIMARY KEY (id);


--
-- Name: room room_pkey; Type: CONSTRAINT; Schema: public; Owner: postgres
--

ALTER TABLE ONLY public.room
    ADD CONSTRAINT room_pkey PRIMARY KEY (id);


--
-- Name: auth_group_name_a6ea08ec_like; Type: INDEX; Schema: public; Owner: postgres
--

CREATE INDEX auth_group_name_a6ea08ec_like ON public.auth_group USING btree (name varchar_pattern_ops);


--
-- Name: auth_group_permissions_group_id_b120cbf9; Type: INDEX; Schema: public; Owner: postgres
--

CREATE INDEX auth_group_permissions_group_id_b120cbf9 ON public.auth_group_permissions USING btree (group_id);


--
-- Name: auth_group_permissions_permission_id_84c5c92e; Type: INDEX; Schema: public; Owner: postgres
--

CREATE INDEX auth_group_permissions_permission_id_84c5c92e ON public.auth_group_permissions USING btree (permission_id);


--
-- Name: auth_permission_content_type_id_2f476e4b; Type: INDEX; Schema: public; Owner: postgres
--

CREATE INDEX auth_permission_content_type_id_2f476e4b ON public.auth_permission USING btree (content_type_id);


--
-- Name: auth_user_groups_group_id_97559544; Type: INDEX; Schema: public; Owner: postgres
--

CREATE INDEX auth_user_groups_group_id_97559544 ON public.auth_user_groups USING btree (group_id);


--
-- Name: auth_user_groups_user_id_6a12ed8b; Type: INDEX; Schema: public; Owner: postgres
--

CREATE INDEX auth_user_groups_user_id_6a12ed8b ON public.auth_user_groups USING btree (user_id);


--
-- Name: auth_user_user_permissions_permission_id_1fbb5f2c; Type: INDEX; Schema: public; Owner: postgres
--

CREATE INDEX auth_user_user_permissions_permission_id_1fbb5f2c ON public.auth_user_user_permissions USING btree (permission_id);


--
-- Name: auth_user_user_permissions_user_id_a95ead1b; Type: INDEX; Schema: public; Owner: postgres
--

CREATE INDEX auth_user_user_permissions_user_id_a95ead1b ON public.auth_user_user_permissions USING btree (user_id);


--
-- Name: auth_user_username_6821ab7c_like; Type: INDEX; Schema: public; Owner: postgres
--

CREATE INDEX auth_user_username_6821ab7c_like ON public.auth_user USING btree (username varchar_pattern_ops);


--
-- Name: django_admin_log_content_type_id_c4bce8eb; Type: INDEX; Schema: public; Owner: postgres
--

CREATE INDEX django_admin_log_content_type_id_c4bce8eb ON public.django_admin_log USING btree (content_type_id);


--
-- Name: django_admin_log_user_id_c564eba6; Type: INDEX; Schema: public; Owner: postgres
--

CREATE INDEX django_admin_log_user_id_c564eba6 ON public.django_admin_log USING btree (user_id);


--
-- Name: django_session_expire_date_a5c62663; Type: INDEX; Schema: public; Owner: postgres
--

CREATE INDEX django_session_expire_date_a5c62663 ON public.django_session USING btree (expire_date);


--
-- Name: django_session_session_key_c0390e0f_like; Type: INDEX; Schema: public; Owner: postgres
--

CREATE INDEX django_session_session_key_c0390e0f_like ON public.django_session USING btree (session_key varchar_pattern_ops);


--
-- Name: pagoumorou_roomprice_room_id_1de6b53a; Type: INDEX; Schema: public; Owner: postgres
--

CREATE INDEX pagoumorou_roomprice_room_id_1de6b53a ON public.pagoumorou_roomprice USING btree (room_id);


--
-- Name: profile_address_id_60b7f4f2; Type: INDEX; Schema: public; Owner: postgres
--

CREATE INDEX profile_address_id_60b7f4f2 ON public.profile USING btree (address_id);


--
-- Name: profile_user_id_2aeb6f6b; Type: INDEX; Schema: public; Owner: postgres
--

CREATE INDEX profile_user_id_2aeb6f6b ON public.profile USING btree (user_id);


--
-- Name: property_address_id_409554e7; Type: INDEX; Schema: public; Owner: postgres
--

CREATE INDEX property_address_id_409554e7 ON public.property USING btree (address_id);


--
-- Name: property_destination_id_c1524917; Type: INDEX; Schema: public; Owner: postgres
--

CREATE INDEX property_destination_id_c1524917 ON public.property USING btree (destination_id);


--
-- Name: property_manager_profile_id_eca9c355; Type: INDEX; Schema: public; Owner: postgres
--

CREATE INDEX property_manager_profile_id_eca9c355 ON public.property_manager USING btree (profile_id);


--
-- Name: property_manager_property_id_d6910c14; Type: INDEX; Schema: public; Owner: postgres
--

CREATE INDEX property_manager_property_id_d6910c14 ON public.property_manager USING btree (property_id);


--
-- Name: proposal_profile_id_bb6f3ab5; Type: INDEX; Schema: public; Owner: postgres
--

CREATE INDEX proposal_profile_id_bb6f3ab5 ON public.proposal USING btree (profile_id);


--
-- Name: proposal_reviewed_by_id_65814c56; Type: INDEX; Schema: public; Owner: postgres
--

CREATE INDEX proposal_reviewed_by_id_65814c56 ON public.proposal USING btree (reviewed_by_id);


--
-- Name: proposal_room_id_24b826aa; Type: INDEX; Schema: public; Owner: postgres
--

CREATE INDEX proposal_room_id_24b826aa ON public.proposal USING btree (room_id);


--
-- Name: rental_profile_id_679a7ebd; Type: INDEX; Schema: public; Owner: postgres
--

CREATE INDEX rental_profile_id_679a7ebd ON public.rental USING btree (profile_id);


--
-- Name: rental_room_id_2fcd276d; Type: INDEX; Schema: public; Owner: postgres
--

CREATE INDEX rental_room_id_2fcd276d ON public.rental USING btree (room_id);


--
-- Name: room_feature_feature_id_7cdf0619; Type: INDEX; Schema: public; Owner: postgres
--

CREATE INDEX room_feature_feature_id_7cdf0619 ON public.room_feature USING btree (feature_id);


--
-- Name: room_feature_room_id_e1f49908; Type: INDEX; Schema: public; Owner: postgres
--

CREATE INDEX room_feature_room_id_e1f49908 ON public.room_feature USING btree (room_id);


--
-- Name: room_photo_room_id_a87e4ee7; Type: INDEX; Schema: public; Owner: postgres
--

CREATE INDEX room_photo_room_id_a87e4ee7 ON public.room_photo USING btree (room_id);


--
-- Name: room_property_id_0c451771; Type: INDEX; Schema: public; Owner: postgres
--

CREATE INDEX room_property_id_0c451771 ON public.room USING btree (property_id);


--
-- Name: auth_group_permissions auth_group_permissio_permission_id_84c5c92e_fk_auth_perm; Type: FK CONSTRAINT; Schema: public; Owner: postgres
--

ALTER TABLE ONLY public.auth_group_permissions
    ADD CONSTRAINT auth_group_permissio_permission_id_84c5c92e_fk_auth_perm FOREIGN KEY (permission_id) REFERENCES public.auth_permission(id) DEFERRABLE INITIALLY DEFERRED;


--
-- Name: auth_group_permissions auth_group_permissions_group_id_b120cbf9_fk_auth_group_id; Type: FK CONSTRAINT; Schema: public; Owner: postgres
--

ALTER TABLE ONLY public.auth_group_permissions
    ADD CONSTRAINT auth_group_permissions_group_id_b120cbf9_fk_auth_group_id FOREIGN KEY (group_id) REFERENCES public.auth_group(id) DEFERRABLE INITIALLY DEFERRED;


--
-- Name: auth_permission auth_permission_content_type_id_2f476e4b_fk_django_co; Type: FK CONSTRAINT; Schema: public; Owner: postgres
--

ALTER TABLE ONLY public.auth_permission
    ADD CONSTRAINT auth_permission_content_type_id_2f476e4b_fk_django_co FOREIGN KEY (content_type_id) REFERENCES public.django_content_type(id) DEFERRABLE INITIALLY DEFERRED;


--
-- Name: auth_user_groups auth_user_groups_group_id_97559544_fk_auth_group_id; Type: FK CONSTRAINT; Schema: public; Owner: postgres
--

ALTER TABLE ONLY public.auth_user_groups
    ADD CONSTRAINT auth_user_groups_group_id_97559544_fk_auth_group_id FOREIGN KEY (group_id) REFERENCES public.auth_group(id) DEFERRABLE INITIALLY DEFERRED;


--
-- Name: auth_user_groups auth_user_groups_user_id_6a12ed8b_fk_auth_user_id; Type: FK CONSTRAINT; Schema: public; Owner: postgres
--

ALTER TABLE ONLY public.auth_user_groups
    ADD CONSTRAINT auth_user_groups_user_id_6a12ed8b_fk_auth_user_id FOREIGN KEY (user_id) REFERENCES public.auth_user(id) DEFERRABLE INITIALLY DEFERRED;


--
-- Name: auth_user_user_permissions auth_user_user_permi_permission_id_1fbb5f2c_fk_auth_perm; Type: FK CONSTRAINT; Schema: public; Owner: postgres
--

ALTER TABLE ONLY public.auth_user_user_permissions
    ADD CONSTRAINT auth_user_user_permi_permission_id_1fbb5f2c_fk_auth_perm FOREIGN KEY (permission_id) REFERENCES public.auth_permission(id) DEFERRABLE INITIALLY DEFERRED;


--
-- Name: auth_user_user_permissions auth_user_user_permissions_user_id_a95ead1b_fk_auth_user_id; Type: FK CONSTRAINT; Schema: public; Owner: postgres
--

ALTER TABLE ONLY public.auth_user_user_permissions
    ADD CONSTRAINT auth_user_user_permissions_user_id_a95ead1b_fk_auth_user_id FOREIGN KEY (user_id) REFERENCES public.auth_user(id) DEFERRABLE INITIALLY DEFERRED;


--
-- Name: django_admin_log django_admin_log_content_type_id_c4bce8eb_fk_django_co; Type: FK CONSTRAINT; Schema: public; Owner: postgres
--

ALTER TABLE ONLY public.django_admin_log
    ADD CONSTRAINT django_admin_log_content_type_id_c4bce8eb_fk_django_co FOREIGN KEY (content_type_id) REFERENCES public.django_content_type(id) DEFERRABLE INITIALLY DEFERRED;


--
-- Name: django_admin_log django_admin_log_user_id_c564eba6_fk_auth_user_id; Type: FK CONSTRAINT; Schema: public; Owner: postgres
--

ALTER TABLE ONLY public.django_admin_log
    ADD CONSTRAINT django_admin_log_user_id_c564eba6_fk_auth_user_id FOREIGN KEY (user_id) REFERENCES public.auth_user(id) DEFERRABLE INITIALLY DEFERRED;


--
-- Name: pagoumorou_roomprice pagoumorou_roomprice_room_id_1de6b53a_fk_room_id; Type: FK CONSTRAINT; Schema: public; Owner: postgres
--

ALTER TABLE ONLY public.pagoumorou_roomprice
    ADD CONSTRAINT pagoumorou_roomprice_room_id_1de6b53a_fk_room_id FOREIGN KEY (room_id) REFERENCES public.room(id) DEFERRABLE INITIALLY DEFERRED;


--
-- Name: profile profile_address_id_60b7f4f2_fk_address_id; Type: FK CONSTRAINT; Schema: public; Owner: postgres
--

ALTER TABLE ONLY public.profile
    ADD CONSTRAINT profile_address_id_60b7f4f2_fk_address_id FOREIGN KEY (address_id) REFERENCES public.address(id) DEFERRABLE INITIALLY DEFERRED;


--
-- Name: profile profile_user_id_2aeb6f6b_fk_auth_user_id; Type: FK CONSTRAINT; Schema: public; Owner: postgres
--

ALTER TABLE ONLY public.profile
    ADD CONSTRAINT profile_user_id_2aeb6f6b_fk_auth_user_id FOREIGN KEY (user_id) REFERENCES public.auth_user(id) DEFERRABLE INITIALLY DEFERRED;


--
-- Name: property property_address_id_409554e7_fk_address_id; Type: FK CONSTRAINT; Schema: public; Owner: postgres
--

ALTER TABLE ONLY public.property
    ADD CONSTRAINT property_address_id_409554e7_fk_address_id FOREIGN KEY (address_id) REFERENCES public.address(id) DEFERRABLE INITIALLY DEFERRED;


--
-- Name: property property_destination_id_c1524917_fk_destination_id; Type: FK CONSTRAINT; Schema: public; Owner: postgres
--

ALTER TABLE ONLY public.property
    ADD CONSTRAINT property_destination_id_c1524917_fk_destination_id FOREIGN KEY (destination_id) REFERENCES public.destination(id) DEFERRABLE INITIALLY DEFERRED;


--
-- Name: property_manager property_manager_profile_id_eca9c355_fk_profile_id; Type: FK CONSTRAINT; Schema: public; Owner: postgres
--

ALTER TABLE ONLY public.property_manager
    ADD CONSTRAINT property_manager_profile_id_eca9c355_fk_profile_id FOREIGN KEY (profile_id) REFERENCES public.profile(id) DEFERRABLE INITIALLY DEFERRED;


--
-- Name: property_manager property_manager_property_id_d6910c14_fk_property_id; Type: FK CONSTRAINT; Schema: public; Owner: postgres
--

ALTER TABLE ONLY public.property_manager
    ADD CONSTRAINT property_manager_property_id_d6910c14_fk_property_id FOREIGN KEY (property_id) REFERENCES public.property(id) DEFERRABLE INITIALLY DEFERRED;


--
-- Name: proposal proposal_profile_id_bb6f3ab5_fk_profile_id; Type: FK CONSTRAINT; Schema: public; Owner: postgres
--

ALTER TABLE ONLY public.proposal
    ADD CONSTRAINT proposal_profile_id_bb6f3ab5_fk_profile_id FOREIGN KEY (profile_id) REFERENCES public.profile(id) DEFERRABLE INITIALLY DEFERRED;


--
-- Name: proposal proposal_reviewed_by_id_65814c56_fk_profile_id; Type: FK CONSTRAINT; Schema: public; Owner: postgres
--

ALTER TABLE ONLY public.proposal
    ADD CONSTRAINT proposal_reviewed_by_id_65814c56_fk_profile_id FOREIGN KEY (reviewed_by_id) REFERENCES public.profile(id) DEFERRABLE INITIALLY DEFERRED;


--
-- Name: proposal proposal_room_id_24b826aa_fk_room_id; Type: FK CONSTRAINT; Schema: public; Owner: postgres
--

ALTER TABLE ONLY public.proposal
    ADD CONSTRAINT proposal_room_id_24b826aa_fk_room_id FOREIGN KEY (room_id) REFERENCES public.room(id) DEFERRABLE INITIALLY DEFERRED;


--
-- Name: rental rental_profile_id_679a7ebd_fk_profile_id; Type: FK CONSTRAINT; Schema: public; Owner: postgres
--

ALTER TABLE ONLY public.rental
    ADD CONSTRAINT rental_profile_id_679a7ebd_fk_profile_id FOREIGN KEY (profile_id) REFERENCES public.profile(id) DEFERRABLE INITIALLY DEFERRED;


--
-- Name: rental rental_proposal_id_1168cb3f_fk_proposal_id; Type: FK CONSTRAINT; Schema: public; Owner: postgres
--

ALTER TABLE ONLY public.rental
    ADD CONSTRAINT rental_proposal_id_1168cb3f_fk_proposal_id FOREIGN KEY (proposal_id) REFERENCES public.proposal(id) DEFERRABLE INITIALLY DEFERRED;


--
-- Name: rental rental_room_id_2fcd276d_fk_room_id; Type: FK CONSTRAINT; Schema: public; Owner: postgres
--

ALTER TABLE ONLY public.rental
    ADD CONSTRAINT rental_room_id_2fcd276d_fk_room_id FOREIGN KEY (room_id) REFERENCES public.room(id) DEFERRABLE INITIALLY DEFERRED;


--
-- Name: room_feature room_feature_feature_id_7cdf0619_fk_feature_id; Type: FK CONSTRAINT; Schema: public; Owner: postgres
--

ALTER TABLE ONLY public.room_feature
    ADD CONSTRAINT room_feature_feature_id_7cdf0619_fk_feature_id FOREIGN KEY (feature_id) REFERENCES public.feature(id) DEFERRABLE INITIALLY DEFERRED;


--
-- Name: room_feature room_feature_room_id_e1f49908_fk_room_id; Type: FK CONSTRAINT; Schema: public; Owner: postgres
--

ALTER TABLE ONLY public.room_feature
    ADD CONSTRAINT room_feature_room_id_e1f49908_fk_room_id FOREIGN KEY (room_id) REFERENCES public.room(id) DEFERRABLE INITIALLY DEFERRED;


--
-- Name: room_photo room_photo_room_id_a87e4ee7_fk_room_id; Type: FK CONSTRAINT; Schema: public; Owner: postgres
--

ALTER TABLE ONLY public.room_photo
    ADD CONSTRAINT room_photo_room_id_a87e4ee7_fk_room_id FOREIGN KEY (room_id) REFERENCES public.room(id) DEFERRABLE INITIALLY DEFERRED;


--
-- Name: room room_property_id_0c451771_fk_property_id; Type: FK CONSTRAINT; Schema: public; Owner: postgres
--

ALTER TABLE ONLY public.room
    ADD CONSTRAINT room_property_id_0c451771_fk_property_id FOREIGN KEY (property_id) REFERENCES public.property(id) DEFERRABLE INITIALLY DEFERRED;


--
-- PostgreSQL database dump complete
--

