INSERT INTO pagoumorou_user (id, name, birth_date, gender, email, password, role) VALUES ('6176aec6-df27-405c-a910-d40587bdb809', 'User 0', '1984-10-31', 'Other', 'user0@example.com', 'pass0', 'Manager');
INSERT INTO pagoumorou_user (id, name, birth_date, gender, email, password, role) VALUES ('09a12278-c66b-41c4-988c-cb688c2ff137', 'User 1', '1984-05-17', 'Male', 'user1@example.com', 'pass1', 'Client');
INSERT INTO pagoumorou_user (id, name, birth_date, gender, email, password, role) VALUES ('6732e190-cc4b-4f2d-9435-a9d79ac35945', 'User 2', '1989-07-03', 'Female', 'user2@example.com', 'pass2', 'Client');
INSERT INTO pagoumorou_user (id, name, birth_date, gender, email, password, role) VALUES ('ee0f357e-fa2d-42c1-aa31-e5c0c78716c5', 'User 3', '1992-11-30', 'Male', 'user3@example.com', 'pass3', 'Client');
INSERT INTO pagoumorou_user (id, name, birth_date, gender, email, password, role) VALUES ('e71d1e8d-b6a9-4488-a766-e7b1a87dcba8', 'User 4', '1997-07-15', 'Male', 'user4@example.com', 'pass4', 'Client');
INSERT INTO pagoumorou_user (id, name, birth_date, gender, email, password, role) VALUES ('ef4bd076-d433-418f-8e9c-b95ebd46d8b5', 'User 5', '1994-11-11', 'Female', 'user5@example.com', 'pass5', 'Manager');
INSERT INTO pagoumorou_user (id, name, birth_date, gender, email, password, role) VALUES ('0f253b5b-d21a-4a10-aa37-e14bb8f1ff05', 'User 6', '1981-04-12', 'Other', 'user6@example.com', 'pass6', 'Manager');
INSERT INTO pagoumorou_user (id, name, birth_date, gender, email, password, role) VALUES ('82825782-8d55-40e7-9d2f-4c336540f08f', 'User 7', '2002-04-20', 'Other', 'user7@example.com', 'pass7', 'Manager');
INSERT INTO pagoumorou_user (id, name, birth_date, gender, email, password, role) VALUES ('985bb458-a23a-496a-ba04-9cea53693352', 'User 8', '1984-04-28', 'Female', 'user8@example.com', 'pass8', 'Client');
INSERT INTO pagoumorou_user (id, name, birth_date, gender, email, password, role) VALUES ('f83e3ef3-0a5a-41b2-95e1-f200dd891373', 'User 9', '1994-05-18', 'Male', 'user9@example.com', 'pass9', 'Client');
INSERT INTO pagoumorou_user (id, name, birth_date, gender, email, password, role) VALUES ('52d6ccf1-9004-425f-be7a-9bdfc687c64d', 'User 10', '1997-08-08', 'Female', 'user10@example.com', 'pass10', 'Manager');
INSERT INTO pagoumorou_user (id, name, birth_date, gender, email, password, role) VALUES ('889a0e48-cf72-485c-a9e8-8ebdb4eeaf06', 'User 11', '1999-04-30', 'Other', 'user11@example.com', 'pass11', 'Manager');
INSERT INTO pagoumorou_user (id, name, birth_date, gender, email, password, role) VALUES ('16c95a04-eaee-4e05-8454-935497799a91', 'User 12', '1984-11-04', 'Male', 'user12@example.com', 'pass12', 'Manager');
INSERT INTO pagoumorou_user (id, name, birth_date, gender, email, password, role) VALUES ('a612a0ba-cced-45b0-87fa-6518cc8abd7f', 'User 13', '2003-06-30', 'Female', 'user13@example.com', 'pass13', 'Client');
INSERT INTO pagoumorou_user (id, name, birth_date, gender, email, password, role) VALUES ('ba8d6a9c-e845-4a39-8ba8-e02e768a744c', 'User 14', '1995-09-10', 'Female', 'user14@example.com', 'pass14', 'Client');
INSERT INTO pagoumorou_user (id, name, birth_date, gender, email, password, role) VALUES ('a019b45c-2d0f-4f20-bc0f-ec37a819d90c', 'User 15', '1982-07-28', 'Male', 'user15@example.com', 'pass15', 'Manager');
INSERT INTO pagoumorou_user (id, name, birth_date, gender, email, password, role) VALUES ('4905189d-60c6-4a24-8294-6ea7bc6e0d91', 'User 16', '1995-05-28', 'Other', 'user16@example.com', 'pass16', 'Manager');
INSERT INTO pagoumorou_user (id, name, birth_date, gender, email, password, role) VALUES ('31a6febf-3d97-43db-8633-bd18dc382a25', 'User 17', '1999-08-22', 'Other', 'user17@example.com', 'pass17', 'Manager');
INSERT INTO pagoumorou_user (id, name, birth_date, gender, email, password, role) VALUES ('71b3d6a3-6147-4c4d-a992-15aee19883c4', 'User 18', '1991-12-24', 'Male', 'user18@example.com', 'pass18', 'Client');
INSERT INTO pagoumorou_user (id, name, birth_date, gender, email, password, role) VALUES ('d6e13fff-ad83-4d6a-8dbc-e7b2d8288b1c', 'User 19', '1987-10-22', 'Female', 'user19@example.com', 'pass19', 'Manager');
INSERT INTO pagoumorou_user (id, name, birth_date, gender, email, password, role) VALUES ('4140dc42-5300-4388-9ad2-83c16c840951', 'User 20', '1984-09-05', 'Female', 'user20@example.com', 'pass20', 'Manager');
INSERT INTO pagoumorou_user (id, name, birth_date, gender, email, password, role) VALUES ('ff056f81-93fe-4ee6-ba78-6f2ff54dd468', 'User 21', '1992-06-16', 'Other', 'user21@example.com', 'pass21', 'Manager');
INSERT INTO pagoumorou_user (id, name, birth_date, gender, email, password, role) VALUES ('cd177a40-e23c-4926-88f5-ae5aa086d72a', 'User 22', '2002-03-14', 'Female', 'user22@example.com', 'pass22', 'Client');
INSERT INTO pagoumorou_user (id, name, birth_date, gender, email, password, role) VALUES ('cd5494b4-e744-4ff4-a736-9651506d27cb', 'User 23', '1981-05-20', 'Female', 'user23@example.com', 'pass23', 'Client');
INSERT INTO pagoumorou_user (id, name, birth_date, gender, email, password, role) VALUES ('c3fb9142-0adc-45ba-8e1d-ed056ff849ba', 'User 24', '1997-02-01', 'Other', 'user24@example.com', 'pass24', 'Client');
INSERT INTO pagoumorou_user (id, name, birth_date, gender, email, password, role) VALUES ('c8f6d1fe-0431-4477-895e-528c8f708b8d', 'User 25', '2000-03-21', 'Female', 'user25@example.com', 'pass25', 'Manager');
INSERT INTO pagoumorou_user (id, name, birth_date, gender, email, password, role) VALUES ('1534986d-f549-49b1-86f0-68cf1d15aa6d', 'User 26', '2003-07-23', 'Female', 'user26@example.com', 'pass26', 'Client');
INSERT INTO pagoumorou_user (id, name, birth_date, gender, email, password, role) VALUES ('5bcde1c9-7228-4209-8862-8da91361ca2e', 'User 27', '1999-04-15', 'Other', 'user27@example.com', 'pass27', 'Manager');
INSERT INTO pagoumorou_user (id, name, birth_date, gender, email, password, role) VALUES ('a8864c6c-c06b-4669-99ed-0e1782d42bc2', 'User 28', '1983-12-23', 'Female', 'user28@example.com', 'pass28', 'Manager');
INSERT INTO pagoumorou_user (id, name, birth_date, gender, email, password, role) VALUES ('f8376e04-73e1-4f62-8ca2-92a18fea52b3', 'User 29', '1982-08-08', 'Female', 'user29@example.com', 'pass29', 'Manager');
INSERT INTO pagoumorou_user (id, name, birth_date, gender, email, password, role) VALUES ('621802ed-bacc-4c26-9c9c-cdd72c8f2aa7', 'User 30', '2001-01-05', 'Male', 'user30@example.com', 'pass30', 'Client');
INSERT INTO pagoumorou_user (id, name, birth_date, gender, email, password, role) VALUES ('e81e9b0a-7e57-4752-9983-d5258732f245', 'User 31', '1985-02-10', 'Female', 'user31@example.com', 'pass31', 'Manager');
INSERT INTO pagoumorou_user (id, name, birth_date, gender, email, password, role) VALUES ('2b930974-8d70-487c-b68f-c0d99afc98e9', 'User 32', '1984-01-28', 'Female', 'user32@example.com', 'pass32', 'Client');
INSERT INTO pagoumorou_user (id, name, birth_date, gender, email, password, role) VALUES ('35c0c4f6-c435-474e-bf3b-9545e245a9c1', 'User 33', '1992-12-01', 'Male', 'user33@example.com', 'pass33', 'Manager');
INSERT INTO pagoumorou_user (id, name, birth_date, gender, email, password, role) VALUES ('48ea444e-3cfa-4c2d-a3dc-21bfe191b9ee', 'User 34', '1986-06-29', 'Male', 'user34@example.com', 'pass34', 'Manager');
INSERT INTO pagoumorou_user (id, name, birth_date, gender, email, password, role) VALUES ('e3208061-083e-4364-a6f4-c52ae8bab166', 'User 35', '1991-05-08', 'Female', 'user35@example.com', 'pass35', 'Client');
INSERT INTO pagoumorou_user (id, name, birth_date, gender, email, password, role) VALUES ('04007c52-90fb-4fe1-90fe-3e0bf39a1768', 'User 36', '1985-06-13', 'Male', 'user36@example.com', 'pass36', 'Manager');
INSERT INTO pagoumorou_user (id, name, birth_date, gender, email, password, role) VALUES ('03cf4bf2-f6f5-49f7-bb43-78a7701167a4', 'User 37', '1998-11-23', 'Male', 'user37@example.com', 'pass37', 'Manager');
INSERT INTO pagoumorou_user (id, name, birth_date, gender, email, password, role) VALUES ('3f1889ce-40e5-46bb-b55d-d75da3e9bbbc', 'User 38', '1981-10-26', 'Male', 'user38@example.com', 'pass38', 'Client');
INSERT INTO pagoumorou_user (id, name, birth_date, gender, email, password, role) VALUES ('8aa6e05c-8fee-4484-8bc6-40e51974ae04', 'User 39', '1994-02-03', 'Male', 'user39@example.com', 'pass39', 'Client');
INSERT INTO pagoumorou_user (id, name, birth_date, gender, email, password, role) VALUES ('6b73373d-b9a7-403c-a41b-6903d9f3002d', 'User 40', '1987-12-01', 'Other', 'user40@example.com', 'pass40', 'Client');
INSERT INTO pagoumorou_user (id, name, birth_date, gender, email, password, role) VALUES ('ee275c75-1548-4e8b-830f-269af4e10746', 'User 41', '1999-07-17', 'Other', 'user41@example.com', 'pass41', 'Manager');
INSERT INTO pagoumorou_user (id, name, birth_date, gender, email, password, role) VALUES ('9e062877-4b15-4434-b942-b8b24e696dc6', 'User 42', '1983-11-25', 'Female', 'user42@example.com', 'pass42', 'Manager');
INSERT INTO pagoumorou_user (id, name, birth_date, gender, email, password, role) VALUES ('1f696c8c-a7ce-4847-9d2c-82fb07553b19', 'User 43', '2000-12-15', 'Other', 'user43@example.com', 'pass43', 'Manager');
INSERT INTO pagoumorou_user (id, name, birth_date, gender, email, password, role) VALUES ('063de2d8-9875-43f5-a571-755826c8fb12', 'User 44', '2002-11-27', 'Female', 'user44@example.com', 'pass44', 'Manager');
INSERT INTO pagoumorou_user (id, name, birth_date, gender, email, password, role) VALUES ('24e6d8af-b91b-4ab5-ae06-8317ec54124d', 'User 45', '1997-11-09', 'Other', 'user45@example.com', 'pass45', 'Client');
INSERT INTO pagoumorou_user (id, name, birth_date, gender, email, password, role) VALUES ('5fa09273-9857-4a75-b5cf-95e9eb313bb0', 'User 46', '1983-09-04', 'Male', 'user46@example.com', 'pass46', 'Client');
INSERT INTO pagoumorou_user (id, name, birth_date, gender, email, password, role) VALUES ('e40eb1db-9039-478f-aa54-c178ac8b78bd', 'User 47', '1997-07-28', 'Female', 'user47@example.com', 'pass47', 'Client');
INSERT INTO pagoumorou_user (id, name, birth_date, gender, email, password, role) VALUES ('90ea28ae-dac2-4d5a-b410-9119e10544de', 'User 48', '1990-05-04', 'Female', 'user48@example.com', 'pass48', 'Client');
INSERT INTO pagoumorou_user (id, name, birth_date, gender, email, password, role) VALUES ('a1f516ff-63af-4b66-b410-62c22b66cd81', 'User 49', '1992-07-17', 'Other', 'user49@example.com', 'pass49', 'Manager');
INSERT INTO pagoumorou_user (id, name, birth_date, gender, email, password, role) VALUES ('caae7419-4adb-4e00-8af0-e28dc9eebfa1', 'User 50', '1986-12-17', 'Female', 'user50@example.com', 'pass50', 'Client');
INSERT INTO pagoumorou_user (id, name, birth_date, gender, email, password, role) VALUES ('eb7049d0-449d-4cc7-9c60-f0ae606702d1', 'User 51', '1984-07-26', 'Male', 'user51@example.com', 'pass51', 'Client');
INSERT INTO pagoumorou_user (id, name, birth_date, gender, email, password, role) VALUES ('395a5a18-e77c-41da-b2c3-4fbe00ea558f', 'User 52', '1994-11-06', 'Male', 'user52@example.com', 'pass52', 'Manager');
INSERT INTO pagoumorou_user (id, name, birth_date, gender, email, password, role) VALUES ('7032a0f5-8cdb-41ff-a24b-d5c409faed06', 'User 53', '1981-10-20', 'Female', 'user53@example.com', 'pass53', 'Manager');
INSERT INTO pagoumorou_user (id, name, birth_date, gender, email, password, role) VALUES ('6b5b3ef1-ff52-416c-bfaf-04c233245fe2', 'User 54', '1997-12-16', 'Male', 'user54@example.com', 'pass54', 'Client');
INSERT INTO pagoumorou_user (id, name, birth_date, gender, email, password, role) VALUES ('3392dd9b-5183-4195-affb-8dddf456cd94', 'User 55', '1980-09-21', 'Female', 'user55@example.com', 'pass55', 'Client');
INSERT INTO pagoumorou_user (id, name, birth_date, gender, email, password, role) VALUES ('ff9ee024-e7c9-485e-8483-ecb38f083f55', 'User 56', '2004-05-06', 'Other', 'user56@example.com', 'pass56', 'Client');
INSERT INTO pagoumorou_user (id, name, birth_date, gender, email, password, role) VALUES ('a4d351c3-e5ed-4de9-aab6-d7caf611f183', 'User 57', '2001-03-15', 'Other', 'user57@example.com', 'pass57', 'Client');
INSERT INTO pagoumorou_user (id, name, birth_date, gender, email, password, role) VALUES ('3b5b55d6-36bb-4b13-87f6-ecfbe31217c4', 'User 58', '1988-04-05', 'Female', 'user58@example.com', 'pass58', 'Client');
INSERT INTO pagoumorou_user (id, name, birth_date, gender, email, password, role) VALUES ('7dffd420-2745-4470-bc83-8ede1ccab534', 'User 59', '1985-04-03', 'Other', 'user59@example.com', 'pass59', 'Manager');
INSERT INTO pagoumorou_user (id, name, birth_date, gender, email, password, role) VALUES ('0ddb0975-1c3f-4218-a1f1-9301e6c0db09', 'User 60', '1986-01-31', 'Other', 'user60@example.com', 'pass60', 'Manager');
INSERT INTO pagoumorou_user (id, name, birth_date, gender, email, password, role) VALUES ('20fc9bfe-22cb-4f68-ab8c-79061d353f36', 'User 61', '1994-07-11', 'Other', 'user61@example.com', 'pass61', 'Client');
INSERT INTO pagoumorou_user (id, name, birth_date, gender, email, password, role) VALUES ('c2d223c3-de06-493a-ba20-09258fde1c42', 'User 62', '2002-05-08', 'Male', 'user62@example.com', 'pass62', 'Client');
INSERT INTO pagoumorou_user (id, name, birth_date, gender, email, password, role) VALUES ('bdb2a6ed-8746-47d6-929d-350f2a5491e2', 'User 63', '1996-12-29', 'Male', 'user63@example.com', 'pass63', 'Client');
INSERT INTO pagoumorou_user (id, name, birth_date, gender, email, password, role) VALUES ('8705ed38-ff09-491a-bf64-91aeeba93e2d', 'User 64', '1982-01-08', 'Female', 'user64@example.com', 'pass64', 'Client');
INSERT INTO pagoumorou_user (id, name, birth_date, gender, email, password, role) VALUES ('2b04ddc0-841f-46ad-acb4-060ec7eb7d61', 'User 65', '2000-10-01', 'Other', 'user65@example.com', 'pass65', 'Manager');
INSERT INTO pagoumorou_user (id, name, birth_date, gender, email, password, role) VALUES ('057739a4-7689-444a-94ff-d5a286e7f863', 'User 66', '1983-05-05', 'Female', 'user66@example.com', 'pass66', 'Manager');
INSERT INTO pagoumorou_user (id, name, birth_date, gender, email, password, role) VALUES ('00c530c4-ccbc-4e9b-a38d-fd20f16b603d', 'User 67', '1992-08-10', 'Other', 'user67@example.com', 'pass67', 'Manager');
INSERT INTO pagoumorou_user (id, name, birth_date, gender, email, password, role) VALUES ('03c82839-3829-4017-913f-9e22a755d8ba', 'User 68', '1997-05-22', 'Female', 'user68@example.com', 'pass68', 'Client');
INSERT INTO pagoumorou_user (id, name, birth_date, gender, email, password, role) VALUES ('1eb0472a-a7f0-473a-bc50-368616310766', 'User 69', '1986-07-21', 'Other', 'user69@example.com', 'pass69', 'Manager');
INSERT INTO pagoumorou_user (id, name, birth_date, gender, email, password, role) VALUES ('2a0925a3-037f-48e7-b79c-a50fb5df3076', 'User 70', '1986-09-04', 'Female', 'user70@example.com', 'pass70', 'Manager');
INSERT INTO pagoumorou_user (id, name, birth_date, gender, email, password, role) VALUES ('02bb6ad6-bf7c-4609-88ef-9ce8b4ea863b', 'User 71', '2003-10-22', 'Female', 'user71@example.com', 'pass71', 'Client');
INSERT INTO pagoumorou_user (id, name, birth_date, gender, email, password, role) VALUES ('0d0a85c5-c619-485c-a20b-af6df33bd43d', 'User 72', '2000-08-01', 'Other', 'user72@example.com', 'pass72', 'Manager');
INSERT INTO pagoumorou_user (id, name, birth_date, gender, email, password, role) VALUES ('8bb0f242-2857-4d62-969a-4753915bf1e9', 'User 73', '1984-04-05', 'Female', 'user73@example.com', 'pass73', 'Client');
INSERT INTO pagoumorou_user (id, name, birth_date, gender, email, password, role) VALUES ('5d681803-504f-480d-9d64-3de006c767e8', 'User 74', '1998-02-10', 'Other', 'user74@example.com', 'pass74', 'Manager');
INSERT INTO pagoumorou_user (id, name, birth_date, gender, email, password, role) VALUES ('f85f4e98-ff8e-4ee9-a74c-41e95ee1b0f4', 'User 75', '1997-07-22', 'Female', 'user75@example.com', 'pass75', 'Manager');
INSERT INTO pagoumorou_user (id, name, birth_date, gender, email, password, role) VALUES ('a7787c84-39c7-4a52-970c-671023046cef', 'User 76', '1980-06-02', 'Male', 'user76@example.com', 'pass76', 'Client');
INSERT INTO pagoumorou_user (id, name, birth_date, gender, email, password, role) VALUES ('ee66ba14-53b9-445b-8b91-9db63f87bb50', 'User 77', '1992-06-24', 'Female', 'user77@example.com', 'pass77', 'Client');
INSERT INTO pagoumorou_user (id, name, birth_date, gender, email, password, role) VALUES ('99667104-212a-493a-8491-74b16dd11c52', 'User 78', '1991-08-26', 'Female', 'user78@example.com', 'pass78', 'Manager');
INSERT INTO pagoumorou_user (id, name, birth_date, gender, email, password, role) VALUES ('39b33bce-4087-4d96-b0d2-fbe778baeaab', 'User 79', '1999-08-09', 'Female', 'user79@example.com', 'pass79', 'Manager');
INSERT INTO pagoumorou_user (id, name, birth_date, gender, email, password, role) VALUES ('8a68c4cb-3c61-4d7e-997f-beaeda4b3809', 'User 80', '2002-10-16', 'Other', 'user80@example.com', 'pass80', 'Client');
INSERT INTO pagoumorou_user (id, name, birth_date, gender, email, password, role) VALUES ('e7a63fd5-2cd0-4c15-a01d-f7e7da1ae4e2', 'User 81', '2001-05-11', 'Female', 'user81@example.com', 'pass81', 'Client');
INSERT INTO pagoumorou_user (id, name, birth_date, gender, email, password, role) VALUES ('3fd38947-9ea3-4ac4-b364-cdfb3fa63915', 'User 82', '1993-06-18', 'Female', 'user82@example.com', 'pass82', 'Client');
INSERT INTO pagoumorou_user (id, name, birth_date, gender, email, password, role) VALUES ('54d22125-735c-48f0-adb2-baf6fe9c1d7a', 'User 83', '2003-02-22', 'Female', 'user83@example.com', 'pass83', 'Manager');
INSERT INTO pagoumorou_user (id, name, birth_date, gender, email, password, role) VALUES ('7404158b-2bf3-4326-9615-cf9861b58bc7', 'User 84', '1983-07-18', 'Male', 'user84@example.com', 'pass84', 'Manager');
INSERT INTO pagoumorou_user (id, name, birth_date, gender, email, password, role) VALUES ('cc3ffa94-1782-4111-be20-cbd892411775', 'User 85', '1995-06-27', 'Other', 'user85@example.com', 'pass85', 'Client');
INSERT INTO pagoumorou_user (id, name, birth_date, gender, email, password, role) VALUES ('b9a68abc-2dc4-40cc-9cde-c12973b49c96', 'User 86', '1982-01-24', 'Male', 'user86@example.com', 'pass86', 'Manager');
INSERT INTO pagoumorou_user (id, name, birth_date, gender, email, password, role) VALUES ('4a3c58b7-31af-4828-aec8-fcde3385c884', 'User 87', '1989-12-26', 'Female', 'user87@example.com', 'pass87', 'Manager');
INSERT INTO pagoumorou_user (id, name, birth_date, gender, email, password, role) VALUES ('2e920589-9b87-4942-baaf-6f12b4609ffc', 'User 88', '1987-09-29', 'Other', 'user88@example.com', 'pass88', 'Manager');
INSERT INTO pagoumorou_user (id, name, birth_date, gender, email, password, role) VALUES ('9aba93f9-c901-4504-b1d4-982b4e9cb598', 'User 89', '2001-08-21', 'Female', 'user89@example.com', 'pass89', 'Manager');
INSERT INTO pagoumorou_user (id, name, birth_date, gender, email, password, role) VALUES ('2b8065e0-2394-492d-969f-7c707d075fa0', 'User 90', '2001-04-11', 'Male', 'user90@example.com', 'pass90', 'Manager');
INSERT INTO pagoumorou_user (id, name, birth_date, gender, email, password, role) VALUES ('e195b530-4cdb-4059-a0ef-6674bc8a730d', 'User 91', '1983-03-16', 'Female', 'user91@example.com', 'pass91', 'Manager');
INSERT INTO pagoumorou_user (id, name, birth_date, gender, email, password, role) VALUES ('e4561979-5332-476b-9958-0125d92e272a', 'User 92', '1981-03-07', 'Female', 'user92@example.com', 'pass92', 'Client');
INSERT INTO pagoumorou_user (id, name, birth_date, gender, email, password, role) VALUES ('444636cf-5405-45c9-94e0-7864d890f1ef', 'User 93', '1987-04-09', 'Male', 'user93@example.com', 'pass93', 'Manager');
INSERT INTO pagoumorou_user (id, name, birth_date, gender, email, password, role) VALUES ('cb7ad2a1-ccb6-4a69-8c3f-8321993a0fe3', 'User 94', '1997-03-19', 'Other', 'user94@example.com', 'pass94', 'Manager');
INSERT INTO pagoumorou_user (id, name, birth_date, gender, email, password, role) VALUES ('877eabda-3571-4f30-8154-8629126915a5', 'User 95', '2004-09-29', 'Other', 'user95@example.com', 'pass95', 'Manager');
INSERT INTO pagoumorou_user (id, name, birth_date, gender, email, password, role) VALUES ('570126df-0ff9-4f24-bf10-31135e2b1cdb', 'User 96', '1982-11-28', 'Male', 'user96@example.com', 'pass96', 'Client');
INSERT INTO pagoumorou_user (id, name, birth_date, gender, email, password, role) VALUES ('a4fd8824-737b-4ba0-a411-896d8be30c58', 'User 97', '2004-08-11', 'Male', 'user97@example.com', 'pass97', 'Manager');
INSERT INTO pagoumorou_user (id, name, birth_date, gender, email, password, role) VALUES ('6962cdea-fadd-41d7-9a01-04c62188f6ef', 'User 98', '1985-04-30', 'Other', 'user98@example.com', 'pass98', 'Manager');
INSERT INTO pagoumorou_user (id, name, birth_date, gender, email, password, role) VALUES ('6733e9e7-9971-4957-984d-b6c6005746ff', 'User 99', '1997-01-14', 'Female', 'user99@example.com', 'pass99', 'Manager');
INSERT INTO pagoumorou_destination (id, destination_id, name, country_id, destination_type, parent_destination_id, image_url) VALUES ('8f37f023-4c1b-4410-883c-0516930c65e4', 1000, 'Destination 0', 'BR', 'CI', NULL, 'http://example.com/image_0.jpg');
INSERT INTO pagoumorou_destination (id, destination_id, name, country_id, destination_type, parent_destination_id, image_url) VALUES ('c41e71c1-c607-4005-9f84-387ec393109a', 1001, 'Destination 1', 'BR', 'ST', NULL, 'http://example.com/image_1.jpg');
INSERT INTO pagoumorou_destination (id, destination_id, name, country_id, destination_type, parent_destination_id, image_url) VALUES ('12272256-d2c1-4dec-8ed1-030c9f0fafd3', 1002, 'Destination 2', 'BR', 'CI', NULL, 'http://example.com/image_2.jpg');
INSERT INTO pagoumorou_destination (id, destination_id, name, country_id, destination_type, parent_destination_id, image_url) VALUES ('a0546ccb-6506-4eda-bb54-5d1466613d18', 1003, 'Destination 3', 'BR', 'CT', NULL, 'http://example.com/image_3.jpg');
INSERT INTO pagoumorou_destination (id, destination_id, name, country_id, destination_type, parent_destination_id, image_url) VALUES ('760c76cf-524b-44bc-b27a-a45932693494', 1004, 'Destination 4', 'BR', 'ST', NULL, 'http://example.com/image_4.jpg');
INSERT INTO pagoumorou_destination (id, destination_id, name, country_id, destination_type, parent_destination_id, image_url) VALUES ('f0a65ea2-5c43-46d4-9553-2fc35302fdbc', 1005, 'Destination 5', 'BR', 'CT', NULL, 'http://example.com/image_5.jpg');
INSERT INTO pagoumorou_destination (id, destination_id, name, country_id, destination_type, parent_destination_id, image_url) VALUES ('b4b3aa06-8082-43ee-9cc3-fb9b68b7071a', 1006, 'Destination 6', 'BR', 'CT', NULL, 'http://example.com/image_6.jpg');
INSERT INTO pagoumorou_destination (id, destination_id, name, country_id, destination_type, parent_destination_id, image_url) VALUES ('231526ca-be51-4dbb-bf5b-b42972393a7a', 1007, 'Destination 7', 'BR', 'ST', NULL, 'http://example.com/image_7.jpg');
INSERT INTO pagoumorou_destination (id, destination_id, name, country_id, destination_type, parent_destination_id, image_url) VALUES ('ea42f77e-5122-4374-bf0a-1750fcb11581', 1008, 'Destination 8', 'BR', 'CT', NULL, 'http://example.com/image_8.jpg');
INSERT INTO pagoumorou_destination (id, destination_id, name, country_id, destination_type, parent_destination_id, image_url) VALUES ('67358fc6-5dab-47a0-a5e0-3b428e2a00b7', 1009, 'Destination 9', 'BR', 'CI', NULL, 'http://example.com/image_9.jpg');
INSERT INTO pagoumorou_destination (id, destination_id, name, country_id, destination_type, parent_destination_id, image_url) VALUES ('3bfa168c-3550-41b9-92b2-3338718e9ecc', 1010, 'Destination 10', 'BR', 'ST', NULL, 'http://example.com/image_10.jpg');
INSERT INTO pagoumorou_destination (id, destination_id, name, country_id, destination_type, parent_destination_id, image_url) VALUES ('335af51a-5a6f-4ff9-add2-79443e1c4ee6', 1011, 'Destination 11', 'BR', 'CI', NULL, 'http://example.com/image_11.jpg');
INSERT INTO pagoumorou_destination (id, destination_id, name, country_id, destination_type, parent_destination_id, image_url) VALUES ('8ff61475-8892-47ec-9ce5-005895adc671', 1012, 'Destination 12', 'BR', 'CT', NULL, 'http://example.com/image_12.jpg');
INSERT INTO pagoumorou_destination (id, destination_id, name, country_id, destination_type, parent_destination_id, image_url) VALUES ('100f253d-04ad-4945-9359-d6a4e1b1e5d2', 1013, 'Destination 13', 'BR', 'ST', NULL, 'http://example.com/image_13.jpg');
INSERT INTO pagoumorou_destination (id, destination_id, name, country_id, destination_type, parent_destination_id, image_url) VALUES ('c1409a45-e99d-46bb-bf6d-5ddea00986c8', 1014, 'Destination 14', 'BR', 'CI', NULL, 'http://example.com/image_14.jpg');
INSERT INTO pagoumorou_destination (id, destination_id, name, country_id, destination_type, parent_destination_id, image_url) VALUES ('61d3398f-5133-48ba-94dd-584f3e105664', 1015, 'Destination 15', 'BR', 'CI', NULL, 'http://example.com/image_15.jpg');
INSERT INTO pagoumorou_destination (id, destination_id, name, country_id, destination_type, parent_destination_id, image_url) VALUES ('1be278f2-4cc2-4764-b92d-474c594532fe', 1016, 'Destination 16', 'BR', 'CT', NULL, 'http://example.com/image_16.jpg');
INSERT INTO pagoumorou_destination (id, destination_id, name, country_id, destination_type, parent_destination_id, image_url) VALUES ('df905397-636a-464b-999f-c27fc09b2cc1', 1017, 'Destination 17', 'BR', 'CI', NULL, 'http://example.com/image_17.jpg');
INSERT INTO pagoumorou_destination (id, destination_id, name, country_id, destination_type, parent_destination_id, image_url) VALUES ('07abf3de-2cf2-4d1b-aebc-8422e87c5d9c', 1018, 'Destination 18', 'BR', 'ST', NULL, 'http://example.com/image_18.jpg');
INSERT INTO pagoumorou_destination (id, destination_id, name, country_id, destination_type, parent_destination_id, image_url) VALUES ('300a86f8-f644-48fa-9470-97469fa8d64f', 1019, 'Destination 19', 'BR', 'ST', NULL, 'http://example.com/image_19.jpg');
INSERT INTO pagoumorou_destination (id, destination_id, name, country_id, destination_type, parent_destination_id, image_url) VALUES ('f0142475-4a01-4de9-a504-bd4ac2ab49d7', 1020, 'Destination 20', 'BR', 'CT', NULL, 'http://example.com/image_20.jpg');
INSERT INTO pagoumorou_destination (id, destination_id, name, country_id, destination_type, parent_destination_id, image_url) VALUES ('a7a9617a-6223-4aef-8c22-7e2892ac79fa', 1021, 'Destination 21', 'BR', 'CT', NULL, 'http://example.com/image_21.jpg');
INSERT INTO pagoumorou_destination (id, destination_id, name, country_id, destination_type, parent_destination_id, image_url) VALUES ('2a32eed9-146a-4935-81db-0593a59e4aa3', 1022, 'Destination 22', 'BR', 'ST', NULL, 'http://example.com/image_22.jpg');
INSERT INTO pagoumorou_destination (id, destination_id, name, country_id, destination_type, parent_destination_id, image_url) VALUES ('18d1e228-2860-48ca-84d3-57854f1e65ae', 1023, 'Destination 23', 'BR', 'CI', NULL, 'http://example.com/image_23.jpg');
INSERT INTO pagoumorou_destination (id, destination_id, name, country_id, destination_type, parent_destination_id, image_url) VALUES ('137c605f-2921-4e52-8db6-b18f30d30361', 1024, 'Destination 24', 'BR', 'ST', NULL, 'http://example.com/image_24.jpg');
INSERT INTO pagoumorou_destination (id, destination_id, name, country_id, destination_type, parent_destination_id, image_url) VALUES ('065418a0-7586-4f0f-81e0-dc0dcfbb0d38', 1025, 'Destination 25', 'BR', 'CT', NULL, 'http://example.com/image_25.jpg');
INSERT INTO pagoumorou_destination (id, destination_id, name, country_id, destination_type, parent_destination_id, image_url) VALUES ('1a0b051c-8a88-4f1f-8e93-e8bed1bbbadc', 1026, 'Destination 26', 'BR', 'ST', NULL, 'http://example.com/image_26.jpg');
INSERT INTO pagoumorou_destination (id, destination_id, name, country_id, destination_type, parent_destination_id, image_url) VALUES ('1c7b6ad2-28f9-4921-83cc-745a1085228a', 1027, 'Destination 27', 'BR', 'CT', NULL, 'http://example.com/image_27.jpg');
INSERT INTO pagoumorou_destination (id, destination_id, name, country_id, destination_type, parent_destination_id, image_url) VALUES ('4dbfc8ff-6930-49ab-9eae-245b14ded418', 1028, 'Destination 28', 'BR', 'ST', NULL, 'http://example.com/image_28.jpg');
INSERT INTO pagoumorou_destination (id, destination_id, name, country_id, destination_type, parent_destination_id, image_url) VALUES ('c0508bcd-d896-4e45-8a95-a685dfcf70a0', 1029, 'Destination 29', 'BR', 'CT', NULL, 'http://example.com/image_29.jpg');
INSERT INTO pagoumorou_destination (id, destination_id, name, country_id, destination_type, parent_destination_id, image_url) VALUES ('9095acf5-bc6b-4e18-a99a-67c92dd65f9f', 1030, 'Destination 30', 'BR', 'ST', NULL, 'http://example.com/image_30.jpg');
INSERT INTO pagoumorou_destination (id, destination_id, name, country_id, destination_type, parent_destination_id, image_url) VALUES ('5bea4783-8a5d-4a54-b741-8ede1d39b579', 1031, 'Destination 31', 'BR', 'ST', NULL, 'http://example.com/image_31.jpg');
INSERT INTO pagoumorou_destination (id, destination_id, name, country_id, destination_type, parent_destination_id, image_url) VALUES ('cb748b2b-6964-4e7e-9f40-101023b84433', 1032, 'Destination 32', 'BR', 'ST', NULL, 'http://example.com/image_32.jpg');
INSERT INTO pagoumorou_destination (id, destination_id, name, country_id, destination_type, parent_destination_id, image_url) VALUES ('11515d48-013d-4510-8a40-0d1b2ea9758c', 1033, 'Destination 33', 'BR', 'CT', NULL, 'http://example.com/image_33.jpg');
INSERT INTO pagoumorou_destination (id, destination_id, name, country_id, destination_type, parent_destination_id, image_url) VALUES ('1564cd79-a85b-4cd3-af90-2c8ad733576b', 1034, 'Destination 34', 'BR', 'CI', NULL, 'http://example.com/image_34.jpg');
INSERT INTO pagoumorou_destination (id, destination_id, name, country_id, destination_type, parent_destination_id, image_url) VALUES ('89783a59-d7f4-418f-baab-ac22337cc9d4', 1035, 'Destination 35', 'BR', 'ST', NULL, 'http://example.com/image_35.jpg');
INSERT INTO pagoumorou_destination (id, destination_id, name, country_id, destination_type, parent_destination_id, image_url) VALUES ('7cf0bba5-808a-4a0c-975f-d494a9a9833e', 1036, 'Destination 36', 'BR', 'CI', NULL, 'http://example.com/image_36.jpg');
INSERT INTO pagoumorou_destination (id, destination_id, name, country_id, destination_type, parent_destination_id, image_url) VALUES ('c2308a6e-c343-467f-885f-aff2fe89ac8b', 1037, 'Destination 37', 'BR', 'ST', NULL, 'http://example.com/image_37.jpg');
INSERT INTO pagoumorou_destination (id, destination_id, name, country_id, destination_type, parent_destination_id, image_url) VALUES ('09aa9aa0-9d9c-4a76-998a-b11361c38146', 1038, 'Destination 38', 'BR', 'CT', NULL, 'http://example.com/image_38.jpg');
INSERT INTO pagoumorou_destination (id, destination_id, name, country_id, destination_type, parent_destination_id, image_url) VALUES ('b1096e3e-bf5b-4759-bd71-36461dd0966e', 1039, 'Destination 39', 'BR', 'CT', NULL, 'http://example.com/image_39.jpg');
INSERT INTO pagoumorou_destination (id, destination_id, name, country_id, destination_type, parent_destination_id, image_url) VALUES ('4f6758ef-11de-46ec-93f5-f1e44dbbe8bc', 1040, 'Destination 40', 'BR', 'CT', NULL, 'http://example.com/image_40.jpg');
INSERT INTO pagoumorou_destination (id, destination_id, name, country_id, destination_type, parent_destination_id, image_url) VALUES ('9c2469df-8abb-4b88-aac4-c69d3c1410f8', 1041, 'Destination 41', 'BR', 'CI', NULL, 'http://example.com/image_41.jpg');
INSERT INTO pagoumorou_destination (id, destination_id, name, country_id, destination_type, parent_destination_id, image_url) VALUES ('85eb7744-4f39-443d-a5e6-b8a4a5cf8832', 1042, 'Destination 42', 'BR', 'CI', NULL, 'http://example.com/image_42.jpg');
INSERT INTO pagoumorou_destination (id, destination_id, name, country_id, destination_type, parent_destination_id, image_url) VALUES ('a56a18e9-82d6-4719-9fbb-cff5469d23e4', 1043, 'Destination 43', 'BR', 'ST', NULL, 'http://example.com/image_43.jpg');
INSERT INTO pagoumorou_destination (id, destination_id, name, country_id, destination_type, parent_destination_id, image_url) VALUES ('efe312a5-e1cf-4539-b99a-e819460719e4', 1044, 'Destination 44', 'BR', 'CI', NULL, 'http://example.com/image_44.jpg');
INSERT INTO pagoumorou_destination (id, destination_id, name, country_id, destination_type, parent_destination_id, image_url) VALUES ('49ab32b3-d71f-42c1-bcdb-c67e394c9289', 1045, 'Destination 45', 'BR', 'CT', NULL, 'http://example.com/image_45.jpg');
INSERT INTO pagoumorou_destination (id, destination_id, name, country_id, destination_type, parent_destination_id, image_url) VALUES ('0ba96dfd-7ea8-480b-b5de-9ed89b003e00', 1046, 'Destination 46', 'BR', 'CT', NULL, 'http://example.com/image_46.jpg');
INSERT INTO pagoumorou_destination (id, destination_id, name, country_id, destination_type, parent_destination_id, image_url) VALUES ('ed551784-f683-4c78-b317-72e776dcbeb6', 1047, 'Destination 47', 'BR', 'CI', NULL, 'http://example.com/image_47.jpg');
INSERT INTO pagoumorou_destination (id, destination_id, name, country_id, destination_type, parent_destination_id, image_url) VALUES ('ab8dd431-8cd6-4437-81a3-7174764bc69f', 1048, 'Destination 48', 'BR', 'ST', NULL, 'http://example.com/image_48.jpg');
INSERT INTO pagoumorou_destination (id, destination_id, name, country_id, destination_type, parent_destination_id, image_url) VALUES ('68677809-e84f-4213-9108-6c65a6de0f7e', 1049, 'Destination 49', 'BR', 'CT', NULL, 'http://example.com/image_49.jpg');
INSERT INTO pagoumorou_destination (id, destination_id, name, country_id, destination_type, parent_destination_id, image_url) VALUES ('55340ed4-02cd-410e-8e4a-89c84e7e5207', 1050, 'Destination 50', 'BR', 'CI', NULL, 'http://example.com/image_50.jpg');
INSERT INTO pagoumorou_destination (id, destination_id, name, country_id, destination_type, parent_destination_id, image_url) VALUES ('1dcea59b-6fc9-4e67-ad3a-fa8584a76b06', 1051, 'Destination 51', 'BR', 'ST', NULL, 'http://example.com/image_51.jpg');
INSERT INTO pagoumorou_destination (id, destination_id, name, country_id, destination_type, parent_destination_id, image_url) VALUES ('d4ba80db-1eab-424e-a34c-39d66ddf7227', 1052, 'Destination 52', 'BR', 'CI', NULL, 'http://example.com/image_52.jpg');
INSERT INTO pagoumorou_destination (id, destination_id, name, country_id, destination_type, parent_destination_id, image_url) VALUES ('ed44a022-a568-435b-b7ef-ee9fc1cba35c', 1053, 'Destination 53', 'BR', 'ST', NULL, 'http://example.com/image_53.jpg');
INSERT INTO pagoumorou_destination (id, destination_id, name, country_id, destination_type, parent_destination_id, image_url) VALUES ('df12a761-c1e6-4ff0-99e1-b423ebdfc32d', 1054, 'Destination 54', 'BR', 'ST', NULL, 'http://example.com/image_54.jpg');
INSERT INTO pagoumorou_destination (id, destination_id, name, country_id, destination_type, parent_destination_id, image_url) VALUES ('c3814831-1e1c-4198-ba46-98dfbc61a3a2', 1055, 'Destination 55', 'BR', 'CI', NULL, 'http://example.com/image_55.jpg');
INSERT INTO pagoumorou_destination (id, destination_id, name, country_id, destination_type, parent_destination_id, image_url) VALUES ('5376f5ed-c4d9-4afa-bdab-989688b7ea75', 1056, 'Destination 56', 'BR', 'CI', NULL, 'http://example.com/image_56.jpg');
INSERT INTO pagoumorou_destination (id, destination_id, name, country_id, destination_type, parent_destination_id, image_url) VALUES ('d2a9f732-1f6b-48bc-a82f-e684e26e4f7d', 1057, 'Destination 57', 'BR', 'CT', NULL, 'http://example.com/image_57.jpg');
INSERT INTO pagoumorou_destination (id, destination_id, name, country_id, destination_type, parent_destination_id, image_url) VALUES ('f8996d13-f729-4457-9ca8-5b37c6288e15', 1058, 'Destination 58', 'BR', 'CI', NULL, 'http://example.com/image_58.jpg');
INSERT INTO pagoumorou_destination (id, destination_id, name, country_id, destination_type, parent_destination_id, image_url) VALUES ('f7722f31-56bb-4bf0-bec3-7dfb3098e4e5', 1059, 'Destination 59', 'BR', 'ST', NULL, 'http://example.com/image_59.jpg');
INSERT INTO pagoumorou_destination (id, destination_id, name, country_id, destination_type, parent_destination_id, image_url) VALUES ('d10d8b6a-42f1-4074-956c-1c0edbcc8bd0', 1060, 'Destination 60', 'BR', 'ST', NULL, 'http://example.com/image_60.jpg');
INSERT INTO pagoumorou_destination (id, destination_id, name, country_id, destination_type, parent_destination_id, image_url) VALUES ('b5b03da5-4379-4836-b3d4-d0d67e322517', 1061, 'Destination 61', 'BR', 'ST', NULL, 'http://example.com/image_61.jpg');
INSERT INTO pagoumorou_destination (id, destination_id, name, country_id, destination_type, parent_destination_id, image_url) VALUES ('fb0309f5-0d6d-4e0f-aab1-4a3d3b03e829', 1062, 'Destination 62', 'BR', 'ST', NULL, 'http://example.com/image_62.jpg');
INSERT INTO pagoumorou_destination (id, destination_id, name, country_id, destination_type, parent_destination_id, image_url) VALUES ('d2981b34-4dce-4427-8729-ae84ca2a7813', 1063, 'Destination 63', 'BR', 'ST', NULL, 'http://example.com/image_63.jpg');
INSERT INTO pagoumorou_destination (id, destination_id, name, country_id, destination_type, parent_destination_id, image_url) VALUES ('25dc0db0-9f50-443d-9371-e93f23c6646a', 1064, 'Destination 64', 'BR', 'CI', NULL, 'http://example.com/image_64.jpg');
INSERT INTO pagoumorou_destination (id, destination_id, name, country_id, destination_type, parent_destination_id, image_url) VALUES ('bad16f92-6bac-4989-a6b4-a2cf8c63298e', 1065, 'Destination 65', 'BR', 'ST', NULL, 'http://example.com/image_65.jpg');
INSERT INTO pagoumorou_destination (id, destination_id, name, country_id, destination_type, parent_destination_id, image_url) VALUES ('2d8a4dea-40b5-4364-97b9-68b82a1df2a7', 1066, 'Destination 66', 'BR', 'CT', NULL, 'http://example.com/image_66.jpg');
INSERT INTO pagoumorou_destination (id, destination_id, name, country_id, destination_type, parent_destination_id, image_url) VALUES ('c3da21ad-071f-4d77-9bdf-95d2977da946', 1067, 'Destination 67', 'BR', 'ST', NULL, 'http://example.com/image_67.jpg');
INSERT INTO pagoumorou_destination (id, destination_id, name, country_id, destination_type, parent_destination_id, image_url) VALUES ('6bd76fa1-c300-4d60-8743-53883386a557', 1068, 'Destination 68', 'BR', 'ST', NULL, 'http://example.com/image_68.jpg');
INSERT INTO pagoumorou_destination (id, destination_id, name, country_id, destination_type, parent_destination_id, image_url) VALUES ('9c5321af-0f08-4d2c-8b6b-df1df1e5c473', 1069, 'Destination 69', 'BR', 'CI', NULL, 'http://example.com/image_69.jpg');
INSERT INTO pagoumorou_destination (id, destination_id, name, country_id, destination_type, parent_destination_id, image_url) VALUES ('e8b2ad4d-b376-4404-bb0b-3c6a232f2b7f', 1070, 'Destination 70', 'BR', 'CT', NULL, 'http://example.com/image_70.jpg');
INSERT INTO pagoumorou_destination (id, destination_id, name, country_id, destination_type, parent_destination_id, image_url) VALUES ('a9479544-a993-4ee4-81f0-118159da9ca5', 1071, 'Destination 71', 'BR', 'CT', NULL, 'http://example.com/image_71.jpg');
INSERT INTO pagoumorou_destination (id, destination_id, name, country_id, destination_type, parent_destination_id, image_url) VALUES ('fb50660c-6647-4dc4-beec-3ec2a70ca957', 1072, 'Destination 72', 'BR', 'CI', NULL, 'http://example.com/image_72.jpg');
INSERT INTO pagoumorou_destination (id, destination_id, name, country_id, destination_type, parent_destination_id, image_url) VALUES ('4a499c9d-2dcc-483a-ba06-5615ccbbddae', 1073, 'Destination 73', 'BR', 'ST', NULL, 'http://example.com/image_73.jpg');
INSERT INTO pagoumorou_destination (id, destination_id, name, country_id, destination_type, parent_destination_id, image_url) VALUES ('1bc5c866-22fc-4bde-8707-cd0abd58e33b', 1074, 'Destination 74', 'BR', 'CI', NULL, 'http://example.com/image_74.jpg');
INSERT INTO pagoumorou_destination (id, destination_id, name, country_id, destination_type, parent_destination_id, image_url) VALUES ('0ef44509-255d-485f-8747-de44645ac03b', 1075, 'Destination 75', 'BR', 'ST', NULL, 'http://example.com/image_75.jpg');
INSERT INTO pagoumorou_destination (id, destination_id, name, country_id, destination_type, parent_destination_id, image_url) VALUES ('df13eccc-06f7-4cdd-90d1-bf94374ca4e3', 1076, 'Destination 76', 'BR', 'CT', NULL, 'http://example.com/image_76.jpg');
INSERT INTO pagoumorou_destination (id, destination_id, name, country_id, destination_type, parent_destination_id, image_url) VALUES ('c934ec3e-74a4-4340-a06a-c92b99e2fcd4', 1077, 'Destination 77', 'BR', 'ST', NULL, 'http://example.com/image_77.jpg');
INSERT INTO pagoumorou_destination (id, destination_id, name, country_id, destination_type, parent_destination_id, image_url) VALUES ('3d50e8cb-f925-4466-9f37-b59afabed749', 1078, 'Destination 78', 'BR', 'CT', NULL, 'http://example.com/image_78.jpg');
INSERT INTO pagoumorou_destination (id, destination_id, name, country_id, destination_type, parent_destination_id, image_url) VALUES ('28ecf93d-2cd2-43a2-b6a9-3d273629708d', 1079, 'Destination 79', 'BR', 'CI', NULL, 'http://example.com/image_79.jpg');
INSERT INTO pagoumorou_destination (id, destination_id, name, country_id, destination_type, parent_destination_id, image_url) VALUES ('8e6ed596-0e8a-4e42-a45a-3e41283b12b0', 1080, 'Destination 80', 'BR', 'CT', NULL, 'http://example.com/image_80.jpg');
INSERT INTO pagoumorou_destination (id, destination_id, name, country_id, destination_type, parent_destination_id, image_url) VALUES ('60067404-11f5-4693-a9c8-42f27c9adf42', 1081, 'Destination 81', 'BR', 'CT', NULL, 'http://example.com/image_81.jpg');
INSERT INTO pagoumorou_destination (id, destination_id, name, country_id, destination_type, parent_destination_id, image_url) VALUES ('1f7bac36-23af-4f44-993b-960ca6961a43', 1082, 'Destination 82', 'BR', 'ST', NULL, 'http://example.com/image_82.jpg');
INSERT INTO pagoumorou_destination (id, destination_id, name, country_id, destination_type, parent_destination_id, image_url) VALUES ('0674f4c2-613e-451e-9ca9-c62bd4b35281', 1083, 'Destination 83', 'BR', 'CI', NULL, 'http://example.com/image_83.jpg');
INSERT INTO pagoumorou_destination (id, destination_id, name, country_id, destination_type, parent_destination_id, image_url) VALUES ('14051fd3-4aa5-4337-9d47-15f211316839', 1084, 'Destination 84', 'BR', 'ST', NULL, 'http://example.com/image_84.jpg');
INSERT INTO pagoumorou_destination (id, destination_id, name, country_id, destination_type, parent_destination_id, image_url) VALUES ('56ee0330-3eb6-4460-b29e-072effa69cce', 1085, 'Destination 85', 'BR', 'CT', NULL, 'http://example.com/image_85.jpg');
INSERT INTO pagoumorou_destination (id, destination_id, name, country_id, destination_type, parent_destination_id, image_url) VALUES ('ce21db46-3049-465c-810f-9b31ac999dd1', 1086, 'Destination 86', 'BR', 'CT', NULL, 'http://example.com/image_86.jpg');
INSERT INTO pagoumorou_destination (id, destination_id, name, country_id, destination_type, parent_destination_id, image_url) VALUES ('accc2a15-c7fe-4117-8678-5c481aff675d', 1087, 'Destination 87', 'BR', 'CI', NULL, 'http://example.com/image_87.jpg');
INSERT INTO pagoumorou_destination (id, destination_id, name, country_id, destination_type, parent_destination_id, image_url) VALUES ('23c13449-c630-4935-9997-a53fdcb692fe', 1088, 'Destination 88', 'BR', 'ST', NULL, 'http://example.com/image_88.jpg');
INSERT INTO pagoumorou_destination (id, destination_id, name, country_id, destination_type, parent_destination_id, image_url) VALUES ('40b01c2f-3688-4a00-bca5-746de1665373', 1089, 'Destination 89', 'BR', 'CI', NULL, 'http://example.com/image_89.jpg');
INSERT INTO pagoumorou_destination (id, destination_id, name, country_id, destination_type, parent_destination_id, image_url) VALUES ('bf4c0181-6994-4184-a156-fb4e9d844bf7', 1090, 'Destination 90', 'BR', 'CT', NULL, 'http://example.com/image_90.jpg');
INSERT INTO pagoumorou_destination (id, destination_id, name, country_id, destination_type, parent_destination_id, image_url) VALUES ('4979a7d6-e284-40da-9377-5141cf803ab4', 1091, 'Destination 91', 'BR', 'CT', NULL, 'http://example.com/image_91.jpg');
INSERT INTO pagoumorou_destination (id, destination_id, name, country_id, destination_type, parent_destination_id, image_url) VALUES ('9dc39256-f709-4fd2-ba92-6cf03e3aa9b2', 1092, 'Destination 92', 'BR', 'CI', NULL, 'http://example.com/image_92.jpg');
INSERT INTO pagoumorou_destination (id, destination_id, name, country_id, destination_type, parent_destination_id, image_url) VALUES ('0118ef51-c05c-4bc7-8319-b525ff96aed7', 1093, 'Destination 93', 'BR', 'CT', NULL, 'http://example.com/image_93.jpg');
INSERT INTO pagoumorou_destination (id, destination_id, name, country_id, destination_type, parent_destination_id, image_url) VALUES ('e1f23ff5-6d98-487f-845f-b5771849d5b6', 1094, 'Destination 94', 'BR', 'CI', NULL, 'http://example.com/image_94.jpg');
INSERT INTO pagoumorou_destination (id, destination_id, name, country_id, destination_type, parent_destination_id, image_url) VALUES ('a0eac5a3-ac90-4091-96ca-64cd6be13996', 1095, 'Destination 95', 'BR', 'CT', NULL, 'http://example.com/image_95.jpg');
INSERT INTO pagoumorou_destination (id, destination_id, name, country_id, destination_type, parent_destination_id, image_url) VALUES ('853ffa4d-c6d2-491b-a0da-665c05a6a8bd', 1096, 'Destination 96', 'BR', 'CT', NULL, 'http://example.com/image_96.jpg');
INSERT INTO pagoumorou_destination (id, destination_id, name, country_id, destination_type, parent_destination_id, image_url) VALUES ('cc293ee9-9cc0-4312-a489-0de8e279b34a', 1097, 'Destination 97', 'BR', 'ST', NULL, 'http://example.com/image_97.jpg');
INSERT INTO pagoumorou_destination (id, destination_id, name, country_id, destination_type, parent_destination_id, image_url) VALUES ('419134ac-e9f6-4daf-a0f7-63f542ce9ae0', 1098, 'Destination 98', 'BR', 'CT', NULL, 'http://example.com/image_98.jpg');
INSERT INTO pagoumorou_destination (id, destination_id, name, country_id, destination_type, parent_destination_id, image_url) VALUES ('72020d94-b440-4312-8476-0864a801d97a', 1099, 'Destination 99', 'BR', 'ST', NULL, 'http://example.com/image_99.jpg');
INSERT INTO pagoumorou_feature (id, name) VALUES ('63fa3c64-ec13-4445-b7d7-05880d4c5478', 'Feature 0');
INSERT INTO pagoumorou_feature (id, name) VALUES ('37b508aa-b156-4412-8d55-aae2875303a5', 'Feature 1');
INSERT INTO pagoumorou_feature (id, name) VALUES ('36ed7394-42b1-451e-913d-5848a5efb23e', 'Feature 2');
INSERT INTO pagoumorou_feature (id, name) VALUES ('13ecbb04-6852-4232-b10f-a75b073fbf1f', 'Feature 3');
INSERT INTO pagoumorou_feature (id, name) VALUES ('5c3d1a44-fec8-4266-86b7-179fdc35f58d', 'Feature 4');
INSERT INTO pagoumorou_feature (id, name) VALUES ('549802c6-79aa-4d28-998f-fb36c2a55658', 'Feature 5');
INSERT INTO pagoumorou_feature (id, name) VALUES ('82bb9cd0-527d-41ca-82f7-ae752d57d796', 'Feature 6');
INSERT INTO pagoumorou_feature (id, name) VALUES ('e7ee1b51-4ef8-4d5a-8ac9-1e9e5b260637', 'Feature 7');
INSERT INTO pagoumorou_feature (id, name) VALUES ('a15455a0-2d18-4eea-8f08-8cc5ef95c12e', 'Feature 8');
INSERT INTO pagoumorou_feature (id, name) VALUES ('4c9bb0cb-7469-46f7-acb0-61d5c3d9a220', 'Feature 9');
INSERT INTO pagoumorou_feature (id, name) VALUES ('0b89cd3c-b2e9-4593-a2b7-31a62c70134b', 'Feature 10');
INSERT INTO pagoumorou_feature (id, name) VALUES ('25082c5b-25f4-421a-a27f-4e41d41a2119', 'Feature 11');
INSERT INTO pagoumorou_feature (id, name) VALUES ('8c84c4e7-4086-49e9-8313-38f217b6010e', 'Feature 12');
INSERT INTO pagoumorou_feature (id, name) VALUES ('f1e963a8-6500-4b5c-a5bf-dcb97beb3d45', 'Feature 13');
INSERT INTO pagoumorou_feature (id, name) VALUES ('aa788f24-16ae-4979-ad15-6519ffa2800a', 'Feature 14');
INSERT INTO pagoumorou_feature (id, name) VALUES ('09112832-f10d-4cb0-96c9-06d0baa87c91', 'Feature 15');
INSERT INTO pagoumorou_feature (id, name) VALUES ('45605385-da86-417f-8423-3d40887e67be', 'Feature 16');
INSERT INTO pagoumorou_feature (id, name) VALUES ('1da4b951-c38a-49ec-a536-69a17d70908b', 'Feature 17');
INSERT INTO pagoumorou_feature (id, name) VALUES ('842a8a4a-92f6-48d5-ab34-6292964dbdd0', 'Feature 18');
INSERT INTO pagoumorou_feature (id, name) VALUES ('28e16f62-e489-4307-8e3e-47011a158342', 'Feature 19');
INSERT INTO pagoumorou_feature (id, name) VALUES ('c27550ed-7952-4b53-93e8-76bcaf4320ae', 'Feature 20');
INSERT INTO pagoumorou_feature (id, name) VALUES ('17688c98-8ca7-4b30-af50-f84088e93157', 'Feature 21');
INSERT INTO pagoumorou_feature (id, name) VALUES ('eacee133-4356-47e6-8d05-e4c4008c5016', 'Feature 22');
INSERT INTO pagoumorou_feature (id, name) VALUES ('9a6160ff-b86d-4948-9199-5b619b5a7d70', 'Feature 23');
INSERT INTO pagoumorou_feature (id, name) VALUES ('8f3c52ed-5e4b-4804-99dd-988340397ebb', 'Feature 24');
INSERT INTO pagoumorou_feature (id, name) VALUES ('c1077903-865a-46dd-be9c-8edbea9726fd', 'Feature 25');
INSERT INTO pagoumorou_feature (id, name) VALUES ('1d30f7bd-041a-4bc9-8afe-7177a12550a9', 'Feature 26');
INSERT INTO pagoumorou_feature (id, name) VALUES ('f8be7240-e245-4fe7-990e-183a8b5c5fdf', 'Feature 27');
INSERT INTO pagoumorou_feature (id, name) VALUES ('2747fbe6-4443-4e7e-9f32-966cf85525a3', 'Feature 28');
INSERT INTO pagoumorou_feature (id, name) VALUES ('f485c2dd-e248-4e65-ae0c-8b06ee4380c0', 'Feature 29');
INSERT INTO pagoumorou_feature (id, name) VALUES ('af5464e6-f601-410d-b823-823ffa9c4111', 'Feature 30');
INSERT INTO pagoumorou_feature (id, name) VALUES ('064fad7a-9e60-4fb8-bf1c-b0a00ecd5499', 'Feature 31');
INSERT INTO pagoumorou_feature (id, name) VALUES ('dc6de81a-a2d4-41a8-b952-44ba0ceab700', 'Feature 32');
INSERT INTO pagoumorou_feature (id, name) VALUES ('e3549739-9045-4707-9fa9-8510e98d8d7d', 'Feature 33');
INSERT INTO pagoumorou_feature (id, name) VALUES ('64a054f0-b1e0-47bc-81b4-151ceb4d5d58', 'Feature 34');
INSERT INTO pagoumorou_feature (id, name) VALUES ('d57acf65-ea33-4559-9b6b-26a201042aa9', 'Feature 35');
INSERT INTO pagoumorou_feature (id, name) VALUES ('5678f818-78b8-4b9d-b6a5-a267a28a8c72', 'Feature 36');
INSERT INTO pagoumorou_feature (id, name) VALUES ('d16f9145-6277-4412-b990-a3f5fd0aec27', 'Feature 37');
INSERT INTO pagoumorou_feature (id, name) VALUES ('70d4a50f-3107-4c69-84a5-f3a87abd61e1', 'Feature 38');
INSERT INTO pagoumorou_feature (id, name) VALUES ('8c8415bc-1713-4c87-932c-f0a0691dd5e8', 'Feature 39');
INSERT INTO pagoumorou_feature (id, name) VALUES ('8d987c10-0777-4535-beb0-249b291e1385', 'Feature 40');
INSERT INTO pagoumorou_feature (id, name) VALUES ('36c76891-3c58-41cf-aaea-4853983bce2b', 'Feature 41');
INSERT INTO pagoumorou_feature (id, name) VALUES ('244e150f-f351-4aca-9ee7-690067e767ed', 'Feature 42');
INSERT INTO pagoumorou_feature (id, name) VALUES ('2c1c4bac-92fb-4b22-8b49-d59f8cbc1f30', 'Feature 43');
INSERT INTO pagoumorou_feature (id, name) VALUES ('2f92881a-6abc-452e-a04a-acef69a37dcf', 'Feature 44');
INSERT INTO pagoumorou_feature (id, name) VALUES ('9e53bd48-81ac-45c5-8187-44a49817822d', 'Feature 45');
INSERT INTO pagoumorou_feature (id, name) VALUES ('ad18d66b-a5a5-421c-b014-9589eebad2ff', 'Feature 46');
INSERT INTO pagoumorou_feature (id, name) VALUES ('26275e06-eb7b-4ff0-a6e0-fc829748cc63', 'Feature 47');
INSERT INTO pagoumorou_feature (id, name) VALUES ('4fa75727-05be-4b54-942b-aaac8334d330', 'Feature 48');
INSERT INTO pagoumorou_feature (id, name) VALUES ('aa6e1f92-2b51-4c3e-bcde-3af12a85be53', 'Feature 49');
INSERT INTO pagoumorou_feature (id, name) VALUES ('c63c2bea-e214-4eba-8730-be71f6f46fa9', 'Feature 50');
INSERT INTO pagoumorou_feature (id, name) VALUES ('828e2204-cc6a-40ff-9eef-6ee7d536ca26', 'Feature 51');
INSERT INTO pagoumorou_feature (id, name) VALUES ('2508ecc7-74fe-4351-b678-8bf19eb9f59c', 'Feature 52');
INSERT INTO pagoumorou_feature (id, name) VALUES ('454a4328-4224-4b65-a782-c39f5ac74185', 'Feature 53');
INSERT INTO pagoumorou_feature (id, name) VALUES ('a6d8bf1a-0c89-4bbe-9215-20378ddcebe2', 'Feature 54');
INSERT INTO pagoumorou_feature (id, name) VALUES ('55aa842b-a6c0-46a3-870f-fcb48fa9599b', 'Feature 55');
INSERT INTO pagoumorou_feature (id, name) VALUES ('50ab6fa6-aa8e-4e0c-9741-d3f4559d4101', 'Feature 56');
INSERT INTO pagoumorou_feature (id, name) VALUES ('70b1fa31-f41d-4ff0-9209-0a3140089a21', 'Feature 57');
INSERT INTO pagoumorou_feature (id, name) VALUES ('60926d07-ba46-4cf4-b277-90da811de860', 'Feature 58');
INSERT INTO pagoumorou_feature (id, name) VALUES ('12a72cfc-f2ca-4327-9a61-ce5ed6701fac', 'Feature 59');
INSERT INTO pagoumorou_feature (id, name) VALUES ('7ec6c6a9-72a4-48d3-af44-100b4166cdaa', 'Feature 60');
INSERT INTO pagoumorou_feature (id, name) VALUES ('712a766c-a0f7-4bdb-9600-a45c83eed6f2', 'Feature 61');
INSERT INTO pagoumorou_feature (id, name) VALUES ('96ed5fc2-7074-4e8c-84e7-72df1b8ed459', 'Feature 62');
INSERT INTO pagoumorou_feature (id, name) VALUES ('22e75b97-e642-4101-b805-8f87109aaaf6', 'Feature 63');
INSERT INTO pagoumorou_feature (id, name) VALUES ('c9a6b890-61e8-488c-9191-7a5274cdd6d8', 'Feature 64');
INSERT INTO pagoumorou_feature (id, name) VALUES ('08982e12-3431-4444-a0d6-c9c72a2bcaac', 'Feature 65');
INSERT INTO pagoumorou_feature (id, name) VALUES ('e549df11-00e3-4703-8b2e-dd81a0c3f8f8', 'Feature 66');
INSERT INTO pagoumorou_feature (id, name) VALUES ('5cc92033-4f1e-4147-863e-9821cb38677d', 'Feature 67');
INSERT INTO pagoumorou_feature (id, name) VALUES ('27a3c37f-f5f8-4a85-922e-798ec88d340e', 'Feature 68');
INSERT INTO pagoumorou_feature (id, name) VALUES ('496d7d85-de6c-4b7b-b395-e954b54bccc5', 'Feature 69');
INSERT INTO pagoumorou_feature (id, name) VALUES ('f4388388-b69a-4f53-a0f9-90fe66e3c4b4', 'Feature 70');
INSERT INTO pagoumorou_feature (id, name) VALUES ('a77d4a53-5bac-4d4f-afff-c2462ecd1b16', 'Feature 71');
INSERT INTO pagoumorou_feature (id, name) VALUES ('5a1e841a-6195-487c-8dba-4a02b9139068', 'Feature 72');
INSERT INTO pagoumorou_feature (id, name) VALUES ('99aa06bc-66ac-40e0-be2d-23e0a7aa313b', 'Feature 73');
INSERT INTO pagoumorou_feature (id, name) VALUES ('7dd4f095-cb4e-4c45-8f6e-853561891efa', 'Feature 74');
INSERT INTO pagoumorou_feature (id, name) VALUES ('4f7a96d5-3524-4715-a7cd-b5a17bc07cbe', 'Feature 75');
INSERT INTO pagoumorou_feature (id, name) VALUES ('ab623809-5c1a-472a-86ef-dab65162df15', 'Feature 76');
INSERT INTO pagoumorou_feature (id, name) VALUES ('32ef1c9b-cd62-48f2-b095-68b93fd4d6d0', 'Feature 77');
INSERT INTO pagoumorou_feature (id, name) VALUES ('4e4ae21e-556d-4d3c-94ff-54b964f3c029', 'Feature 78');
INSERT INTO pagoumorou_feature (id, name) VALUES ('45a2e2fe-2188-4074-8090-fddf1971493e', 'Feature 79');
INSERT INTO pagoumorou_feature (id, name) VALUES ('c8307566-322f-4f3c-875a-c7b4dafc8380', 'Feature 80');
INSERT INTO pagoumorou_feature (id, name) VALUES ('eeba8a8c-cd0b-4e4d-b9e2-e47831634d9a', 'Feature 81');
INSERT INTO pagoumorou_feature (id, name) VALUES ('cb4cce29-7c07-4313-b458-243b433bfc84', 'Feature 82');
INSERT INTO pagoumorou_feature (id, name) VALUES ('3901980d-83af-4bc0-881d-02a0c0a0fdfb', 'Feature 83');
INSERT INTO pagoumorou_feature (id, name) VALUES ('92181c72-661a-42ed-b53d-7c923ce746d8', 'Feature 84');
INSERT INTO pagoumorou_feature (id, name) VALUES ('3435cfb7-2b9c-4dad-a437-88e43ff54314', 'Feature 85');
INSERT INTO pagoumorou_feature (id, name) VALUES ('13dbd3ca-5e4b-461d-80fc-1eb6472247de', 'Feature 86');
INSERT INTO pagoumorou_feature (id, name) VALUES ('217e2b5d-633b-4ead-9d1a-1602516434ec', 'Feature 87');
INSERT INTO pagoumorou_feature (id, name) VALUES ('ceef730f-c31f-4922-84b2-9f13de861e07', 'Feature 88');
INSERT INTO pagoumorou_feature (id, name) VALUES ('b7356922-7b94-4a08-980c-31442e213d6b', 'Feature 89');
INSERT INTO pagoumorou_feature (id, name) VALUES ('62b8ce6d-41c0-4b53-9c3b-a063af860aa2', 'Feature 90');
INSERT INTO pagoumorou_feature (id, name) VALUES ('00e4abf1-63ad-44d0-84c1-40ee5fe74ad4', 'Feature 91');
INSERT INTO pagoumorou_feature (id, name) VALUES ('bc181bd9-1c61-4681-b5c1-92aee545b230', 'Feature 92');
INSERT INTO pagoumorou_feature (id, name) VALUES ('c880e658-912a-4d84-b708-6d79bd7c7829', 'Feature 93');
INSERT INTO pagoumorou_feature (id, name) VALUES ('ab1feada-2ff5-4bfe-8478-61bca55e19a4', 'Feature 94');
INSERT INTO pagoumorou_feature (id, name) VALUES ('81bf7b80-ec32-4dd5-afa2-7d1178325a22', 'Feature 95');
INSERT INTO pagoumorou_feature (id, name) VALUES ('16c2feb2-9d39-469b-a5c6-2fde47fca59f', 'Feature 96');
INSERT INTO pagoumorou_feature (id, name) VALUES ('f8a2b847-452b-4ffc-b1aa-d0946987294f', 'Feature 97');
INSERT INTO pagoumorou_feature (id, name) VALUES ('99bbfe38-6f68-43fb-87c8-6cefa1346322', 'Feature 98');
INSERT INTO pagoumorou_feature (id, name) VALUES ('263224e3-3a22-46e8-b470-ad00d6ccd934', 'Feature 99');
INSERT INTO pagoumorou_property (id, name, type, rules, address, destination_id) VALUES ('4643a004-ea74-44d1-b67b-7d73fe581e0b', 'Property 0', 'Studio', 'No smoking, No pets 0', 'Street 0, City XYZ', '25dc0db0-9f50-443d-9371-e93f23c6646a');
INSERT INTO pagoumorou_property (id, name, type, rules, address, destination_id) VALUES ('ef331fbb-b66f-4227-a758-84a4c52d5146', 'Property 1', 'Studio', 'No smoking, No pets 1', 'Street 1, City XYZ', '6bd76fa1-c300-4d60-8743-53883386a557');
INSERT INTO pagoumorou_property (id, name, type, rules, address, destination_id) VALUES ('28a69f5a-d838-44a6-9462-c1d1b9f2a4c1', 'Property 2', 'House', 'No smoking, No pets 2', 'Street 2, City XYZ', 'f8996d13-f729-4457-9ca8-5b37c6288e15');
INSERT INTO pagoumorou_property (id, name, type, rules, address, destination_id) VALUES ('a86ebc1e-279d-4747-b3f4-c710b06fa9fd', 'Property 3', 'Apartment', 'No smoking, No pets 3', 'Street 3, City XYZ', '7cf0bba5-808a-4a0c-975f-d494a9a9833e');
INSERT INTO pagoumorou_property (id, name, type, rules, address, destination_id) VALUES ('2229fbe3-6481-4ae4-8fb7-7992a622dd8b', 'Property 4', 'Studio', 'No smoking, No pets 4', 'Street 4, City XYZ', '0ef44509-255d-485f-8747-de44645ac03b');
INSERT INTO pagoumorou_property (id, name, type, rules, address, destination_id) VALUES ('825b5cad-c6fe-4930-b5c9-3424e875a7f8', 'Property 5', 'Apartment', 'No smoking, No pets 5', 'Street 5, City XYZ', '0ef44509-255d-485f-8747-de44645ac03b');
INSERT INTO pagoumorou_property (id, name, type, rules, address, destination_id) VALUES ('59413ab4-ff2c-4c18-83b9-c0a8c38f6c40', 'Property 6', 'Apartment', 'No smoking, No pets 6', 'Street 6, City XYZ', 'bf4c0181-6994-4184-a156-fb4e9d844bf7');
INSERT INTO pagoumorou_property (id, name, type, rules, address, destination_id) VALUES ('084aac59-7372-4ff5-8060-5fc2640e2daa', 'Property 7', 'Studio', 'No smoking, No pets 7', 'Street 7, City XYZ', 'd10d8b6a-42f1-4074-956c-1c0edbcc8bd0');
INSERT INTO pagoumorou_property (id, name, type, rules, address, destination_id) VALUES ('53a81c31-596a-4da3-86a5-85eb690561f1', 'Property 8', 'Studio', 'No smoking, No pets 8', 'Street 8, City XYZ', '40b01c2f-3688-4a00-bca5-746de1665373');
INSERT INTO pagoumorou_property (id, name, type, rules, address, destination_id) VALUES ('708e922a-114b-4632-a538-2ca07080617d', 'Property 9', 'Apartment', 'No smoking, No pets 9', 'Street 9, City XYZ', 'fb0309f5-0d6d-4e0f-aab1-4a3d3b03e829');
INSERT INTO pagoumorou_property (id, name, type, rules, address, destination_id) VALUES ('f0756aa3-97b0-4106-9ca8-a8629b0aa81a', 'Property 10', 'Apartment', 'No smoking, No pets 10', 'Street 10, City XYZ', '61d3398f-5133-48ba-94dd-584f3e105664');
INSERT INTO pagoumorou_property (id, name, type, rules, address, destination_id) VALUES ('b640d56a-b1e4-477a-84f7-223f1482e1a0', 'Property 11', 'Apartment', 'No smoking, No pets 11', 'Street 11, City XYZ', 'ce21db46-3049-465c-810f-9b31ac999dd1');
INSERT INTO pagoumorou_property (id, name, type, rules, address, destination_id) VALUES ('04f0e37f-f403-42b0-afe1-7100217aab55', 'Property 12', 'Apartment', 'No smoking, No pets 12', 'Street 12, City XYZ', '6bd76fa1-c300-4d60-8743-53883386a557');
INSERT INTO pagoumorou_property (id, name, type, rules, address, destination_id) VALUES ('6549f598-817c-46bc-ad4d-1e99370ef776', 'Property 13', 'Studio', 'No smoking, No pets 13', 'Street 13, City XYZ', 'ed551784-f683-4c78-b317-72e776dcbeb6');
INSERT INTO pagoumorou_property (id, name, type, rules, address, destination_id) VALUES ('eca397a1-317e-4c52-aa4b-ef9a6c01df47', 'Property 14', 'House', 'No smoking, No pets 14', 'Street 14, City XYZ', '853ffa4d-c6d2-491b-a0da-665c05a6a8bd');
INSERT INTO pagoumorou_property (id, name, type, rules, address, destination_id) VALUES ('4e1078d6-1441-4a04-b835-c5d9a09cb240', 'Property 15', 'House', 'No smoking, No pets 15', 'Street 15, City XYZ', 'd2981b34-4dce-4427-8729-ae84ca2a7813');
INSERT INTO pagoumorou_property (id, name, type, rules, address, destination_id) VALUES ('a3714dee-86f6-4e9b-9405-f55c3c7af175', 'Property 16', 'House', 'No smoking, No pets 16', 'Street 16, City XYZ', '40b01c2f-3688-4a00-bca5-746de1665373');
INSERT INTO pagoumorou_property (id, name, type, rules, address, destination_id) VALUES ('e6ac1812-f830-43a6-8cad-8849bedde4ee', 'Property 17', 'Studio', 'No smoking, No pets 17', 'Street 17, City XYZ', '9dc39256-f709-4fd2-ba92-6cf03e3aa9b2');
INSERT INTO pagoumorou_property (id, name, type, rules, address, destination_id) VALUES ('b86cf44c-78c3-4a8a-a269-a37bf65536b7', 'Property 18', 'Apartment', 'No smoking, No pets 18', 'Street 18, City XYZ', 'c0508bcd-d896-4e45-8a95-a685dfcf70a0');
INSERT INTO pagoumorou_property (id, name, type, rules, address, destination_id) VALUES ('f9175ff0-18ee-4c7a-b5d8-af9d552c9093', 'Property 19', 'House', 'No smoking, No pets 19', 'Street 19, City XYZ', '61d3398f-5133-48ba-94dd-584f3e105664');
INSERT INTO pagoumorou_property (id, name, type, rules, address, destination_id) VALUES ('2e5d613f-ae1c-470f-a449-618c53835362', 'Property 20', 'House', 'No smoking, No pets 20', 'Street 20, City XYZ', '231526ca-be51-4dbb-bf5b-b42972393a7a');
INSERT INTO pagoumorou_property (id, name, type, rules, address, destination_id) VALUES ('00cc983b-a06c-497c-a2cb-ffbc965f44e7', 'Property 21', 'Studio', 'No smoking, No pets 21', 'Street 21, City XYZ', 'a9479544-a993-4ee4-81f0-118159da9ca5');
INSERT INTO pagoumorou_property (id, name, type, rules, address, destination_id) VALUES ('7a333896-3f90-4a3b-9cd6-3bb3066255b0', 'Property 22', 'Apartment', 'No smoking, No pets 22', 'Street 22, City XYZ', 'ab8dd431-8cd6-4437-81a3-7174764bc69f');
INSERT INTO pagoumorou_property (id, name, type, rules, address, destination_id) VALUES ('18bdf5a8-17d1-4f9e-a1b4-14eb9f40c77f', 'Property 23', 'Apartment', 'No smoking, No pets 23', 'Street 23, City XYZ', '300a86f8-f644-48fa-9470-97469fa8d64f');
INSERT INTO pagoumorou_property (id, name, type, rules, address, destination_id) VALUES ('191b8ac3-4235-415c-aa53-da899c7ffca4', 'Property 24', 'Studio', 'No smoking, No pets 24', 'Street 24, City XYZ', '9c5321af-0f08-4d2c-8b6b-df1df1e5c473');
INSERT INTO pagoumorou_property (id, name, type, rules, address, destination_id) VALUES ('f5fdcec8-1c21-4cad-94b5-8cd5e253c690', 'Property 25', 'House', 'No smoking, No pets 25', 'Street 25, City XYZ', '11515d48-013d-4510-8a40-0d1b2ea9758c');
INSERT INTO pagoumorou_property (id, name, type, rules, address, destination_id) VALUES ('4ce4305b-8f94-408c-8516-f683fc721055', 'Property 26', 'Studio', 'No smoking, No pets 26', 'Street 26, City XYZ', 'a0eac5a3-ac90-4091-96ca-64cd6be13996');
INSERT INTO pagoumorou_property (id, name, type, rules, address, destination_id) VALUES ('79660cf1-a702-4038-9eff-7e9841e72669', 'Property 27', 'Studio', 'No smoking, No pets 27', 'Street 27, City XYZ', '72020d94-b440-4312-8476-0864a801d97a');
INSERT INTO pagoumorou_property (id, name, type, rules, address, destination_id) VALUES ('21949bde-2953-4fa3-ac39-ecce9abf9d9a', 'Property 28', 'House', 'No smoking, No pets 28', 'Street 28, City XYZ', '1bc5c866-22fc-4bde-8707-cd0abd58e33b');
INSERT INTO pagoumorou_property (id, name, type, rules, address, destination_id) VALUES ('06d3dcf5-5401-48d7-bdfb-552b7f74aab9', 'Property 29', 'Apartment', 'No smoking, No pets 29', 'Street 29, City XYZ', 'ea42f77e-5122-4374-bf0a-1750fcb11581');
INSERT INTO pagoumorou_property (id, name, type, rules, address, destination_id) VALUES ('9c636429-6297-433a-9c52-41ef87551600', 'Property 30', 'Apartment', 'No smoking, No pets 30', 'Street 30, City XYZ', '09aa9aa0-9d9c-4a76-998a-b11361c38146');
INSERT INTO pagoumorou_property (id, name, type, rules, address, destination_id) VALUES ('23bd3a5a-ea4a-4ad7-8e54-cdb647a56ef0', 'Property 31', 'Studio', 'No smoking, No pets 31', 'Street 31, City XYZ', '5bea4783-8a5d-4a54-b741-8ede1d39b579');
INSERT INTO pagoumorou_property (id, name, type, rules, address, destination_id) VALUES ('f03bd9ab-fac9-4c40-90b3-1d1c862e4058', 'Property 32', 'House', 'No smoking, No pets 32', 'Street 32, City XYZ', 'c3814831-1e1c-4198-ba46-98dfbc61a3a2');
INSERT INTO pagoumorou_property (id, name, type, rules, address, destination_id) VALUES ('29210ba3-3741-49fc-bf26-0681b21d032a', 'Property 33', 'Apartment', 'No smoking, No pets 33', 'Street 33, City XYZ', '2d8a4dea-40b5-4364-97b9-68b82a1df2a7');
INSERT INTO pagoumorou_property (id, name, type, rules, address, destination_id) VALUES ('80e432dc-8b92-403c-b94c-a1e67433bdd2', 'Property 34', 'Studio', 'No smoking, No pets 34', 'Street 34, City XYZ', 'c1409a45-e99d-46bb-bf6d-5ddea00986c8');
INSERT INTO pagoumorou_property (id, name, type, rules, address, destination_id) VALUES ('26ca4405-3970-463c-942f-515aac7e367e', 'Property 35', 'Studio', 'No smoking, No pets 35', 'Street 35, City XYZ', 'df12a761-c1e6-4ff0-99e1-b423ebdfc32d');
INSERT INTO pagoumorou_property (id, name, type, rules, address, destination_id) VALUES ('04271de8-795c-4ba2-a666-7f02d0d21594', 'Property 36', 'Studio', 'No smoking, No pets 36', 'Street 36, City XYZ', 'c0508bcd-d896-4e45-8a95-a685dfcf70a0');
INSERT INTO pagoumorou_property (id, name, type, rules, address, destination_id) VALUES ('3a3b6d78-3573-44fd-afac-16df8d63447f', 'Property 37', 'Apartment', 'No smoking, No pets 37', 'Street 37, City XYZ', '9095acf5-bc6b-4e18-a99a-67c92dd65f9f');
INSERT INTO pagoumorou_property (id, name, type, rules, address, destination_id) VALUES ('19e358f6-a98f-428a-9c2a-65cafaedbc30', 'Property 38', 'Apartment', 'No smoking, No pets 38', 'Street 38, City XYZ', '14051fd3-4aa5-4337-9d47-15f211316839');
INSERT INTO pagoumorou_property (id, name, type, rules, address, destination_id) VALUES ('99a98c2a-97ed-43e6-a3ab-e9fc5be64b48', 'Property 39', 'Studio', 'No smoking, No pets 39', 'Street 39, City XYZ', '14051fd3-4aa5-4337-9d47-15f211316839');
INSERT INTO pagoumorou_property (id, name, type, rules, address, destination_id) VALUES ('c38404e3-6f55-473f-a702-623aa4f9216d', 'Property 40', 'Apartment', 'No smoking, No pets 40', 'Street 40, City XYZ', '3d50e8cb-f925-4466-9f37-b59afabed749');
INSERT INTO pagoumorou_property (id, name, type, rules, address, destination_id) VALUES ('9347b27b-bf79-472a-aaa4-8e9dcac5bfcb', 'Property 41', 'Studio', 'No smoking, No pets 41', 'Street 41, City XYZ', 'f7722f31-56bb-4bf0-bec3-7dfb3098e4e5');
INSERT INTO pagoumorou_property (id, name, type, rules, address, destination_id) VALUES ('9d01d4b1-251c-4eb0-90a5-6b95cd1a599e', 'Property 42', 'Apartment', 'No smoking, No pets 42', 'Street 42, City XYZ', '5bea4783-8a5d-4a54-b741-8ede1d39b579');
INSERT INTO pagoumorou_property (id, name, type, rules, address, destination_id) VALUES ('2a1b7f67-35e3-433e-a8b6-f16c71488b65', 'Property 43', 'Apartment', 'No smoking, No pets 43', 'Street 43, City XYZ', '11515d48-013d-4510-8a40-0d1b2ea9758c');
INSERT INTO pagoumorou_property (id, name, type, rules, address, destination_id) VALUES ('f222831f-f47d-43a9-b686-f3522ec038a7', 'Property 44', 'Studio', 'No smoking, No pets 44', 'Street 44, City XYZ', '1bc5c866-22fc-4bde-8707-cd0abd58e33b');
INSERT INTO pagoumorou_property (id, name, type, rules, address, destination_id) VALUES ('18b1b581-184f-4ab2-9cd8-af34fa5b8a67', 'Property 45', 'Studio', 'No smoking, No pets 45', 'Street 45, City XYZ', '14051fd3-4aa5-4337-9d47-15f211316839');
INSERT INTO pagoumorou_property (id, name, type, rules, address, destination_id) VALUES ('fa5d41d6-c5bb-48b9-931c-0ecd8e680100', 'Property 46', 'Studio', 'No smoking, No pets 46', 'Street 46, City XYZ', '89783a59-d7f4-418f-baab-ac22337cc9d4');
INSERT INTO pagoumorou_property (id, name, type, rules, address, destination_id) VALUES ('b19bac52-6ca3-4f47-9b9a-2c9dc6dfcb06', 'Property 47', 'Studio', 'No smoking, No pets 47', 'Street 47, City XYZ', 'fb50660c-6647-4dc4-beec-3ec2a70ca957');
INSERT INTO pagoumorou_property (id, name, type, rules, address, destination_id) VALUES ('e4020e67-4b05-4dc6-b514-4f9ddedfd980', 'Property 48', 'Apartment', 'No smoking, No pets 48', 'Street 48, City XYZ', 'c0508bcd-d896-4e45-8a95-a685dfcf70a0');
INSERT INTO pagoumorou_property (id, name, type, rules, address, destination_id) VALUES ('277be840-4446-45f7-90d7-83045d5fb58c', 'Property 49', 'Studio', 'No smoking, No pets 49', 'Street 49, City XYZ', '853ffa4d-c6d2-491b-a0da-665c05a6a8bd');
INSERT INTO pagoumorou_property (id, name, type, rules, address, destination_id) VALUES ('c1750966-d2f6-40c1-94db-672399f9e84b', 'Property 50', 'Apartment', 'No smoking, No pets 50', 'Street 50, City XYZ', '300a86f8-f644-48fa-9470-97469fa8d64f');
INSERT INTO pagoumorou_property (id, name, type, rules, address, destination_id) VALUES ('d20a1757-1c69-4caa-ae7c-6e6b228a0e8e', 'Property 51', 'Apartment', 'No smoking, No pets 51', 'Street 51, City XYZ', 'c1409a45-e99d-46bb-bf6d-5ddea00986c8');
INSERT INTO pagoumorou_property (id, name, type, rules, address, destination_id) VALUES ('1022817d-0c78-4bb3-90b8-c4fae094e454', 'Property 52', 'Studio', 'No smoking, No pets 52', 'Street 52, City XYZ', 'df12a761-c1e6-4ff0-99e1-b423ebdfc32d');
INSERT INTO pagoumorou_property (id, name, type, rules, address, destination_id) VALUES ('edcf8348-5049-4a6d-b6ee-cdae8e4981df', 'Property 53', 'Apartment', 'No smoking, No pets 53', 'Street 53, City XYZ', '60067404-11f5-4693-a9c8-42f27c9adf42');
INSERT INTO pagoumorou_property (id, name, type, rules, address, destination_id) VALUES ('a7cdee3d-37d9-44c5-95b2-ce821bc9ee18', 'Property 54', 'House', 'No smoking, No pets 54', 'Street 54, City XYZ', '853ffa4d-c6d2-491b-a0da-665c05a6a8bd');
INSERT INTO pagoumorou_property (id, name, type, rules, address, destination_id) VALUES ('c5d7d871-e3c2-4eb6-a606-5aedfcc8ddee', 'Property 55', 'Apartment', 'No smoking, No pets 55', 'Street 55, City XYZ', 'fb0309f5-0d6d-4e0f-aab1-4a3d3b03e829');
INSERT INTO pagoumorou_property (id, name, type, rules, address, destination_id) VALUES ('0c7eb16c-2c0a-4c15-98b2-72eb8d4a5d5c', 'Property 56', 'House', 'No smoking, No pets 56', 'Street 56, City XYZ', '6bd76fa1-c300-4d60-8743-53883386a557');
INSERT INTO pagoumorou_property (id, name, type, rules, address, destination_id) VALUES ('64ced1f8-fbcb-40e2-905a-38810b45aa40', 'Property 57', 'Studio', 'No smoking, No pets 57', 'Street 57, City XYZ', '9095acf5-bc6b-4e18-a99a-67c92dd65f9f');
INSERT INTO pagoumorou_property (id, name, type, rules, address, destination_id) VALUES ('59e6f1e2-6e40-47b1-99da-6b04fd1625fa', 'Property 58', 'House', 'No smoking, No pets 58', 'Street 58, City XYZ', 'd10d8b6a-42f1-4074-956c-1c0edbcc8bd0');
INSERT INTO pagoumorou_property (id, name, type, rules, address, destination_id) VALUES ('9a972e6f-7576-4508-ba4a-6e87c40665ec', 'Property 59', 'House', 'No smoking, No pets 59', 'Street 59, City XYZ', '2a32eed9-146a-4935-81db-0593a59e4aa3');
INSERT INTO pagoumorou_property (id, name, type, rules, address, destination_id) VALUES ('5a8554cb-7059-4fd1-be55-25a648c46564', 'Property 60', 'Apartment', 'No smoking, No pets 60', 'Street 60, City XYZ', '9c2469df-8abb-4b88-aac4-c69d3c1410f8');
INSERT INTO pagoumorou_property (id, name, type, rules, address, destination_id) VALUES ('52e6385c-b4d6-468d-a159-6a8d3f2495c7', 'Property 61', 'Studio', 'No smoking, No pets 61', 'Street 61, City XYZ', 'c934ec3e-74a4-4340-a06a-c92b99e2fcd4');
INSERT INTO pagoumorou_property (id, name, type, rules, address, destination_id) VALUES ('423315a3-69e5-40fb-9155-135028939c32', 'Property 62', 'House', 'No smoking, No pets 62', 'Street 62, City XYZ', '14051fd3-4aa5-4337-9d47-15f211316839');
INSERT INTO pagoumorou_property (id, name, type, rules, address, destination_id) VALUES ('b1d12efd-1761-4fa2-80cc-7b2cea1830f3', 'Property 63', 'Apartment', 'No smoking, No pets 63', 'Street 63, City XYZ', '9c5321af-0f08-4d2c-8b6b-df1df1e5c473');
INSERT INTO pagoumorou_property (id, name, type, rules, address, destination_id) VALUES ('322377c7-c6a0-4688-a259-b5155869d552', 'Property 64', 'Studio', 'No smoking, No pets 64', 'Street 64, City XYZ', '11515d48-013d-4510-8a40-0d1b2ea9758c');
INSERT INTO pagoumorou_property (id, name, type, rules, address, destination_id) VALUES ('96777179-02d4-488f-a7be-0becb7297069', 'Property 65', 'Apartment', 'No smoking, No pets 65', 'Street 65, City XYZ', '8ff61475-8892-47ec-9ce5-005895adc671');
INSERT INTO pagoumorou_property (id, name, type, rules, address, destination_id) VALUES ('83b23389-5939-4cf9-ae21-68ee529dc7a6', 'Property 66', 'Studio', 'No smoking, No pets 66', 'Street 66, City XYZ', '4f6758ef-11de-46ec-93f5-f1e44dbbe8bc');
INSERT INTO pagoumorou_property (id, name, type, rules, address, destination_id) VALUES ('00d8a049-218b-4f6c-8077-4c5bddb3fa45', 'Property 67', 'House', 'No smoking, No pets 67', 'Street 67, City XYZ', '6bd76fa1-c300-4d60-8743-53883386a557');
INSERT INTO pagoumorou_property (id, name, type, rules, address, destination_id) VALUES ('5ce2a7a9-c570-4764-bb22-986cf358b66b', 'Property 68', 'Studio', 'No smoking, No pets 68', 'Street 68, City XYZ', '61d3398f-5133-48ba-94dd-584f3e105664');
INSERT INTO pagoumorou_property (id, name, type, rules, address, destination_id) VALUES ('b25e3868-e6a1-4bfb-89d7-1946c5320838', 'Property 69', 'Studio', 'No smoking, No pets 69', 'Street 69, City XYZ', 'a56a18e9-82d6-4719-9fbb-cff5469d23e4');
INSERT INTO pagoumorou_property (id, name, type, rules, address, destination_id) VALUES ('ab5298cf-f16e-4cc5-8c27-a1e38c8b3627', 'Property 70', 'Studio', 'No smoking, No pets 70', 'Street 70, City XYZ', 'df905397-636a-464b-999f-c27fc09b2cc1');
INSERT INTO pagoumorou_property (id, name, type, rules, address, destination_id) VALUES ('66e3079d-7fd5-4246-a7be-780bcc053926', 'Property 71', 'House', 'No smoking, No pets 71', 'Street 71, City XYZ', 'f0142475-4a01-4de9-a504-bd4ac2ab49d7');
INSERT INTO pagoumorou_property (id, name, type, rules, address, destination_id) VALUES ('aea75804-6f99-4ac7-8331-9beba4d28644', 'Property 72', 'House', 'No smoking, No pets 72', 'Street 72, City XYZ', 'a9479544-a993-4ee4-81f0-118159da9ca5');
INSERT INTO pagoumorou_property (id, name, type, rules, address, destination_id) VALUES ('825933a3-48c3-4353-9495-b131c54d0ce5', 'Property 73', 'House', 'No smoking, No pets 73', 'Street 73, City XYZ', '0674f4c2-613e-451e-9ca9-c62bd4b35281');
INSERT INTO pagoumorou_property (id, name, type, rules, address, destination_id) VALUES ('0bd8b8e8-e51b-4251-a144-342228985579', 'Property 74', 'Apartment', 'No smoking, No pets 74', 'Street 74, City XYZ', '7cf0bba5-808a-4a0c-975f-d494a9a9833e');
INSERT INTO pagoumorou_property (id, name, type, rules, address, destination_id) VALUES ('a5d3a7b7-92a0-4059-b4b6-92ecc25e5683', 'Property 75', 'House', 'No smoking, No pets 75', 'Street 75, City XYZ', '1f7bac36-23af-4f44-993b-960ca6961a43');
INSERT INTO pagoumorou_property (id, name, type, rules, address, destination_id) VALUES ('4f5691b7-1859-4c72-a0ba-c58d5c67092a', 'Property 76', 'House', 'No smoking, No pets 76', 'Street 76, City XYZ', '0ef44509-255d-485f-8747-de44645ac03b');
INSERT INTO pagoumorou_property (id, name, type, rules, address, destination_id) VALUES ('fce0a7ae-b785-45fc-b140-d038cfe848e7', 'Property 77', 'Apartment', 'No smoking, No pets 77', 'Street 77, City XYZ', '40b01c2f-3688-4a00-bca5-746de1665373');
INSERT INTO pagoumorou_property (id, name, type, rules, address, destination_id) VALUES ('a507c2d8-86dc-40df-b538-f9cf0d56bb3a', 'Property 78', 'House', 'No smoking, No pets 78', 'Street 78, City XYZ', 'c3da21ad-071f-4d77-9bdf-95d2977da946');
INSERT INTO pagoumorou_property (id, name, type, rules, address, destination_id) VALUES ('b50763bc-d73f-40f0-ae2e-798579b67b9a', 'Property 79', 'House', 'No smoking, No pets 79', 'Street 79, City XYZ', '065418a0-7586-4f0f-81e0-dc0dcfbb0d38');
INSERT INTO pagoumorou_property (id, name, type, rules, address, destination_id) VALUES ('c627cf6d-6345-4088-b06b-191a3ad5251b', 'Property 80', 'House', 'No smoking, No pets 80', 'Street 80, City XYZ', '72020d94-b440-4312-8476-0864a801d97a');
INSERT INTO pagoumorou_property (id, name, type, rules, address, destination_id) VALUES ('33e658c8-9fdb-443c-910d-cc638b165c80', 'Property 81', 'House', 'No smoking, No pets 81', 'Street 81, City XYZ', 'c3814831-1e1c-4198-ba46-98dfbc61a3a2');
INSERT INTO pagoumorou_property (id, name, type, rules, address, destination_id) VALUES ('98191f74-6a69-4a00-a1e0-15a3f73535d2', 'Property 82', 'Studio', 'No smoking, No pets 82', 'Street 82, City XYZ', 'd2981b34-4dce-4427-8729-ae84ca2a7813');
INSERT INTO pagoumorou_property (id, name, type, rules, address, destination_id) VALUES ('8356639d-e745-45a9-b2a5-dfee3bb3d67c', 'Property 83', 'House', 'No smoking, No pets 83', 'Street 83, City XYZ', 'b1096e3e-bf5b-4759-bd71-36461dd0966e');
INSERT INTO pagoumorou_property (id, name, type, rules, address, destination_id) VALUES ('bdd5ed86-c14a-4167-b41d-6519811d61f2', 'Property 84', 'Studio', 'No smoking, No pets 84', 'Street 84, City XYZ', 'c3da21ad-071f-4d77-9bdf-95d2977da946');
INSERT INTO pagoumorou_property (id, name, type, rules, address, destination_id) VALUES ('11144548-28af-4b60-963f-735d22d2b6be', 'Property 85', 'Apartment', 'No smoking, No pets 85', 'Street 85, City XYZ', '1f7bac36-23af-4f44-993b-960ca6961a43');
INSERT INTO pagoumorou_property (id, name, type, rules, address, destination_id) VALUES ('596088df-dfcd-42d5-a6bd-3950312d4748', 'Property 86', 'House', 'No smoking, No pets 86', 'Street 86, City XYZ', '1564cd79-a85b-4cd3-af90-2c8ad733576b');
INSERT INTO pagoumorou_property (id, name, type, rules, address, destination_id) VALUES ('05240bd7-b334-4fcd-8bac-29bcca7b4591', 'Property 87', 'Apartment', 'No smoking, No pets 87', 'Street 87, City XYZ', '1c7b6ad2-28f9-4921-83cc-745a1085228a');
INSERT INTO pagoumorou_property (id, name, type, rules, address, destination_id) VALUES ('e6b51956-d6cc-4255-a107-f9a3266b50f2', 'Property 88', 'House', 'No smoking, No pets 88', 'Street 88, City XYZ', 'c1409a45-e99d-46bb-bf6d-5ddea00986c8');
INSERT INTO pagoumorou_property (id, name, type, rules, address, destination_id) VALUES ('41832679-cf9c-480c-9190-4614516f38b7', 'Property 89', 'Apartment', 'No smoking, No pets 89', 'Street 89, City XYZ', 'c3814831-1e1c-4198-ba46-98dfbc61a3a2');
INSERT INTO pagoumorou_property (id, name, type, rules, address, destination_id) VALUES ('78cbfb65-0c9b-4973-803d-2b01c0142e26', 'Property 90', 'Apartment', 'No smoking, No pets 90', 'Street 90, City XYZ', 'a9479544-a993-4ee4-81f0-118159da9ca5');
INSERT INTO pagoumorou_property (id, name, type, rules, address, destination_id) VALUES ('0f4c6020-8f57-4605-8a33-bb13aeb1c726', 'Property 91', 'Apartment', 'No smoking, No pets 91', 'Street 91, City XYZ', '85eb7744-4f39-443d-a5e6-b8a4a5cf8832');
INSERT INTO pagoumorou_property (id, name, type, rules, address, destination_id) VALUES ('8802bd17-67b3-40df-92ab-c8ff2199b8c9', 'Property 92', 'Studio', 'No smoking, No pets 92', 'Street 92, City XYZ', 'a56a18e9-82d6-4719-9fbb-cff5469d23e4');
INSERT INTO pagoumorou_property (id, name, type, rules, address, destination_id) VALUES ('8d3b48be-a7aa-4947-bcce-7f832708057b', 'Property 93', 'Studio', 'No smoking, No pets 93', 'Street 93, City XYZ', '11515d48-013d-4510-8a40-0d1b2ea9758c');
INSERT INTO pagoumorou_property (id, name, type, rules, address, destination_id) VALUES ('fdd3603d-af14-4965-9158-5d6f86359ef2', 'Property 94', 'House', 'No smoking, No pets 94', 'Street 94, City XYZ', '89783a59-d7f4-418f-baab-ac22337cc9d4');
INSERT INTO pagoumorou_property (id, name, type, rules, address, destination_id) VALUES ('b35458b8-f24b-4861-a601-dc5699e4c1b3', 'Property 95', 'Studio', 'No smoking, No pets 95', 'Street 95, City XYZ', '5376f5ed-c4d9-4afa-bdab-989688b7ea75');
INSERT INTO pagoumorou_property (id, name, type, rules, address, destination_id) VALUES ('11f35e3f-33d6-41d5-adc8-6777c7fce1a3', 'Property 96', 'Studio', 'No smoking, No pets 96', 'Street 96, City XYZ', 'a0eac5a3-ac90-4091-96ca-64cd6be13996');
INSERT INTO pagoumorou_property (id, name, type, rules, address, destination_id) VALUES ('eb5b8ff0-088a-490f-9cdb-019b9be66098', 'Property 97', 'Apartment', 'No smoking, No pets 97', 'Street 97, City XYZ', '1f7bac36-23af-4f44-993b-960ca6961a43');
INSERT INTO pagoumorou_property (id, name, type, rules, address, destination_id) VALUES ('94f37be5-d599-42e5-9095-8c3c974ca238', 'Property 98', 'Apartment', 'No smoking, No pets 98', 'Street 98, City XYZ', 'cc293ee9-9cc0-4312-a489-0de8e279b34a');
INSERT INTO pagoumorou_property (id, name, type, rules, address, destination_id) VALUES ('54f8bf84-134c-4683-8bd7-02ce22080d3e', 'Property 99', 'Studio', 'No smoking, No pets 99', 'Street 99, City XYZ', 'b5b03da5-4379-4836-b3d4-d0d67e322517');
INSERT INTO pagoumorou_room (id, room_number, capacity, shared, weekly_price, biweekly_price, monthly_price, property_id) VALUES ('f6ceddc6-2bae-4b9d-86af-d2aa26f91ba4', 'R-0', 1, False, 1572.81, 333.1, 1971.26, '4643a004-ea74-44d1-b67b-7d73fe581e0b');
INSERT INTO pagoumorou_room (id, room_number, capacity, shared, weekly_price, biweekly_price, monthly_price, property_id) VALUES ('2463c684-f5ce-41bf-be26-bc5b98d5aae5', 'R-1', 3, False, 261.73, 534.89, 1559.23, 'ef331fbb-b66f-4227-a758-84a4c52d5146');
INSERT INTO pagoumorou_room (id, room_number, capacity, shared, weekly_price, biweekly_price, monthly_price, property_id) VALUES ('41537990-3b7c-4b1d-8598-3a6cc80444fe', 'R-2', 3, False, 479.01, 277.75, 1554.85, '28a69f5a-d838-44a6-9462-c1d1b9f2a4c1');
INSERT INTO pagoumorou_room (id, room_number, capacity, shared, weekly_price, biweekly_price, monthly_price, property_id) VALUES ('a3c8cc05-52e9-41fb-9347-d8c6c317937f', 'R-3', 2, False, 398.69, 1850.58, 686.37, 'a86ebc1e-279d-4747-b3f4-c710b06fa9fd');
INSERT INTO pagoumorou_room (id, room_number, capacity, shared, weekly_price, biweekly_price, monthly_price, property_id) VALUES ('21734b53-651e-4eff-8a97-9d716ebd0be3', 'R-4', 3, True, 1969.61, 524.34, 268.05, '2229fbe3-6481-4ae4-8fb7-7992a622dd8b');
INSERT INTO pagoumorou_room (id, room_number, capacity, shared, weekly_price, biweekly_price, monthly_price, property_id) VALUES ('b118dda1-ecd5-45ed-bac0-b1538edcd553', 'R-5', 4, True, 1728.89, 132.36, 929.66, '825b5cad-c6fe-4930-b5c9-3424e875a7f8');
INSERT INTO pagoumorou_room (id, room_number, capacity, shared, weekly_price, biweekly_price, monthly_price, property_id) VALUES ('44f6d09c-425e-4a5d-817f-bc821498e362', 'R-6', 3, False, 1525.65, 754.11, 1918.87, '59413ab4-ff2c-4c18-83b9-c0a8c38f6c40');
INSERT INTO pagoumorou_room (id, room_number, capacity, shared, weekly_price, biweekly_price, monthly_price, property_id) VALUES ('c035219a-3a87-4167-913d-8dc0e3d7b59d', 'R-7', 4, False, 1552.52, 795.29, 415.72, '084aac59-7372-4ff5-8060-5fc2640e2daa');
INSERT INTO pagoumorou_room (id, room_number, capacity, shared, weekly_price, biweekly_price, monthly_price, property_id) VALUES ('7745e247-a662-4d9e-8ed8-e13be97284f5', 'R-8', 2, False, 1296.07, 289.63, 208.08, '53a81c31-596a-4da3-86a5-85eb690561f1');
INSERT INTO pagoumorou_room (id, room_number, capacity, shared, weekly_price, biweekly_price, monthly_price, property_id) VALUES ('5476c9ea-6315-45cc-8248-03fc2f4f30d4', 'R-9', 3, False, 336.63, 1507.66, 1547.83, '708e922a-114b-4632-a538-2ca07080617d');
INSERT INTO pagoumorou_room (id, room_number, capacity, shared, weekly_price, biweekly_price, monthly_price, property_id) VALUES ('259268e7-9b28-4953-a8de-62ac6997ffb3', 'R-10', 4, True, 462.99, 1193.73, 864.04, 'f0756aa3-97b0-4106-9ca8-a8629b0aa81a');
INSERT INTO pagoumorou_room (id, room_number, capacity, shared, weekly_price, biweekly_price, monthly_price, property_id) VALUES ('8c57da9c-ccee-4bea-ba1b-9546508625d4', 'R-11', 3, False, 1614.36, 1774.68, 607.45, 'b640d56a-b1e4-477a-84f7-223f1482e1a0');
INSERT INTO pagoumorou_room (id, room_number, capacity, shared, weekly_price, biweekly_price, monthly_price, property_id) VALUES ('d63716e9-8d86-47be-ae65-be4aa7fb0ae1', 'R-12', 2, False, 1996.74, 1602.69, 734.23, '04f0e37f-f403-42b0-afe1-7100217aab55');
INSERT INTO pagoumorou_room (id, room_number, capacity, shared, weekly_price, biweekly_price, monthly_price, property_id) VALUES ('7a9daad4-e418-41a9-aa6a-41d264544afd', 'R-13', 4, True, 886.31, 1896.17, 1391.07, '6549f598-817c-46bc-ad4d-1e99370ef776');
INSERT INTO pagoumorou_room (id, room_number, capacity, shared, weekly_price, biweekly_price, monthly_price, property_id) VALUES ('eb9bafed-53d8-4922-9073-223243496a80', 'R-14', 3, False, 1089.14, 836.5, 270.58, 'eca397a1-317e-4c52-aa4b-ef9a6c01df47');
INSERT INTO pagoumorou_room (id, room_number, capacity, shared, weekly_price, biweekly_price, monthly_price, property_id) VALUES ('38efc8cd-f9a4-4684-a577-4e16de21f851', 'R-15', 3, True, 1005.52, 489.31, 1108.61, '4e1078d6-1441-4a04-b835-c5d9a09cb240');
INSERT INTO pagoumorou_room (id, room_number, capacity, shared, weekly_price, biweekly_price, monthly_price, property_id) VALUES ('049901c8-b65f-4dab-943c-88d5203e1961', 'R-16', 3, True, 1362.84, 622.74, 1691.44, 'a3714dee-86f6-4e9b-9405-f55c3c7af175');
INSERT INTO pagoumorou_room (id, room_number, capacity, shared, weekly_price, biweekly_price, monthly_price, property_id) VALUES ('ad9862d9-6e82-4825-be46-ae503efdb19c', 'R-17', 4, True, 1570.48, 1414.27, 957.87, 'e6ac1812-f830-43a6-8cad-8849bedde4ee');
INSERT INTO pagoumorou_room (id, room_number, capacity, shared, weekly_price, biweekly_price, monthly_price, property_id) VALUES ('a60895da-fda3-4b68-85d0-b2560024645e', 'R-18', 3, False, 399.55, 487.28, 1446.43, 'b86cf44c-78c3-4a8a-a269-a37bf65536b7');
INSERT INTO pagoumorou_room (id, room_number, capacity, shared, weekly_price, biweekly_price, monthly_price, property_id) VALUES ('9be5a08c-cfc8-4e20-b4ad-6c1e6d2da525', 'R-19', 3, False, 1767.88, 469.97, 100.04, 'f9175ff0-18ee-4c7a-b5d8-af9d552c9093');
INSERT INTO pagoumorou_room (id, room_number, capacity, shared, weekly_price, biweekly_price, monthly_price, property_id) VALUES ('70bd428a-72f4-4ddc-9f8e-87ca33cd5359', 'R-20', 4, True, 543.95, 597.11, 788.5, '2e5d613f-ae1c-470f-a449-618c53835362');
INSERT INTO pagoumorou_room (id, room_number, capacity, shared, weekly_price, biweekly_price, monthly_price, property_id) VALUES ('9fc72b49-a7e2-478b-8854-a0f0dc26773e', 'R-21', 1, True, 266.5, 578.61, 709.26, '00cc983b-a06c-497c-a2cb-ffbc965f44e7');
INSERT INTO pagoumorou_room (id, room_number, capacity, shared, weekly_price, biweekly_price, monthly_price, property_id) VALUES ('52662947-a400-4956-912c-a8944e8b246b', 'R-22', 4, True, 429.09, 1769.98, 232.56, '7a333896-3f90-4a3b-9cd6-3bb3066255b0');
INSERT INTO pagoumorou_room (id, room_number, capacity, shared, weekly_price, biweekly_price, monthly_price, property_id) VALUES ('5461950e-7c3a-435a-9c3f-2a92caa0e6c1', 'R-23', 2, False, 725.65, 1307.52, 572.42, '18bdf5a8-17d1-4f9e-a1b4-14eb9f40c77f');
INSERT INTO pagoumorou_room (id, room_number, capacity, shared, weekly_price, biweekly_price, monthly_price, property_id) VALUES ('3753ae76-dbb4-4017-ac6b-2989de26a1b2', 'R-24', 4, False, 1471.65, 389.68, 736.79, '191b8ac3-4235-415c-aa53-da899c7ffca4');
INSERT INTO pagoumorou_room (id, room_number, capacity, shared, weekly_price, biweekly_price, monthly_price, property_id) VALUES ('1c2bb1e3-63c9-4192-9839-7d1ec90c977a', 'R-25', 4, False, 630.99, 346.22, 1676.52, 'f5fdcec8-1c21-4cad-94b5-8cd5e253c690');
INSERT INTO pagoumorou_room (id, room_number, capacity, shared, weekly_price, biweekly_price, monthly_price, property_id) VALUES ('cf4af73d-c7b3-402f-8b55-c897f1abdb41', 'R-26', 2, False, 1538.75, 562.75, 1312.42, '4ce4305b-8f94-408c-8516-f683fc721055');
INSERT INTO pagoumorou_room (id, room_number, capacity, shared, weekly_price, biweekly_price, monthly_price, property_id) VALUES ('fc8acbb8-14d6-448a-8cf1-0badcd863c6b', 'R-27', 1, True, 1773.77, 1636.01, 1054.58, '79660cf1-a702-4038-9eff-7e9841e72669');
INSERT INTO pagoumorou_room (id, room_number, capacity, shared, weekly_price, biweekly_price, monthly_price, property_id) VALUES ('20917ec6-f19b-4d43-8d89-9a1eeb769354', 'R-28', 2, True, 457.44, 933.71, 739.0, '21949bde-2953-4fa3-ac39-ecce9abf9d9a');
INSERT INTO pagoumorou_room (id, room_number, capacity, shared, weekly_price, biweekly_price, monthly_price, property_id) VALUES ('d85e8d9d-cdb1-4bad-9c18-7e0241e10e4f', 'R-29', 4, False, 1251.86, 164.25, 1195.71, '06d3dcf5-5401-48d7-bdfb-552b7f74aab9');
INSERT INTO pagoumorou_room (id, room_number, capacity, shared, weekly_price, biweekly_price, monthly_price, property_id) VALUES ('045ae3e6-7c62-48c8-8a20-4cc9957178e9', 'R-30', 1, False, 1215.92, 207.02, 583.36, '9c636429-6297-433a-9c52-41ef87551600');
INSERT INTO pagoumorou_room (id, room_number, capacity, shared, weekly_price, biweekly_price, monthly_price, property_id) VALUES ('0360fb98-562b-4a5b-a4c0-f01c0dfe6037', 'R-31', 3, True, 1399.15, 1832.15, 769.81, '23bd3a5a-ea4a-4ad7-8e54-cdb647a56ef0');
INSERT INTO pagoumorou_room (id, room_number, capacity, shared, weekly_price, biweekly_price, monthly_price, property_id) VALUES ('edcd2cab-e46b-45fd-af8b-c0ae8b16c604', 'R-32', 2, False, 357.83, 504.61, 744.86, 'f03bd9ab-fac9-4c40-90b3-1d1c862e4058');
INSERT INTO pagoumorou_room (id, room_number, capacity, shared, weekly_price, biweekly_price, monthly_price, property_id) VALUES ('22b5dd18-a44a-4703-b884-952341ada98c', 'R-33', 4, True, 421.6, 1226.3, 656.57, '29210ba3-3741-49fc-bf26-0681b21d032a');
INSERT INTO pagoumorou_room (id, room_number, capacity, shared, weekly_price, biweekly_price, monthly_price, property_id) VALUES ('dff4d549-286a-410c-a413-8949ab4befdf', 'R-34', 1, False, 479.58, 438.59, 428.01, '80e432dc-8b92-403c-b94c-a1e67433bdd2');
INSERT INTO pagoumorou_room (id, room_number, capacity, shared, weekly_price, biweekly_price, monthly_price, property_id) VALUES ('97c0837e-ccc8-47d5-862a-2e7f44072df3', 'R-35', 2, True, 817.72, 1872.05, 1762.87, '26ca4405-3970-463c-942f-515aac7e367e');
INSERT INTO pagoumorou_room (id, room_number, capacity, shared, weekly_price, biweekly_price, monthly_price, property_id) VALUES ('362eb7a4-71f0-4579-afdc-577942b728ac', 'R-36', 1, False, 1583.07, 596.82, 1192.63, '04271de8-795c-4ba2-a666-7f02d0d21594');
INSERT INTO pagoumorou_room (id, room_number, capacity, shared, weekly_price, biweekly_price, monthly_price, property_id) VALUES ('77158269-a577-4be9-b64a-653bd60cc708', 'R-37', 3, False, 486.81, 959.47, 1300.82, '3a3b6d78-3573-44fd-afac-16df8d63447f');
INSERT INTO pagoumorou_room (id, room_number, capacity, shared, weekly_price, biweekly_price, monthly_price, property_id) VALUES ('aefcb630-a785-49c4-a081-9589bc9183b0', 'R-38', 3, True, 247.24, 435.09, 1657.72, '19e358f6-a98f-428a-9c2a-65cafaedbc30');
INSERT INTO pagoumorou_room (id, room_number, capacity, shared, weekly_price, biweekly_price, monthly_price, property_id) VALUES ('85307020-bd44-419c-a119-9d9fa4352428', 'R-39', 4, True, 334.78, 1737.95, 1824.23, '99a98c2a-97ed-43e6-a3ab-e9fc5be64b48');
INSERT INTO pagoumorou_room (id, room_number, capacity, shared, weekly_price, biweekly_price, monthly_price, property_id) VALUES ('cc33a5ef-040d-41d4-9d07-81f5730871dc', 'R-40', 2, False, 496.68, 534.26, 210.34, 'c38404e3-6f55-473f-a702-623aa4f9216d');
INSERT INTO pagoumorou_room (id, room_number, capacity, shared, weekly_price, biweekly_price, monthly_price, property_id) VALUES ('dba886da-ae59-4e6b-9fe8-175ac7420b32', 'R-41', 1, True, 1971.99, 413.97, 486.0, '9347b27b-bf79-472a-aaa4-8e9dcac5bfcb');
INSERT INTO pagoumorou_room (id, room_number, capacity, shared, weekly_price, biweekly_price, monthly_price, property_id) VALUES ('64b0696a-96c0-4f87-8ff3-4c2591dd4775', 'R-42', 2, False, 1360.89, 1383.15, 1093.91, '9d01d4b1-251c-4eb0-90a5-6b95cd1a599e');
INSERT INTO pagoumorou_room (id, room_number, capacity, shared, weekly_price, biweekly_price, monthly_price, property_id) VALUES ('8209ec84-6b6b-493c-a77a-c7940df9115f', 'R-43', 4, True, 1291.29, 1685.11, 296.38, '2a1b7f67-35e3-433e-a8b6-f16c71488b65');
INSERT INTO pagoumorou_room (id, room_number, capacity, shared, weekly_price, biweekly_price, monthly_price, property_id) VALUES ('42566cb6-1411-4fe3-9e20-0c21a9dedd9b', 'R-44', 3, True, 1611.72, 648.6, 1681.76, 'f222831f-f47d-43a9-b686-f3522ec038a7');
INSERT INTO pagoumorou_room (id, room_number, capacity, shared, weekly_price, biweekly_price, monthly_price, property_id) VALUES ('f8539cc4-b5a7-4791-98a9-8dcde03f0a08', 'R-45', 4, True, 1416.34, 747.75, 1798.38, '18b1b581-184f-4ab2-9cd8-af34fa5b8a67');
INSERT INTO pagoumorou_room (id, room_number, capacity, shared, weekly_price, biweekly_price, monthly_price, property_id) VALUES ('c5a2c55d-871b-42c0-9e6f-fc74f43182f4', 'R-46', 3, False, 240.73, 1025.62, 1252.06, 'fa5d41d6-c5bb-48b9-931c-0ecd8e680100');
INSERT INTO pagoumorou_room (id, room_number, capacity, shared, weekly_price, biweekly_price, monthly_price, property_id) VALUES ('5188687c-6f2b-4ceb-ba41-a7e1a73fd4ba', 'R-47', 3, True, 1635.14, 667.35, 1222.41, 'b19bac52-6ca3-4f47-9b9a-2c9dc6dfcb06');
INSERT INTO pagoumorou_room (id, room_number, capacity, shared, weekly_price, biweekly_price, monthly_price, property_id) VALUES ('5d153a87-45ea-48e3-8718-1cb1247837ea', 'R-48', 4, True, 1081.67, 389.95, 1561.1, 'e4020e67-4b05-4dc6-b514-4f9ddedfd980');
INSERT INTO pagoumorou_room (id, room_number, capacity, shared, weekly_price, biweekly_price, monthly_price, property_id) VALUES ('57f406d0-ec6d-4610-8831-1d68dd3be668', 'R-49', 1, False, 784.38, 530.51, 1808.62, '277be840-4446-45f7-90d7-83045d5fb58c');
INSERT INTO pagoumorou_room (id, room_number, capacity, shared, weekly_price, biweekly_price, monthly_price, property_id) VALUES ('ac1e25c8-20c5-4e58-8bc2-14806147fa7f', 'R-50', 4, False, 765.99, 1469.37, 765.15, 'c1750966-d2f6-40c1-94db-672399f9e84b');
INSERT INTO pagoumorou_room (id, room_number, capacity, shared, weekly_price, biweekly_price, monthly_price, property_id) VALUES ('e277b2c7-3bbd-4201-8718-d822bc2f52a9', 'R-51', 2, True, 1940.02, 477.26, 1642.82, 'd20a1757-1c69-4caa-ae7c-6e6b228a0e8e');
INSERT INTO pagoumorou_room (id, room_number, capacity, shared, weekly_price, biweekly_price, monthly_price, property_id) VALUES ('7c0ed288-c3d2-426b-b938-c65ed2c5a33a', 'R-52', 4, False, 575.71, 1934.21, 1731.58, '1022817d-0c78-4bb3-90b8-c4fae094e454');
INSERT INTO pagoumorou_room (id, room_number, capacity, shared, weekly_price, biweekly_price, monthly_price, property_id) VALUES ('c15327de-2018-47dd-b949-60b93fe86ab6', 'R-53', 3, False, 276.57, 591.07, 1515.28, 'edcf8348-5049-4a6d-b6ee-cdae8e4981df');
INSERT INTO pagoumorou_room (id, room_number, capacity, shared, weekly_price, biweekly_price, monthly_price, property_id) VALUES ('31b888e0-1310-4dd8-bd78-7ffaf57b26bc', 'R-54', 1, True, 1433.66, 1050.2, 1288.1, 'a7cdee3d-37d9-44c5-95b2-ce821bc9ee18');
INSERT INTO pagoumorou_room (id, room_number, capacity, shared, weekly_price, biweekly_price, monthly_price, property_id) VALUES ('bc36f9b5-cb54-422a-8ab5-6ba953716fb6', 'R-55', 4, True, 542.34, 387.86, 412.97, 'c5d7d871-e3c2-4eb6-a606-5aedfcc8ddee');
INSERT INTO pagoumorou_room (id, room_number, capacity, shared, weekly_price, biweekly_price, monthly_price, property_id) VALUES ('509f3eb7-ed49-4348-9905-ca7cc6a14ad9', 'R-56', 2, False, 1887.35, 361.63, 1475.97, '0c7eb16c-2c0a-4c15-98b2-72eb8d4a5d5c');
INSERT INTO pagoumorou_room (id, room_number, capacity, shared, weekly_price, biweekly_price, monthly_price, property_id) VALUES ('b7183188-f73f-410b-a980-210a83d8b50c', 'R-57', 3, False, 316.13, 1891.77, 862.28, '64ced1f8-fbcb-40e2-905a-38810b45aa40');
INSERT INTO pagoumorou_room (id, room_number, capacity, shared, weekly_price, biweekly_price, monthly_price, property_id) VALUES ('e62fc0de-f369-415c-831a-e19ede82e49c', 'R-58', 2, True, 1498.21, 1891.81, 235.04, '59e6f1e2-6e40-47b1-99da-6b04fd1625fa');
INSERT INTO pagoumorou_room (id, room_number, capacity, shared, weekly_price, biweekly_price, monthly_price, property_id) VALUES ('810a4c74-bdbe-4785-b558-f07390187b62', 'R-59', 2, False, 581.5, 386.0, 763.9, '9a972e6f-7576-4508-ba4a-6e87c40665ec');
INSERT INTO pagoumorou_room (id, room_number, capacity, shared, weekly_price, biweekly_price, monthly_price, property_id) VALUES ('aedec1bf-6d87-419f-b8b3-0cd317078ab1', 'R-60', 3, True, 1302.47, 603.63, 1952.93, '5a8554cb-7059-4fd1-be55-25a648c46564');
INSERT INTO pagoumorou_room (id, room_number, capacity, shared, weekly_price, biweekly_price, monthly_price, property_id) VALUES ('db4c314e-843a-43bd-8925-41a1da6495c9', 'R-61', 3, False, 556.37, 466.47, 561.12, '52e6385c-b4d6-468d-a159-6a8d3f2495c7');
INSERT INTO pagoumorou_room (id, room_number, capacity, shared, weekly_price, biweekly_price, monthly_price, property_id) VALUES ('3868c84d-cf0e-4c92-88f5-e37c4d2193ec', 'R-62', 3, False, 1951.44, 1091.23, 550.17, '423315a3-69e5-40fb-9155-135028939c32');
INSERT INTO pagoumorou_room (id, room_number, capacity, shared, weekly_price, biweekly_price, monthly_price, property_id) VALUES ('831fe6b7-af7d-4afa-861b-45aff0f45028', 'R-63', 2, False, 1094.1, 742.15, 814.09, 'b1d12efd-1761-4fa2-80cc-7b2cea1830f3');
INSERT INTO pagoumorou_room (id, room_number, capacity, shared, weekly_price, biweekly_price, monthly_price, property_id) VALUES ('03791fa2-451e-4fc9-becd-2ddc31efec01', 'R-64', 3, True, 638.79, 1972.54, 1791.53, '322377c7-c6a0-4688-a259-b5155869d552');
INSERT INTO pagoumorou_room (id, room_number, capacity, shared, weekly_price, biweekly_price, monthly_price, property_id) VALUES ('46e71e4a-daa8-4d14-b87f-99c179db65aa', 'R-65', 4, True, 1811.13, 524.91, 1605.38, '96777179-02d4-488f-a7be-0becb7297069');
INSERT INTO pagoumorou_room (id, room_number, capacity, shared, weekly_price, biweekly_price, monthly_price, property_id) VALUES ('7731cc9c-247e-4b1a-9945-7e91685db196', 'R-66', 1, True, 1055.61, 1130.42, 1727.22, '83b23389-5939-4cf9-ae21-68ee529dc7a6');
INSERT INTO pagoumorou_room (id, room_number, capacity, shared, weekly_price, biweekly_price, monthly_price, property_id) VALUES ('6ac02153-c1f6-4687-bd78-2ac3bd3d4606', 'R-67', 4, False, 739.32, 1963.81, 439.78, '00d8a049-218b-4f6c-8077-4c5bddb3fa45');
INSERT INTO pagoumorou_room (id, room_number, capacity, shared, weekly_price, biweekly_price, monthly_price, property_id) VALUES ('a2178779-9167-4936-8854-0fb0eafceaf6', 'R-68', 3, False, 1506.0, 388.94, 523.74, '5ce2a7a9-c570-4764-bb22-986cf358b66b');
INSERT INTO pagoumorou_room (id, room_number, capacity, shared, weekly_price, biweekly_price, monthly_price, property_id) VALUES ('69da751a-0ea0-483c-a5bf-e83dbc21f340', 'R-69', 1, False, 1089.42, 220.9, 518.17, 'b25e3868-e6a1-4bfb-89d7-1946c5320838');
INSERT INTO pagoumorou_room (id, room_number, capacity, shared, weekly_price, biweekly_price, monthly_price, property_id) VALUES ('455dc08b-4f76-41e5-967b-15b041fb6721', 'R-70', 4, True, 1359.26, 1866.46, 1489.02, 'ab5298cf-f16e-4cc5-8c27-a1e38c8b3627');
INSERT INTO pagoumorou_room (id, room_number, capacity, shared, weekly_price, biweekly_price, monthly_price, property_id) VALUES ('bd2b24e1-7ed7-4778-971a-d41fc568d213', 'R-71', 4, False, 1284.29, 1668.02, 251.19, '66e3079d-7fd5-4246-a7be-780bcc053926');
INSERT INTO pagoumorou_room (id, room_number, capacity, shared, weekly_price, biweekly_price, monthly_price, property_id) VALUES ('bc8badac-4a97-4893-8385-20af6dc33d85', 'R-72', 2, True, 183.84, 1310.7, 813.17, 'aea75804-6f99-4ac7-8331-9beba4d28644');
INSERT INTO pagoumorou_room (id, room_number, capacity, shared, weekly_price, biweekly_price, monthly_price, property_id) VALUES ('3990492a-b50c-48d2-94c6-3fd285be268b', 'R-73', 2, True, 877.69, 1741.73, 1476.91, '825933a3-48c3-4353-9495-b131c54d0ce5');
INSERT INTO pagoumorou_room (id, room_number, capacity, shared, weekly_price, biweekly_price, monthly_price, property_id) VALUES ('3179f291-22bc-494b-813b-36e33a012998', 'R-74', 4, False, 1645.66, 425.75, 1616.11, '0bd8b8e8-e51b-4251-a144-342228985579');
INSERT INTO pagoumorou_room (id, room_number, capacity, shared, weekly_price, biweekly_price, monthly_price, property_id) VALUES ('27202a90-c21c-4bff-ac24-232e7e7529c7', 'R-75', 1, False, 862.13, 419.04, 1598.99, 'a5d3a7b7-92a0-4059-b4b6-92ecc25e5683');
INSERT INTO pagoumorou_room (id, room_number, capacity, shared, weekly_price, biweekly_price, monthly_price, property_id) VALUES ('546956f7-2d92-4748-94b4-dae475925dbe', 'R-76', 1, False, 224.16, 1079.63, 1081.99, '4f5691b7-1859-4c72-a0ba-c58d5c67092a');
INSERT INTO pagoumorou_room (id, room_number, capacity, shared, weekly_price, biweekly_price, monthly_price, property_id) VALUES ('8112ce3e-7fa0-432b-b504-b556b3329104', 'R-77', 1, True, 1223.62, 1199.74, 139.75, 'fce0a7ae-b785-45fc-b140-d038cfe848e7');
INSERT INTO pagoumorou_room (id, room_number, capacity, shared, weekly_price, biweekly_price, monthly_price, property_id) VALUES ('b72f7c6a-fdae-4a4b-8bbe-53970dbeb66b', 'R-78', 4, True, 427.31, 1787.35, 1564.55, 'a507c2d8-86dc-40df-b538-f9cf0d56bb3a');
INSERT INTO pagoumorou_room (id, room_number, capacity, shared, weekly_price, biweekly_price, monthly_price, property_id) VALUES ('7cc1b623-1a79-4d65-8fb7-dc98132642de', 'R-79', 4, False, 1024.54, 1379.71, 1023.49, 'b50763bc-d73f-40f0-ae2e-798579b67b9a');
INSERT INTO pagoumorou_room (id, room_number, capacity, shared, weekly_price, biweekly_price, monthly_price, property_id) VALUES ('d2d4cb33-8440-41a3-9118-dced61033fc7', 'R-80', 2, True, 519.93, 1943.18, 977.42, 'c627cf6d-6345-4088-b06b-191a3ad5251b');
INSERT INTO pagoumorou_room (id, room_number, capacity, shared, weekly_price, biweekly_price, monthly_price, property_id) VALUES ('e5236bfd-b24b-468b-acf5-6f39b64bca92', 'R-81', 3, False, 688.31, 1592.92, 175.86, '33e658c8-9fdb-443c-910d-cc638b165c80');
INSERT INTO pagoumorou_room (id, room_number, capacity, shared, weekly_price, biweekly_price, monthly_price, property_id) VALUES ('adb06052-3743-468c-89ad-5332534e1957', 'R-82', 3, False, 691.36, 179.17, 1963.95, '98191f74-6a69-4a00-a1e0-15a3f73535d2');
INSERT INTO pagoumorou_room (id, room_number, capacity, shared, weekly_price, biweekly_price, monthly_price, property_id) VALUES ('b07d5b60-a745-4d11-b5ab-488377e8f6e3', 'R-83', 4, False, 950.31, 149.37, 938.69, '8356639d-e745-45a9-b2a5-dfee3bb3d67c');
INSERT INTO pagoumorou_room (id, room_number, capacity, shared, weekly_price, biweekly_price, monthly_price, property_id) VALUES ('de164797-0134-4cf2-b92d-b64639aeef25', 'R-84', 2, True, 518.49, 523.85, 1696.23, 'bdd5ed86-c14a-4167-b41d-6519811d61f2');
INSERT INTO pagoumorou_room (id, room_number, capacity, shared, weekly_price, biweekly_price, monthly_price, property_id) VALUES ('0450aba4-95a9-491c-9c51-ca2d4d66bef3', 'R-85', 3, True, 1641.61, 1833.31, 831.72, '11144548-28af-4b60-963f-735d22d2b6be');
INSERT INTO pagoumorou_room (id, room_number, capacity, shared, weekly_price, biweekly_price, monthly_price, property_id) VALUES ('e48a6d3b-bb49-42a0-90d0-2ae52eac7658', 'R-86', 1, False, 449.63, 460.89, 769.5, '596088df-dfcd-42d5-a6bd-3950312d4748');
INSERT INTO pagoumorou_room (id, room_number, capacity, shared, weekly_price, biweekly_price, monthly_price, property_id) VALUES ('762f28ea-e118-494a-bd23-f26e52f0bf33', 'R-87', 3, True, 1833.2, 1442.53, 1882.53, '05240bd7-b334-4fcd-8bac-29bcca7b4591');
INSERT INTO pagoumorou_room (id, room_number, capacity, shared, weekly_price, biweekly_price, monthly_price, property_id) VALUES ('d992ecd3-bbde-459a-a322-d941d3d70d4d', 'R-88', 3, False, 504.66, 1742.92, 444.84, 'e6b51956-d6cc-4255-a107-f9a3266b50f2');
INSERT INTO pagoumorou_room (id, room_number, capacity, shared, weekly_price, biweekly_price, monthly_price, property_id) VALUES ('8d2623f4-aa5f-4f52-8d5c-b92499a84696', 'R-89', 2, True, 942.61, 1637.55, 199.19, '41832679-cf9c-480c-9190-4614516f38b7');
INSERT INTO pagoumorou_room (id, room_number, capacity, shared, weekly_price, biweekly_price, monthly_price, property_id) VALUES ('9026bf60-37b3-4141-a028-74c7a531e214', 'R-90', 3, False, 1619.09, 239.08, 1804.85, '78cbfb65-0c9b-4973-803d-2b01c0142e26');
INSERT INTO pagoumorou_room (id, room_number, capacity, shared, weekly_price, biweekly_price, monthly_price, property_id) VALUES ('a761b7d3-3beb-4fc8-9bce-3a9556779a29', 'R-91', 1, True, 148.32, 1363.97, 206.97, '0f4c6020-8f57-4605-8a33-bb13aeb1c726');
INSERT INTO pagoumorou_room (id, room_number, capacity, shared, weekly_price, biweekly_price, monthly_price, property_id) VALUES ('1a531981-b132-4868-9e78-9faf99b43c68', 'R-92', 2, True, 1911.69, 460.94, 1274.22, '8802bd17-67b3-40df-92ab-c8ff2199b8c9');
INSERT INTO pagoumorou_room (id, room_number, capacity, shared, weekly_price, biweekly_price, monthly_price, property_id) VALUES ('29aa3b07-de55-4ba9-a4da-c8319ce856a7', 'R-93', 2, True, 884.21, 514.72, 420.55, '8d3b48be-a7aa-4947-bcce-7f832708057b');
INSERT INTO pagoumorou_room (id, room_number, capacity, shared, weekly_price, biweekly_price, monthly_price, property_id) VALUES ('5cc0635b-8664-4906-9607-27056bef77a7', 'R-94', 2, False, 1453.98, 1082.05, 1743.66, 'fdd3603d-af14-4965-9158-5d6f86359ef2');
INSERT INTO pagoumorou_room (id, room_number, capacity, shared, weekly_price, biweekly_price, monthly_price, property_id) VALUES ('c8b644bc-842b-4bdb-aa6c-05685935dd6b', 'R-95', 4, True, 691.49, 1236.13, 1340.79, 'b35458b8-f24b-4861-a601-dc5699e4c1b3');
INSERT INTO pagoumorou_room (id, room_number, capacity, shared, weekly_price, biweekly_price, monthly_price, property_id) VALUES ('ba167808-b244-4d55-b358-a9fbad9d24c2', 'R-96', 2, True, 246.33, 513.29, 363.89, '11f35e3f-33d6-41d5-adc8-6777c7fce1a3');
INSERT INTO pagoumorou_room (id, room_number, capacity, shared, weekly_price, biweekly_price, monthly_price, property_id) VALUES ('06be8ef5-8f21-4b69-af8f-aa95a8bb2738', 'R-97', 4, False, 1730.0, 419.23, 1334.51, 'eb5b8ff0-088a-490f-9cdb-019b9be66098');
INSERT INTO pagoumorou_room (id, room_number, capacity, shared, weekly_price, biweekly_price, monthly_price, property_id) VALUES ('00a858c1-c4b6-465d-94cf-755957956a1a', 'R-98', 2, False, 946.68, 1665.68, 548.29, '94f37be5-d599-42e5-9095-8c3c974ca238');
INSERT INTO pagoumorou_room (id, room_number, capacity, shared, weekly_price, biweekly_price, monthly_price, property_id) VALUES ('b3d3df22-78e7-478f-a12a-d7f9b7dc71f1', 'R-99', 4, False, 772.55, 558.86, 969.55, '54f8bf84-134c-4683-8bd7-02ce22080d3e');
INSERT INTO pagoumorou_proposal (id, proposed_price, period, move_in_date, move_out_date, message, status, created_at, room_id, reviewed_by_id, user_id) VALUES ('201de5b7-9e6b-4772-856b-6a338f828517', 1793.77, 'monthly', '2025-07-27', '2025-11-02', 'Interested in room 0', 'pending', '2024-07-16 00:00:00', 'f6ceddc6-2bae-4b9d-86af-d2aa26f91ba4', '889a0e48-cf72-485c-a9e8-8ebdb4eeaf06', 'e71d1e8d-b6a9-4488-a766-e7b1a87dcba8');
INSERT INTO pagoumorou_proposal (id, proposed_price, period, move_in_date, move_out_date, message, status, created_at, room_id, reviewed_by_id, user_id) VALUES ('e4f03596-95c3-4b43-970f-9d146f3a959c', 891.3, 'monthly', '2025-06-10', '2025-08-20', 'Interested in room 1', 'approved', '2025-02-09 00:00:00', '2463c684-f5ce-41bf-be26-bc5b98d5aae5', '9e062877-4b15-4434-b942-b8b24e696dc6', 'e7a63fd5-2cd0-4c15-a01d-f7e7da1ae4e2');
INSERT INTO pagoumorou_proposal (id, proposed_price, period, move_in_date, move_out_date, message, status, created_at, room_id, reviewed_by_id, user_id) VALUES ('647d6224-6eb9-4d29-9296-fb22e5d38f8e', 1313.77, 'monthly', '2025-07-13', '2025-08-23', 'Interested in room 2', 'approved', '2024-02-21 00:00:00', '41537990-3b7c-4b1d-8598-3a6cc80444fe', '2a0925a3-037f-48e7-b79c-a50fb5df3076', '16c95a04-eaee-4e05-8454-935497799a91');
INSERT INTO pagoumorou_proposal (id, proposed_price, period, move_in_date, move_out_date, message, status, created_at, room_id, reviewed_by_id, user_id) VALUES ('548183db-e6d7-4f1b-bd7a-1979e254c06a', 1129.99, 'monthly', '2025-07-17', '2026-01-04', 'Interested in room 3', 'approved', '2024-12-24 00:00:00', 'a3c8cc05-52e9-41fb-9347-d8c6c317937f', 'a612a0ba-cced-45b0-87fa-6518cc8abd7f', 'e7a63fd5-2cd0-4c15-a01d-f7e7da1ae4e2');
INSERT INTO pagoumorou_proposal (id, proposed_price, period, move_in_date, move_out_date, message, status, created_at, room_id, reviewed_by_id, user_id) VALUES ('2ccf7a68-ba70-4936-ac26-733f3909fa18', 1082.6, 'weekly', '2025-06-03', '2025-11-02', 'Interested in room 4', 'rejected', '2025-04-18 00:00:00', '21734b53-651e-4eff-8a97-9d716ebd0be3', '5fa09273-9857-4a75-b5cf-95e9eb313bb0', '20fc9bfe-22cb-4f68-ab8c-79061d353f36');
INSERT INTO pagoumorou_proposal (id, proposed_price, period, move_in_date, move_out_date, message, status, created_at, room_id, reviewed_by_id, user_id) VALUES ('73a03d47-bb93-4432-b91d-7a776d2d7836', 1923.46, 'weekly', '2025-06-24', '2025-10-07', 'Interested in room 5', 'approved', '2024-03-09 00:00:00', 'b118dda1-ecd5-45ed-bac0-b1538edcd553', '00c530c4-ccbc-4e9b-a38d-fd20f16b603d', 'c2d223c3-de06-493a-ba20-09258fde1c42');
INSERT INTO pagoumorou_proposal (id, proposed_price, period, move_in_date, move_out_date, message, status, created_at, room_id, reviewed_by_id, user_id) VALUES ('821cd39b-22b3-4f63-8bc3-940be860433c', 1426.05, 'monthly', '2025-07-03', '2025-08-08', 'Interested in room 6', 'approved', '2024-10-19 00:00:00', '44f6d09c-425e-4a5d-817f-bc821498e362', '6733e9e7-9971-4957-984d-b6c6005746ff', '71b3d6a3-6147-4c4d-a992-15aee19883c4');
INSERT INTO pagoumorou_proposal (id, proposed_price, period, move_in_date, move_out_date, message, status, created_at, room_id, reviewed_by_id, user_id) VALUES ('2d1790f6-06af-4354-8b94-b94a157ae204', 169.85, 'monthly', '2025-06-02', '2025-10-12', 'Interested in room 7', 'approved', '2025-01-07 00:00:00', 'c035219a-3a87-4167-913d-8dc0e3d7b59d', '52d6ccf1-9004-425f-be7a-9bdfc687c64d', 'a8864c6c-c06b-4669-99ed-0e1782d42bc2');
INSERT INTO pagoumorou_proposal (id, proposed_price, period, move_in_date, move_out_date, message, status, created_at, room_id, reviewed_by_id, user_id) VALUES ('1550e27d-a7f2-4ad1-8d58-cf165edd76cc', 1773.97, 'weekly', '2025-07-18', '2025-12-27', 'Interested in room 8', 'rejected', '2024-04-23 00:00:00', '7745e247-a662-4d9e-8ed8-e13be97284f5', '3fd38947-9ea3-4ac4-b364-cdfb3fa63915', '5bcde1c9-7228-4209-8862-8da91361ca2e');
INSERT INTO pagoumorou_proposal (id, proposed_price, period, move_in_date, move_out_date, message, status, created_at, room_id, reviewed_by_id, user_id) VALUES ('31fad1f2-4d4f-4f61-83e7-733500cede3a', 1700.11, 'monthly', '2025-07-18', '2025-09-30', 'Interested in room 9', 'approved', '2024-02-19 00:00:00', '5476c9ea-6315-45cc-8248-03fc2f4f30d4', '00c530c4-ccbc-4e9b-a38d-fd20f16b603d', 'ff9ee024-e7c9-485e-8483-ecb38f083f55');
INSERT INTO pagoumorou_proposal (id, proposed_price, period, move_in_date, move_out_date, message, status, created_at, room_id, reviewed_by_id, user_id) VALUES ('2809778a-e184-49a1-8fd1-f02451f58cf7', 1026.03, 'weekly', '2025-08-18', '2025-11-06', 'Interested in room 10', 'rejected', '2024-12-27 00:00:00', '259268e7-9b28-4953-a8de-62ac6997ffb3', '20fc9bfe-22cb-4f68-ab8c-79061d353f36', '71b3d6a3-6147-4c4d-a992-15aee19883c4');
INSERT INTO pagoumorou_proposal (id, proposed_price, period, move_in_date, move_out_date, message, status, created_at, room_id, reviewed_by_id, user_id) VALUES ('812b8f94-7796-48c8-b2f5-37ab85348ca9', 290.62, 'weekly', '2025-06-18', '2025-09-17', 'Interested in room 11', 'rejected', '2025-02-12 00:00:00', '8c57da9c-ccee-4bea-ba1b-9546508625d4', '48ea444e-3cfa-4c2d-a3dc-21bfe191b9ee', '3fd38947-9ea3-4ac4-b364-cdfb3fa63915');
INSERT INTO pagoumorou_proposal (id, proposed_price, period, move_in_date, move_out_date, message, status, created_at, room_id, reviewed_by_id, user_id) VALUES ('a84e8836-bc78-4541-a59c-44ce19dc8fb9', 564.72, 'weekly', '2025-08-16', '2025-09-20', 'Interested in room 12', 'pending', '2024-07-31 00:00:00', 'd63716e9-8d86-47be-ae65-be4aa7fb0ae1', '8705ed38-ff09-491a-bf64-91aeeba93e2d', '6176aec6-df27-405c-a910-d40587bdb809');
INSERT INTO pagoumorou_proposal (id, proposed_price, period, move_in_date, move_out_date, message, status, created_at, room_id, reviewed_by_id, user_id) VALUES ('01c2825b-c9a3-41db-aa18-b316dcab02a1', 1257.86, 'monthly', '2025-08-04', '2026-01-22', 'Interested in room 13', 'approved', '2024-06-03 00:00:00', '7a9daad4-e418-41a9-aa6a-41d264544afd', '0f253b5b-d21a-4a10-aa37-e14bb8f1ff05', '48ea444e-3cfa-4c2d-a3dc-21bfe191b9ee');
INSERT INTO pagoumorou_proposal (id, proposed_price, period, move_in_date, move_out_date, message, status, created_at, room_id, reviewed_by_id, user_id) VALUES ('5c29afdc-253c-4968-91d5-c8275a43119f', 105.81, 'monthly', '2025-08-26', '2025-10-31', 'Interested in room 14', 'approved', '2024-09-20 00:00:00', 'eb9bafed-53d8-4922-9073-223243496a80', 'a019b45c-2d0f-4f20-bc0f-ec37a819d90c', '9e062877-4b15-4434-b942-b8b24e696dc6');
INSERT INTO pagoumorou_proposal (id, proposed_price, period, move_in_date, move_out_date, message, status, created_at, room_id, reviewed_by_id, user_id) VALUES ('71c02b13-fac6-4c7a-aabc-fceb4b57de49', 296.46, 'weekly', '2025-07-23', '2026-01-09', 'Interested in room 15', 'approved', '2024-08-13 00:00:00', '38efc8cd-f9a4-4684-a577-4e16de21f851', '6732e190-cc4b-4f2d-9435-a9d79ac35945', '5fa09273-9857-4a75-b5cf-95e9eb313bb0');
INSERT INTO pagoumorou_proposal (id, proposed_price, period, move_in_date, move_out_date, message, status, created_at, room_id, reviewed_by_id, user_id) VALUES ('93af84fd-7c73-4ea6-bcf6-b2526bf87caf', 1219.71, 'weekly', '2025-08-24', '2026-01-15', 'Interested in room 16', 'pending', '2025-03-28 00:00:00', '049901c8-b65f-4dab-943c-88d5203e1961', '8705ed38-ff09-491a-bf64-91aeeba93e2d', '444636cf-5405-45c9-94e0-7864d890f1ef');
INSERT INTO pagoumorou_proposal (id, proposed_price, period, move_in_date, move_out_date, message, status, created_at, room_id, reviewed_by_id, user_id) VALUES ('4d097a0f-ea2e-4c3f-bacd-866cdc902aa6', 993.62, 'weekly', '2025-08-21', '2025-10-25', 'Interested in room 17', 'approved', '2024-12-24 00:00:00', 'ad9862d9-6e82-4825-be46-ae503efdb19c', '2e920589-9b87-4942-baaf-6f12b4609ffc', '4140dc42-5300-4388-9ad2-83c16c840951');
INSERT INTO pagoumorou_proposal (id, proposed_price, period, move_in_date, move_out_date, message, status, created_at, room_id, reviewed_by_id, user_id) VALUES ('a20ff8b4-6d05-4bf0-b575-fb6260b934a7', 116.02, 'monthly', '2025-07-29', '2025-11-05', 'Interested in room 18', 'rejected', '2024-04-26 00:00:00', 'a60895da-fda3-4b68-85d0-b2560024645e', '6176aec6-df27-405c-a910-d40587bdb809', 'ff056f81-93fe-4ee6-ba78-6f2ff54dd468');
INSERT INTO pagoumorou_proposal (id, proposed_price, period, move_in_date, move_out_date, message, status, created_at, room_id, reviewed_by_id, user_id) VALUES ('b69c921e-1eac-492b-988f-9f9290fe09f0', 192.71, 'monthly', '2025-06-24', '2025-09-22', 'Interested in room 19', 'pending', '2024-05-20 00:00:00', '9be5a08c-cfc8-4e20-b4ad-6c1e6d2da525', '4140dc42-5300-4388-9ad2-83c16c840951', '4a3c58b7-31af-4828-aec8-fcde3385c884');
INSERT INTO pagoumorou_proposal (id, proposed_price, period, move_in_date, move_out_date, message, status, created_at, room_id, reviewed_by_id, user_id) VALUES ('330dfd4a-db97-4bf5-8d9f-a3296f50225e', 1336.5, 'monthly', '2025-06-29', '2025-10-24', 'Interested in room 20', 'approved', '2024-12-26 00:00:00', '70bd428a-72f4-4ddc-9f8e-87ca33cd5359', 'a8864c6c-c06b-4669-99ed-0e1782d42bc2', 'c8f6d1fe-0431-4477-895e-528c8f708b8d');
INSERT INTO pagoumorou_proposal (id, proposed_price, period, move_in_date, move_out_date, message, status, created_at, room_id, reviewed_by_id, user_id) VALUES ('1b9b490a-4da7-4846-a4e0-071d39695555', 180.43, 'monthly', '2025-06-04', '2025-08-17', 'Interested in room 21', 'approved', '2024-09-07 00:00:00', '9fc72b49-a7e2-478b-8854-a0f0dc26773e', 'ef4bd076-d433-418f-8e9c-b95ebd46d8b5', '1eb0472a-a7f0-473a-bc50-368616310766');
INSERT INTO pagoumorou_proposal (id, proposed_price, period, move_in_date, move_out_date, message, status, created_at, room_id, reviewed_by_id, user_id) VALUES ('1cc6d69b-424e-43b9-9942-da0445bb57c1', 192.79, 'monthly', '2025-06-09', '2025-08-26', 'Interested in room 22', 'approved', '2024-05-30 00:00:00', '52662947-a400-4956-912c-a8944e8b246b', '2b04ddc0-841f-46ad-acb4-060ec7eb7d61', '5bcde1c9-7228-4209-8862-8da91361ca2e');
INSERT INTO pagoumorou_proposal (id, proposed_price, period, move_in_date, move_out_date, message, status, created_at, room_id, reviewed_by_id, user_id) VALUES ('14242e75-84ca-46c0-a3c2-492a34ddaba0', 244.86, 'weekly', '2025-08-02', '2025-12-28', 'Interested in room 23', 'approved', '2024-07-16 00:00:00', '5461950e-7c3a-435a-9c3f-2a92caa0e6c1', '8aa6e05c-8fee-4484-8bc6-40e51974ae04', 'c8f6d1fe-0431-4477-895e-528c8f708b8d');
INSERT INTO pagoumorou_proposal (id, proposed_price, period, move_in_date, move_out_date, message, status, created_at, room_id, reviewed_by_id, user_id) VALUES ('338bafec-6c69-48b1-9606-851998d434b7', 1000.89, 'monthly', '2025-07-17', '2025-11-21', 'Interested in room 24', 'approved', '2024-12-10 00:00:00', '3753ae76-dbb4-4017-ac6b-2989de26a1b2', 'ff9ee024-e7c9-485e-8483-ecb38f083f55', 'cd177a40-e23c-4926-88f5-ae5aa086d72a');
INSERT INTO pagoumorou_proposal (id, proposed_price, period, move_in_date, move_out_date, message, status, created_at, room_id, reviewed_by_id, user_id) VALUES ('926e4dcc-7485-48d9-b9cc-4dcf07fb26ce', 684.57, 'monthly', '2025-06-20', '2025-10-20', 'Interested in room 25', 'approved', '2024-02-10 00:00:00', '1c2bb1e3-63c9-4192-9839-7d1ec90c977a', '6b5b3ef1-ff52-416c-bfaf-04c233245fe2', 'ff9ee024-e7c9-485e-8483-ecb38f083f55');
INSERT INTO pagoumorou_proposal (id, proposed_price, period, move_in_date, move_out_date, message, status, created_at, room_id, reviewed_by_id, user_id) VALUES ('8ff74b32-5a91-4666-9710-c9a85efb57ae', 1877.28, 'weekly', '2025-07-29', '2025-11-27', 'Interested in room 26', 'rejected', '2024-05-30 00:00:00', 'cf4af73d-c7b3-402f-8b55-c897f1abdb41', '1eb0472a-a7f0-473a-bc50-368616310766', '057739a4-7689-444a-94ff-d5a286e7f863');
INSERT INTO pagoumorou_proposal (id, proposed_price, period, move_in_date, move_out_date, message, status, created_at, room_id, reviewed_by_id, user_id) VALUES ('477122eb-a29d-41aa-93db-009b84f056ee', 1167.16, 'weekly', '2025-07-03', '2025-08-16', 'Interested in room 27', 'pending', '2024-03-13 00:00:00', 'fc8acbb8-14d6-448a-8cf1-0badcd863c6b', '621802ed-bacc-4c26-9c9c-cdd72c8f2aa7', 'cb7ad2a1-ccb6-4a69-8c3f-8321993a0fe3');
INSERT INTO pagoumorou_proposal (id, proposed_price, period, move_in_date, move_out_date, message, status, created_at, room_id, reviewed_by_id, user_id) VALUES ('90acada8-9360-4317-889b-d01bed3fdae2', 1307.69, 'monthly', '2025-08-06', '2025-12-08', 'Interested in room 28', 'approved', '2024-06-17 00:00:00', '20917ec6-f19b-4d43-8d89-9a1eeb769354', '35c0c4f6-c435-474e-bf3b-9545e245a9c1', '2b930974-8d70-487c-b68f-c0d99afc98e9');
INSERT INTO pagoumorou_proposal (id, proposed_price, period, move_in_date, move_out_date, message, status, created_at, room_id, reviewed_by_id, user_id) VALUES ('09d7cf36-1e82-49b8-9c0f-0e3d0199c518', 1003.0, 'monthly', '2025-08-21', '2025-11-14', 'Interested in room 29', 'rejected', '2024-08-12 00:00:00', 'd85e8d9d-cdb1-4bad-9c18-7e0241e10e4f', 'eb7049d0-449d-4cc7-9c60-f0ae606702d1', '6733e9e7-9971-4957-984d-b6c6005746ff');
INSERT INTO pagoumorou_proposal (id, proposed_price, period, move_in_date, move_out_date, message, status, created_at, room_id, reviewed_by_id, user_id) VALUES ('e9430627-c263-45c6-9cd7-1eb8a3ef17aa', 1405.29, 'monthly', '2025-08-29', '2025-11-09', 'Interested in room 30', 'pending', '2024-09-04 00:00:00', '045ae3e6-7c62-48c8-8a20-4cc9957178e9', '04007c52-90fb-4fe1-90fe-3e0bf39a1768', 'e71d1e8d-b6a9-4488-a766-e7b1a87dcba8');
INSERT INTO pagoumorou_proposal (id, proposed_price, period, move_in_date, move_out_date, message, status, created_at, room_id, reviewed_by_id, user_id) VALUES ('248ba4d3-4efb-454b-9687-e30ec0916449', 1418.33, 'monthly', '2025-06-13', '2025-08-06', 'Interested in room 31', 'rejected', '2025-03-25 00:00:00', '0360fb98-562b-4a5b-a4c0-f01c0dfe6037', '2b8065e0-2394-492d-969f-7c707d075fa0', '54d22125-735c-48f0-adb2-baf6fe9c1d7a');
INSERT INTO pagoumorou_proposal (id, proposed_price, period, move_in_date, move_out_date, message, status, created_at, room_id, reviewed_by_id, user_id) VALUES ('d0c1ef41-5a5d-4647-b6c5-3b50c83d9258', 1369.85, 'monthly', '2025-06-17', '2025-10-09', 'Interested in room 32', 'approved', '2024-09-28 00:00:00', 'edcd2cab-e46b-45fd-af8b-c0ae8b16c604', 'a4fd8824-737b-4ba0-a411-896d8be30c58', '20fc9bfe-22cb-4f68-ab8c-79061d353f36');
INSERT INTO pagoumorou_proposal (id, proposed_price, period, move_in_date, move_out_date, message, status, created_at, room_id, reviewed_by_id, user_id) VALUES ('5cfa9617-d58c-44bb-aa40-8cc71bf3b6f4', 701.98, 'monthly', '2025-08-12', '2025-11-07', 'Interested in room 33', 'approved', '2024-05-04 00:00:00', '22b5dd18-a44a-4703-b884-952341ada98c', '8bb0f242-2857-4d62-969a-4753915bf1e9', '54d22125-735c-48f0-adb2-baf6fe9c1d7a');
INSERT INTO pagoumorou_proposal (id, proposed_price, period, move_in_date, move_out_date, message, status, created_at, room_id, reviewed_by_id, user_id) VALUES ('13eb227e-0389-4c13-a025-cddc499b3c8b', 1662.31, 'weekly', '2025-08-03', '2026-01-05', 'Interested in room 34', 'pending', '2025-04-27 00:00:00', 'dff4d549-286a-410c-a413-8949ab4befdf', '52d6ccf1-9004-425f-be7a-9bdfc687c64d', 'e4561979-5332-476b-9958-0125d92e272a');
INSERT INTO pagoumorou_proposal (id, proposed_price, period, move_in_date, move_out_date, message, status, created_at, room_id, reviewed_by_id, user_id) VALUES ('ac1202e0-8ba6-42c6-a6ce-4b14f3266847', 1464.25, 'weekly', '2025-07-01', '2025-11-12', 'Interested in room 35', 'rejected', '2024-03-13 00:00:00', '97c0837e-ccc8-47d5-862a-2e7f44072df3', '4905189d-60c6-4a24-8294-6ea7bc6e0d91', '31a6febf-3d97-43db-8633-bd18dc382a25');
INSERT INTO pagoumorou_proposal (id, proposed_price, period, move_in_date, move_out_date, message, status, created_at, room_id, reviewed_by_id, user_id) VALUES ('3517049b-0a04-4675-a8b1-daafde22d179', 903.34, 'weekly', '2025-07-14', '2025-08-17', 'Interested in room 36', 'approved', '2024-12-07 00:00:00', '362eb7a4-71f0-4579-afdc-577942b728ac', 'f8376e04-73e1-4f62-8ca2-92a18fea52b3', 'a019b45c-2d0f-4f20-bc0f-ec37a819d90c');
INSERT INTO pagoumorou_proposal (id, proposed_price, period, move_in_date, move_out_date, message, status, created_at, room_id, reviewed_by_id, user_id) VALUES ('10b9fe9b-db62-490f-bf8e-b3a90ba37def', 955.23, 'monthly', '2025-08-13', '2026-01-25', 'Interested in room 37', 'approved', '2024-09-02 00:00:00', '77158269-a577-4be9-b64a-653bd60cc708', '8705ed38-ff09-491a-bf64-91aeeba93e2d', '9aba93f9-c901-4504-b1d4-982b4e9cb598');
INSERT INTO pagoumorou_proposal (id, proposed_price, period, move_in_date, move_out_date, message, status, created_at, room_id, reviewed_by_id, user_id) VALUES ('d79fde2a-739d-43d3-9731-01e7d8c4ea31', 721.36, 'monthly', '2025-08-08', '2025-11-22', 'Interested in room 38', 'approved', '2024-08-01 00:00:00', 'aefcb630-a785-49c4-a081-9589bc9183b0', 'f8376e04-73e1-4f62-8ca2-92a18fea52b3', '6176aec6-df27-405c-a910-d40587bdb809');
INSERT INTO pagoumorou_proposal (id, proposed_price, period, move_in_date, move_out_date, message, status, created_at, room_id, reviewed_by_id, user_id) VALUES ('cf428ae1-5ed9-4f7c-b9f6-45c75cb42b91', 201.42, 'weekly', '2025-07-06', '2025-12-24', 'Interested in room 39', 'rejected', '2025-02-03 00:00:00', '85307020-bd44-419c-a119-9d9fa4352428', '04007c52-90fb-4fe1-90fe-3e0bf39a1768', 'e81e9b0a-7e57-4752-9983-d5258732f245');
INSERT INTO pagoumorou_proposal (id, proposed_price, period, move_in_date, move_out_date, message, status, created_at, room_id, reviewed_by_id, user_id) VALUES ('b3cd530b-a53d-408a-8956-9afe039c0498', 617.63, 'monthly', '2025-06-30', '2025-12-11', 'Interested in room 40', 'rejected', '2024-04-30 00:00:00', 'cc33a5ef-040d-41d4-9d07-81f5730871dc', 'cd5494b4-e744-4ff4-a736-9651506d27cb', '31a6febf-3d97-43db-8633-bd18dc382a25');
INSERT INTO pagoumorou_proposal (id, proposed_price, period, move_in_date, move_out_date, message, status, created_at, room_id, reviewed_by_id, user_id) VALUES ('5455fd02-0049-4dcc-a94b-9295132ebf7b', 840.77, 'weekly', '2025-07-01', '2025-10-04', 'Interested in room 41', 'rejected', '2025-01-13 00:00:00', 'dba886da-ae59-4e6b-9fe8-175ac7420b32', 'cc3ffa94-1782-4111-be20-cbd892411775', '8a68c4cb-3c61-4d7e-997f-beaeda4b3809');
INSERT INTO pagoumorou_proposal (id, proposed_price, period, move_in_date, move_out_date, message, status, created_at, room_id, reviewed_by_id, user_id) VALUES ('c3a43f83-9ebe-45c7-b286-e91ab2af6062', 1931.58, 'weekly', '2025-07-05', '2025-12-23', 'Interested in room 42', 'rejected', '2025-02-18 00:00:00', '64b0696a-96c0-4f87-8ff3-4c2591dd4775', '621802ed-bacc-4c26-9c9c-cdd72c8f2aa7', 'ef4bd076-d433-418f-8e9c-b95ebd46d8b5');
INSERT INTO pagoumorou_proposal (id, proposed_price, period, move_in_date, move_out_date, message, status, created_at, room_id, reviewed_by_id, user_id) VALUES ('f81bd229-34e9-45cd-8c8a-8dd91083406a', 1879.03, 'monthly', '2025-06-22', '2025-10-17', 'Interested in room 43', 'pending', '2024-12-29 00:00:00', '8209ec84-6b6b-493c-a77a-c7940df9115f', '2b930974-8d70-487c-b68f-c0d99afc98e9', 'ff056f81-93fe-4ee6-ba78-6f2ff54dd468');
INSERT INTO pagoumorou_proposal (id, proposed_price, period, move_in_date, move_out_date, message, status, created_at, room_id, reviewed_by_id, user_id) VALUES ('7eaeb900-d368-4cf7-8d73-860544f1a436', 1850.01, 'weekly', '2025-08-20', '2026-01-25', 'Interested in room 44', 'rejected', '2024-06-01 00:00:00', '42566cb6-1411-4fe3-9e20-0c21a9dedd9b', 'cb7ad2a1-ccb6-4a69-8c3f-8321993a0fe3', '04007c52-90fb-4fe1-90fe-3e0bf39a1768');
INSERT INTO pagoumorou_proposal (id, proposed_price, period, move_in_date, move_out_date, message, status, created_at, room_id, reviewed_by_id, user_id) VALUES ('c4308dd0-416d-4659-9c5b-5823be369dbc', 1751.27, 'monthly', '2025-08-05', '2026-01-19', 'Interested in room 45', 'pending', '2024-11-24 00:00:00', 'f8539cc4-b5a7-4791-98a9-8dcde03f0a08', '71b3d6a3-6147-4c4d-a992-15aee19883c4', '1f696c8c-a7ce-4847-9d2c-82fb07553b19');
INSERT INTO pagoumorou_proposal (id, proposed_price, period, move_in_date, move_out_date, message, status, created_at, room_id, reviewed_by_id, user_id) VALUES ('26b86cdf-05cb-4f64-be43-0bdd273ec7e8', 948.88, 'weekly', '2025-06-15', '2025-12-09', 'Interested in room 46', 'pending', '2024-03-24 00:00:00', 'c5a2c55d-871b-42c0-9e6f-fc74f43182f4', '0ddb0975-1c3f-4218-a1f1-9301e6c0db09', '6b73373d-b9a7-403c-a41b-6903d9f3002d');
INSERT INTO pagoumorou_proposal (id, proposed_price, period, move_in_date, move_out_date, message, status, created_at, room_id, reviewed_by_id, user_id) VALUES ('9ac96803-ebc1-4323-a100-022e361fdd8b', 922.64, 'weekly', '2025-07-04', '2025-11-15', 'Interested in room 47', 'pending', '2024-03-13 00:00:00', '5188687c-6f2b-4ceb-ba41-a7e1a73fd4ba', 'a4fd8824-737b-4ba0-a411-896d8be30c58', '8bb0f242-2857-4d62-969a-4753915bf1e9');
INSERT INTO pagoumorou_proposal (id, proposed_price, period, move_in_date, move_out_date, message, status, created_at, room_id, reviewed_by_id, user_id) VALUES ('c1e6fc41-1362-4c0d-9574-38a5a18991b8', 1375.52, 'monthly', '2025-08-20', '2025-10-04', 'Interested in room 48', 'approved', '2024-04-29 00:00:00', '5d153a87-45ea-48e3-8718-1cb1247837ea', '35c0c4f6-c435-474e-bf3b-9545e245a9c1', '5d681803-504f-480d-9d64-3de006c767e8');
INSERT INTO pagoumorou_proposal (id, proposed_price, period, move_in_date, move_out_date, message, status, created_at, room_id, reviewed_by_id, user_id) VALUES ('2f216ddc-856b-496c-a809-554772ab4686', 1059.26, 'weekly', '2025-07-19', '2026-01-11', 'Interested in room 49', 'pending', '2024-02-23 00:00:00', '57f406d0-ec6d-4610-8831-1d68dd3be668', '621802ed-bacc-4c26-9c9c-cdd72c8f2aa7', '063de2d8-9875-43f5-a571-755826c8fb12');
INSERT INTO pagoumorou_proposal (id, proposed_price, period, move_in_date, move_out_date, message, status, created_at, room_id, reviewed_by_id, user_id) VALUES ('c9286277-9844-4e28-94d7-9ffaa4dc01c5', 1154.18, 'monthly', '2025-07-07', '2025-10-06', 'Interested in room 50', 'rejected', '2024-04-12 00:00:00', 'ac1e25c8-20c5-4e58-8bc2-14806147fa7f', '5fa09273-9857-4a75-b5cf-95e9eb313bb0', '395a5a18-e77c-41da-b2c3-4fbe00ea558f');
INSERT INTO pagoumorou_proposal (id, proposed_price, period, move_in_date, move_out_date, message, status, created_at, room_id, reviewed_by_id, user_id) VALUES ('b19930fd-dc49-4f2f-a528-95aa4b97f76c', 451.97, 'monthly', '2025-07-05', '2025-11-05', 'Interested in room 51', 'approved', '2024-10-07 00:00:00', 'e277b2c7-3bbd-4201-8718-d822bc2f52a9', 'a8864c6c-c06b-4669-99ed-0e1782d42bc2', '395a5a18-e77c-41da-b2c3-4fbe00ea558f');
INSERT INTO pagoumorou_proposal (id, proposed_price, period, move_in_date, move_out_date, message, status, created_at, room_id, reviewed_by_id, user_id) VALUES ('cab88f31-0a31-415f-a9cd-6bdc857818de', 1481.7, 'weekly', '2025-07-11', '2025-08-30', 'Interested in room 52', 'pending', '2025-01-10 00:00:00', '7c0ed288-c3d2-426b-b938-c65ed2c5a33a', 'e7a63fd5-2cd0-4c15-a01d-f7e7da1ae4e2', 'b9a68abc-2dc4-40cc-9cde-c12973b49c96');
INSERT INTO pagoumorou_proposal (id, proposed_price, period, move_in_date, move_out_date, message, status, created_at, room_id, reviewed_by_id, user_id) VALUES ('8b2054c6-d211-433d-95a3-140ed65efcc9', 1091.86, 'monthly', '2025-07-05', '2025-10-20', 'Interested in room 53', 'approved', '2025-03-09 00:00:00', 'c15327de-2018-47dd-b949-60b93fe86ab6', 'a8864c6c-c06b-4669-99ed-0e1782d42bc2', 'cd177a40-e23c-4926-88f5-ae5aa086d72a');
INSERT INTO pagoumorou_proposal (id, proposed_price, period, move_in_date, move_out_date, message, status, created_at, room_id, reviewed_by_id, user_id) VALUES ('c33cc996-239b-4a66-9705-e6d03278bf79', 1042.29, 'weekly', '2025-06-19', '2025-07-24', 'Interested in room 54', 'rejected', '2024-12-23 00:00:00', '31b888e0-1310-4dd8-bd78-7ffaf57b26bc', '5d681803-504f-480d-9d64-3de006c767e8', 'caae7419-4adb-4e00-8af0-e28dc9eebfa1');
INSERT INTO pagoumorou_proposal (id, proposed_price, period, move_in_date, move_out_date, message, status, created_at, room_id, reviewed_by_id, user_id) VALUES ('fe5e9195-65e0-4e17-96e1-302a6e22e772', 176.62, 'weekly', '2025-08-08', '2025-10-31', 'Interested in room 55', 'pending', '2024-09-11 00:00:00', 'bc36f9b5-cb54-422a-8ab5-6ba953716fb6', 'a019b45c-2d0f-4f20-bc0f-ec37a819d90c', '6732e190-cc4b-4f2d-9435-a9d79ac35945');
INSERT INTO pagoumorou_proposal (id, proposed_price, period, move_in_date, move_out_date, message, status, created_at, room_id, reviewed_by_id, user_id) VALUES ('08613d64-89cf-4ff7-8220-ef0c179ff85e', 1088.14, 'monthly', '2025-07-21', '2025-09-13', 'Interested in room 56', 'rejected', '2025-03-09 00:00:00', '509f3eb7-ed49-4348-9905-ca7cc6a14ad9', '5d681803-504f-480d-9d64-3de006c767e8', 'e195b530-4cdb-4059-a0ef-6674bc8a730d');
INSERT INTO pagoumorou_proposal (id, proposed_price, period, move_in_date, move_out_date, message, status, created_at, room_id, reviewed_by_id, user_id) VALUES ('12cee10b-1d28-4aac-9925-225e050d7369', 482.83, 'monthly', '2025-07-31', '2025-11-24', 'Interested in room 57', 'rejected', '2025-01-01 00:00:00', 'b7183188-f73f-410b-a980-210a83d8b50c', '31a6febf-3d97-43db-8633-bd18dc382a25', '4905189d-60c6-4a24-8294-6ea7bc6e0d91');
INSERT INTO pagoumorou_proposal (id, proposed_price, period, move_in_date, move_out_date, message, status, created_at, room_id, reviewed_by_id, user_id) VALUES ('4d3125a9-0f7a-41af-ac54-fec3e4324ccb', 586.55, 'monthly', '2025-08-15', '2025-11-17', 'Interested in room 58', 'pending', '2024-06-05 00:00:00', 'e62fc0de-f369-415c-831a-e19ede82e49c', 'ee275c75-1548-4e8b-830f-269af4e10746', '0d0a85c5-c619-485c-a20b-af6df33bd43d');
INSERT INTO pagoumorou_proposal (id, proposed_price, period, move_in_date, move_out_date, message, status, created_at, room_id, reviewed_by_id, user_id) VALUES ('5616d0ce-ad50-4e65-8629-46103d5edaef', 677.92, 'weekly', '2025-08-30', '2025-10-02', 'Interested in room 59', 'pending', '2025-01-04 00:00:00', '810a4c74-bdbe-4785-b558-f07390187b62', '99667104-212a-493a-8491-74b16dd11c52', '99667104-212a-493a-8491-74b16dd11c52');
INSERT INTO pagoumorou_proposal (id, proposed_price, period, move_in_date, move_out_date, message, status, created_at, room_id, reviewed_by_id, user_id) VALUES ('76f5baa8-746d-41b4-9ad8-8f046a7f6c59', 1640.21, 'monthly', '2025-07-25', '2025-10-01', 'Interested in room 60', 'pending', '2024-09-16 00:00:00', 'aedec1bf-6d87-419f-b8b3-0cd317078ab1', 'a8864c6c-c06b-4669-99ed-0e1782d42bc2', 'cb7ad2a1-ccb6-4a69-8c3f-8321993a0fe3');
INSERT INTO pagoumorou_proposal (id, proposed_price, period, move_in_date, move_out_date, message, status, created_at, room_id, reviewed_by_id, user_id) VALUES ('81b8600c-2684-4063-8741-40e119c3e1f7', 1467.09, 'monthly', '2025-07-27', '2025-10-22', 'Interested in room 61', 'approved', '2024-09-26 00:00:00', 'db4c314e-843a-43bd-8925-41a1da6495c9', '3392dd9b-5183-4195-affb-8dddf456cd94', 'ee0f357e-fa2d-42c1-aa31-e5c0c78716c5');
INSERT INTO pagoumorou_proposal (id, proposed_price, period, move_in_date, move_out_date, message, status, created_at, room_id, reviewed_by_id, user_id) VALUES ('ddb85a4b-f8da-4dce-a7eb-bb9774eb75b8', 1877.85, 'monthly', '2025-08-12', '2026-01-17', 'Interested in room 62', 'approved', '2024-12-12 00:00:00', '3868c84d-cf0e-4c92-88f5-e37c4d2193ec', '444636cf-5405-45c9-94e0-7864d890f1ef', '3fd38947-9ea3-4ac4-b364-cdfb3fa63915');
INSERT INTO pagoumorou_proposal (id, proposed_price, period, move_in_date, move_out_date, message, status, created_at, room_id, reviewed_by_id, user_id) VALUES ('2b767f4d-4000-4a95-91b1-9c8d2cd71b3d', 1635.48, 'weekly', '2025-06-09', '2025-10-09', 'Interested in room 63', 'pending', '2024-07-10 00:00:00', '831fe6b7-af7d-4afa-861b-45aff0f45028', '09a12278-c66b-41c4-988c-cb688c2ff137', '16c95a04-eaee-4e05-8454-935497799a91');
INSERT INTO pagoumorou_proposal (id, proposed_price, period, move_in_date, move_out_date, message, status, created_at, room_id, reviewed_by_id, user_id) VALUES ('4e436f31-23a3-48a4-bdb0-f9249858a974', 246.32, 'monthly', '2025-08-31', '2026-02-15', 'Interested in room 64', 'pending', '2025-02-26 00:00:00', '03791fa2-451e-4fc9-becd-2ddc31efec01', 'e81e9b0a-7e57-4752-9983-d5258732f245', '00c530c4-ccbc-4e9b-a38d-fd20f16b603d');
INSERT INTO pagoumorou_proposal (id, proposed_price, period, move_in_date, move_out_date, message, status, created_at, room_id, reviewed_by_id, user_id) VALUES ('b0c2f55b-6044-4ee1-b35c-5732465f862b', 866.81, 'weekly', '2025-08-06', '2025-10-10', 'Interested in room 65', 'approved', '2024-08-30 00:00:00', '46e71e4a-daa8-4d14-b87f-99c179db65aa', '20fc9bfe-22cb-4f68-ab8c-79061d353f36', 'cb7ad2a1-ccb6-4a69-8c3f-8321993a0fe3');
INSERT INTO pagoumorou_proposal (id, proposed_price, period, move_in_date, move_out_date, message, status, created_at, room_id, reviewed_by_id, user_id) VALUES ('47f42bd9-b8bd-4f96-bef3-c1bf3af91233', 1892.23, 'weekly', '2025-06-05', '2025-10-30', 'Interested in room 66', 'rejected', '2024-11-30 00:00:00', '7731cc9c-247e-4b1a-9945-7e91685db196', 'f8376e04-73e1-4f62-8ca2-92a18fea52b3', '063de2d8-9875-43f5-a571-755826c8fb12');
INSERT INTO pagoumorou_proposal (id, proposed_price, period, move_in_date, move_out_date, message, status, created_at, room_id, reviewed_by_id, user_id) VALUES ('96cc241d-af1d-4495-8a3d-97359c2c12d4', 1999.57, 'weekly', '2025-06-30', '2025-09-21', 'Interested in room 67', 'pending', '2025-02-10 00:00:00', '6ac02153-c1f6-4687-bd78-2ac3bd3d4606', 'c8f6d1fe-0431-4477-895e-528c8f708b8d', '6176aec6-df27-405c-a910-d40587bdb809');
INSERT INTO pagoumorou_proposal (id, proposed_price, period, move_in_date, move_out_date, message, status, created_at, room_id, reviewed_by_id, user_id) VALUES ('cb989c7d-d9de-45f4-8c6a-d968ab67ea2e', 510.21, 'monthly', '2025-08-13', '2025-11-17', 'Interested in room 68', 'approved', '2024-04-20 00:00:00', 'a2178779-9167-4936-8854-0fb0eafceaf6', '16c95a04-eaee-4e05-8454-935497799a91', '35c0c4f6-c435-474e-bf3b-9545e245a9c1');
INSERT INTO pagoumorou_proposal (id, proposed_price, period, move_in_date, move_out_date, message, status, created_at, room_id, reviewed_by_id, user_id) VALUES ('782ce55f-73dc-4650-81e9-e3fcdef5e57b', 1996.2, 'monthly', '2025-07-27', '2025-09-18', 'Interested in room 69', 'rejected', '2024-07-25 00:00:00', '69da751a-0ea0-483c-a5bf-e83dbc21f340', 'cd177a40-e23c-4926-88f5-ae5aa086d72a', 'e195b530-4cdb-4059-a0ef-6674bc8a730d');
INSERT INTO pagoumorou_proposal (id, proposed_price, period, move_in_date, move_out_date, message, status, created_at, room_id, reviewed_by_id, user_id) VALUES ('e88a11fb-6cc6-4a74-8428-46876b069dc4', 511.61, 'monthly', '2025-07-17', '2025-09-01', 'Interested in room 70', 'approved', '2024-06-23 00:00:00', '455dc08b-4f76-41e5-967b-15b041fb6721', '0d0a85c5-c619-485c-a20b-af6df33bd43d', '8705ed38-ff09-491a-bf64-91aeeba93e2d');
INSERT INTO pagoumorou_proposal (id, proposed_price, period, move_in_date, move_out_date, message, status, created_at, room_id, reviewed_by_id, user_id) VALUES ('8ca2bc92-e490-4933-8058-c40021ce82f7', 1496.92, 'monthly', '2025-08-10', '2025-11-04', 'Interested in room 71', 'approved', '2024-08-06 00:00:00', 'bd2b24e1-7ed7-4778-971a-d41fc568d213', '889a0e48-cf72-485c-a9e8-8ebdb4eeaf06', '4a3c58b7-31af-4828-aec8-fcde3385c884');
INSERT INTO pagoumorou_proposal (id, proposed_price, period, move_in_date, move_out_date, message, status, created_at, room_id, reviewed_by_id, user_id) VALUES ('89ed6537-8231-4807-813e-0467cba7b7e9', 582.95, 'monthly', '2025-06-12', '2025-08-04', 'Interested in room 72', 'rejected', '2024-10-13 00:00:00', 'bc8badac-4a97-4893-8385-20af6dc33d85', '4a3c58b7-31af-4828-aec8-fcde3385c884', '4140dc42-5300-4388-9ad2-83c16c840951');
INSERT INTO pagoumorou_proposal (id, proposed_price, period, move_in_date, move_out_date, message, status, created_at, room_id, reviewed_by_id, user_id) VALUES ('d00351f2-3bee-4a04-87c7-7f956dec3a6d', 1246.96, 'monthly', '2025-06-18', '2025-10-17', 'Interested in room 73', 'pending', '2024-09-18 00:00:00', '3990492a-b50c-48d2-94c6-3fd285be268b', '3392dd9b-5183-4195-affb-8dddf456cd94', '8aa6e05c-8fee-4484-8bc6-40e51974ae04');
INSERT INTO pagoumorou_proposal (id, proposed_price, period, move_in_date, move_out_date, message, status, created_at, room_id, reviewed_by_id, user_id) VALUES ('cb64cc47-fb07-440f-8688-9e8cc9a529fe', 192.25, 'monthly', '2025-08-02', '2025-11-29', 'Interested in room 74', 'approved', '2024-08-04 00:00:00', '3179f291-22bc-494b-813b-36e33a012998', 'cd5494b4-e744-4ff4-a736-9651506d27cb', '39b33bce-4087-4d96-b0d2-fbe778baeaab');
INSERT INTO pagoumorou_proposal (id, proposed_price, period, move_in_date, move_out_date, message, status, created_at, room_id, reviewed_by_id, user_id) VALUES ('7fe2733f-d3e7-46c6-8ad0-8e1bd6b08ee2', 913.22, 'weekly', '2025-07-07', '2025-11-17', 'Interested in room 75', 'rejected', '2024-01-10 00:00:00', '27202a90-c21c-4bff-ac24-232e7e7529c7', '395a5a18-e77c-41da-b2c3-4fbe00ea558f', '057739a4-7689-444a-94ff-d5a286e7f863');
INSERT INTO pagoumorou_proposal (id, proposed_price, period, move_in_date, move_out_date, message, status, created_at, room_id, reviewed_by_id, user_id) VALUES ('d1ac92a4-a3a7-4ea1-8778-48e2d2a868b1', 989.57, 'weekly', '2025-06-07', '2025-07-19', 'Interested in room 76', 'rejected', '2025-03-22 00:00:00', '546956f7-2d92-4748-94b4-dae475925dbe', '6b5b3ef1-ff52-416c-bfaf-04c233245fe2', '395a5a18-e77c-41da-b2c3-4fbe00ea558f');
INSERT INTO pagoumorou_proposal (id, proposed_price, period, move_in_date, move_out_date, message, status, created_at, room_id, reviewed_by_id, user_id) VALUES ('d4edc7c5-c8f4-4c9a-ac5d-4ff14b231862', 1123.67, 'weekly', '2025-07-08', '2025-09-10', 'Interested in room 77', 'pending', '2024-04-14 00:00:00', '8112ce3e-7fa0-432b-b504-b556b3329104', '985bb458-a23a-496a-ba04-9cea53693352', 'a4d351c3-e5ed-4de9-aab6-d7caf611f183');
INSERT INTO pagoumorou_proposal (id, proposed_price, period, move_in_date, move_out_date, message, status, created_at, room_id, reviewed_by_id, user_id) VALUES ('a6a070e5-67f2-4132-9b35-a80ab1b43852', 305.82, 'monthly', '2025-08-09', '2026-01-14', 'Interested in room 78', 'pending', '2025-03-07 00:00:00', 'b72f7c6a-fdae-4a4b-8bbe-53970dbeb66b', '52d6ccf1-9004-425f-be7a-9bdfc687c64d', '395a5a18-e77c-41da-b2c3-4fbe00ea558f');
INSERT INTO pagoumorou_proposal (id, proposed_price, period, move_in_date, move_out_date, message, status, created_at, room_id, reviewed_by_id, user_id) VALUES ('54f17536-2027-43e2-8635-92bc67a9e271', 686.56, 'weekly', '2025-07-31', '2026-01-25', 'Interested in room 79', 'rejected', '2025-03-10 00:00:00', '7cc1b623-1a79-4d65-8fb7-dc98132642de', 'e40eb1db-9039-478f-aa54-c178ac8b78bd', 'cb7ad2a1-ccb6-4a69-8c3f-8321993a0fe3');
INSERT INTO pagoumorou_proposal (id, proposed_price, period, move_in_date, move_out_date, message, status, created_at, room_id, reviewed_by_id, user_id) VALUES ('af6dbb58-7eed-4ccf-8f8c-38ec9ed34cbe', 1430.23, 'monthly', '2025-06-17', '2025-11-08', 'Interested in room 80', 'approved', '2024-11-12 00:00:00', 'd2d4cb33-8440-41a3-9118-dced61033fc7', '20fc9bfe-22cb-4f68-ab8c-79061d353f36', '99667104-212a-493a-8491-74b16dd11c52');
INSERT INTO pagoumorou_proposal (id, proposed_price, period, move_in_date, move_out_date, message, status, created_at, room_id, reviewed_by_id, user_id) VALUES ('c08714cc-c6e9-43ad-b312-5a42dc69c00a', 328.94, 'monthly', '2025-08-02', '2025-10-28', 'Interested in room 81', 'approved', '2024-07-29 00:00:00', 'e5236bfd-b24b-468b-acf5-6f39b64bca92', 'd6e13fff-ad83-4d6a-8dbc-e7b2d8288b1c', 'f83e3ef3-0a5a-41b2-95e1-f200dd891373');
INSERT INTO pagoumorou_proposal (id, proposed_price, period, move_in_date, move_out_date, message, status, created_at, room_id, reviewed_by_id, user_id) VALUES ('fcb93ac4-b275-4305-83a1-7783ff6bde13', 1160.55, 'monthly', '2025-06-16', '2025-10-29', 'Interested in room 82', 'rejected', '2024-02-24 00:00:00', 'adb06052-3743-468c-89ad-5332534e1957', '6733e9e7-9971-4957-984d-b6c6005746ff', '2e920589-9b87-4942-baaf-6f12b4609ffc');
INSERT INTO pagoumorou_proposal (id, proposed_price, period, move_in_date, move_out_date, message, status, created_at, room_id, reviewed_by_id, user_id) VALUES ('ffc2eec7-da3d-4a7b-a89a-9a90a7be1470', 1739.23, 'weekly', '2025-08-11', '2025-11-16', 'Interested in room 83', 'pending', '2024-07-06 00:00:00', 'b07d5b60-a745-4d11-b5ab-488377e8f6e3', '71b3d6a3-6147-4c4d-a992-15aee19883c4', 'ee275c75-1548-4e8b-830f-269af4e10746');
INSERT INTO pagoumorou_proposal (id, proposed_price, period, move_in_date, move_out_date, message, status, created_at, room_id, reviewed_by_id, user_id) VALUES ('238b667e-f479-44df-a570-a69b7b68219d', 260.06, 'weekly', '2025-07-18', '2025-11-12', 'Interested in room 84', 'rejected', '2024-03-11 00:00:00', 'de164797-0134-4cf2-b92d-b64639aeef25', '39b33bce-4087-4d96-b0d2-fbe778baeaab', '6b5b3ef1-ff52-416c-bfaf-04c233245fe2');
INSERT INTO pagoumorou_proposal (id, proposed_price, period, move_in_date, move_out_date, message, status, created_at, room_id, reviewed_by_id, user_id) VALUES ('e1626ec0-86c0-468c-9199-778b4f25a066', 1091.08, 'monthly', '2025-06-24', '2025-10-18', 'Interested in room 85', 'rejected', '2024-03-02 00:00:00', '0450aba4-95a9-491c-9c51-ca2d4d66bef3', 'c3fb9142-0adc-45ba-8e1d-ed056ff849ba', 'ff9ee024-e7c9-485e-8483-ecb38f083f55');
INSERT INTO pagoumorou_proposal (id, proposed_price, period, move_in_date, move_out_date, message, status, created_at, room_id, reviewed_by_id, user_id) VALUES ('da9acb21-289f-4d47-8774-14961241cda1', 1199.56, 'weekly', '2025-08-04', '2025-11-14', 'Interested in room 86', 'rejected', '2024-11-14 00:00:00', 'e48a6d3b-bb49-42a0-90d0-2ae52eac7658', '39b33bce-4087-4d96-b0d2-fbe778baeaab', 'a7787c84-39c7-4a52-970c-671023046cef');
INSERT INTO pagoumorou_proposal (id, proposed_price, period, move_in_date, move_out_date, message, status, created_at, room_id, reviewed_by_id, user_id) VALUES ('238f96e5-25f8-492f-8c6c-7761773b1549', 1679.85, 'monthly', '2025-08-29', '2025-12-05', 'Interested in room 87', 'approved', '2024-01-30 00:00:00', '762f28ea-e118-494a-bd23-f26e52f0bf33', '6732e190-cc4b-4f2d-9435-a9d79ac35945', '03c82839-3829-4017-913f-9e22a755d8ba');
INSERT INTO pagoumorou_proposal (id, proposed_price, period, move_in_date, move_out_date, message, status, created_at, room_id, reviewed_by_id, user_id) VALUES ('9e757480-02eb-46e1-9d6f-b4308971d196', 859.95, 'weekly', '2025-08-10', '2025-11-16', 'Interested in room 88', 'pending', '2025-03-06 00:00:00', 'd992ecd3-bbde-459a-a322-d941d3d70d4d', '03c82839-3829-4017-913f-9e22a755d8ba', '54d22125-735c-48f0-adb2-baf6fe9c1d7a');
INSERT INTO pagoumorou_proposal (id, proposed_price, period, move_in_date, move_out_date, message, status, created_at, room_id, reviewed_by_id, user_id) VALUES ('b540b9ec-f158-4c26-b361-c904713ca6d0', 1102.28, 'monthly', '2025-07-21', '2025-10-03', 'Interested in room 89', 'rejected', '2024-04-24 00:00:00', '8d2623f4-aa5f-4f52-8d5c-b92499a84696', '0d0a85c5-c619-485c-a20b-af6df33bd43d', '057739a4-7689-444a-94ff-d5a286e7f863');
INSERT INTO pagoumorou_proposal (id, proposed_price, period, move_in_date, move_out_date, message, status, created_at, room_id, reviewed_by_id, user_id) VALUES ('dcee27f9-af4e-4d59-ac92-8ffb0c47f012', 1488.86, 'weekly', '2025-08-08', '2025-11-13', 'Interested in room 90', 'rejected', '2024-06-18 00:00:00', '9026bf60-37b3-4141-a028-74c7a531e214', '063de2d8-9875-43f5-a571-755826c8fb12', 'a7787c84-39c7-4a52-970c-671023046cef');
INSERT INTO pagoumorou_proposal (id, proposed_price, period, move_in_date, move_out_date, message, status, created_at, room_id, reviewed_by_id, user_id) VALUES ('b9c2e6f6-31a8-4501-ac3c-52033f850c14', 1655.49, 'monthly', '2025-07-21', '2025-12-21', 'Interested in room 91', 'approved', '2025-01-07 00:00:00', 'a761b7d3-3beb-4fc8-9bce-3a9556779a29', '8bb0f242-2857-4d62-969a-4753915bf1e9', '5bcde1c9-7228-4209-8862-8da91361ca2e');
INSERT INTO pagoumorou_proposal (id, proposed_price, period, move_in_date, move_out_date, message, status, created_at, room_id, reviewed_by_id, user_id) VALUES ('50cfeed7-c8ea-4161-8fb2-1121af81b542', 1966.05, 'monthly', '2025-08-06', '2026-01-17', 'Interested in room 92', 'pending', '2024-01-07 00:00:00', '1a531981-b132-4868-9e78-9faf99b43c68', '3392dd9b-5183-4195-affb-8dddf456cd94', 'ef4bd076-d433-418f-8e9c-b95ebd46d8b5');
INSERT INTO pagoumorou_proposal (id, proposed_price, period, move_in_date, move_out_date, message, status, created_at, room_id, reviewed_by_id, user_id) VALUES ('77a090b1-3f2a-4021-9400-e6a71441c1f9', 1393.04, 'weekly', '2025-08-12', '2026-01-07', 'Interested in room 93', 'rejected', '2024-08-01 00:00:00', '29aa3b07-de55-4ba9-a4da-c8319ce856a7', 'c2d223c3-de06-493a-ba20-09258fde1c42', '8a68c4cb-3c61-4d7e-997f-beaeda4b3809');
INSERT INTO pagoumorou_proposal (id, proposed_price, period, move_in_date, move_out_date, message, status, created_at, room_id, reviewed_by_id, user_id) VALUES ('4707bfa3-edc7-4001-babf-40a9a944d142', 1655.7, 'monthly', '2025-06-01', '2025-11-20', 'Interested in room 94', 'pending', '2024-01-08 00:00:00', '5cc0635b-8664-4906-9607-27056bef77a7', 'e40eb1db-9039-478f-aa54-c178ac8b78bd', '35c0c4f6-c435-474e-bf3b-9545e245a9c1');
INSERT INTO pagoumorou_proposal (id, proposed_price, period, move_in_date, move_out_date, message, status, created_at, room_id, reviewed_by_id, user_id) VALUES ('d6276830-cc5f-44f6-bcc6-f30e35da4fe7', 1482.47, 'weekly', '2025-06-02', '2025-09-24', 'Interested in room 95', 'approved', '2024-01-28 00:00:00', 'c8b644bc-842b-4bdb-aa6c-05685935dd6b', 'e7a63fd5-2cd0-4c15-a01d-f7e7da1ae4e2', '6732e190-cc4b-4f2d-9435-a9d79ac35945');
INSERT INTO pagoumorou_proposal (id, proposed_price, period, move_in_date, move_out_date, message, status, created_at, room_id, reviewed_by_id, user_id) VALUES ('c0d1c0fb-772b-431e-b175-3d05435df9f7', 1705.78, 'monthly', '2025-07-21', '2025-11-12', 'Interested in room 96', 'rejected', '2024-07-21 00:00:00', 'ba167808-b244-4d55-b358-a9fbad9d24c2', 'bdb2a6ed-8746-47d6-929d-350f2a5491e2', '3392dd9b-5183-4195-affb-8dddf456cd94');
INSERT INTO pagoumorou_proposal (id, proposed_price, period, move_in_date, move_out_date, message, status, created_at, room_id, reviewed_by_id, user_id) VALUES ('4f7ac14f-f7e1-4c85-bdb8-75e29091ad23', 929.99, 'monthly', '2025-08-16', '2025-11-09', 'Interested in room 97', 'pending', '2024-09-09 00:00:00', '06be8ef5-8f21-4b69-af8f-aa95a8bb2738', 'caae7419-4adb-4e00-8af0-e28dc9eebfa1', '5fa09273-9857-4a75-b5cf-95e9eb313bb0');
INSERT INTO pagoumorou_proposal (id, proposed_price, period, move_in_date, move_out_date, message, status, created_at, room_id, reviewed_by_id, user_id) VALUES ('8ebaa62f-7add-452a-9855-318d02c56b2b', 737.79, 'monthly', '2025-09-01', '2026-01-24', 'Interested in room 98', 'pending', '2024-11-13 00:00:00', '00a858c1-c4b6-465d-94cf-755957956a1a', '4140dc42-5300-4388-9ad2-83c16c840951', '00c530c4-ccbc-4e9b-a38d-fd20f16b603d');
INSERT INTO pagoumorou_proposal (id, proposed_price, period, move_in_date, move_out_date, message, status, created_at, room_id, reviewed_by_id, user_id) VALUES ('4f7b372e-7291-4610-814f-bfb0e921688d', 1164.84, 'weekly', '2025-07-06', '2025-10-22', 'Interested in room 99', 'rejected', '2024-02-27 00:00:00', 'b3d3df22-78e7-478f-a12a-d7f9b7dc71f1', 'ba8d6a9c-e845-4a39-8ba8-e02e768a744c', 'ee0f357e-fa2d-42c1-aa31-e5c0c78716c5');
INSERT INTO pagoumorou_roomfeature (feature_id, room_id) VALUES ('36ed7394-42b1-451e-913d-5848a5efb23e', 'f6ceddc6-2bae-4b9d-86af-d2aa26f91ba4');
INSERT INTO pagoumorou_roomfeature (feature_id, room_id) VALUES ('454a4328-4224-4b65-a782-c39f5ac74185', 'f6ceddc6-2bae-4b9d-86af-d2aa26f91ba4');
INSERT INTO pagoumorou_roomfeature (feature_id, room_id) VALUES ('9a6160ff-b86d-4948-9199-5b619b5a7d70', '2463c684-f5ce-41bf-be26-bc5b98d5aae5');
INSERT INTO pagoumorou_roomfeature (feature_id, room_id) VALUES ('eacee133-4356-47e6-8d05-e4c4008c5016', '2463c684-f5ce-41bf-be26-bc5b98d5aae5');
INSERT INTO pagoumorou_roomfeature (feature_id, room_id) VALUES ('25082c5b-25f4-421a-a27f-4e41d41a2119', '2463c684-f5ce-41bf-be26-bc5b98d5aae5');
INSERT INTO pagoumorou_roomfeature (feature_id, room_id) VALUES ('4c9bb0cb-7469-46f7-acb0-61d5c3d9a220', '2463c684-f5ce-41bf-be26-bc5b98d5aae5');
INSERT INTO pagoumorou_roomfeature (feature_id, room_id) VALUES ('0b89cd3c-b2e9-4593-a2b7-31a62c70134b', '41537990-3b7c-4b1d-8598-3a6cc80444fe');
INSERT INTO pagoumorou_roomfeature (feature_id, room_id) VALUES ('3901980d-83af-4bc0-881d-02a0c0a0fdfb', '41537990-3b7c-4b1d-8598-3a6cc80444fe');
INSERT INTO pagoumorou_roomfeature (feature_id, room_id) VALUES ('454a4328-4224-4b65-a782-c39f5ac74185', '41537990-3b7c-4b1d-8598-3a6cc80444fe');
INSERT INTO pagoumorou_roomfeature (feature_id, room_id) VALUES ('22e75b97-e642-4101-b805-8f87109aaaf6', '41537990-3b7c-4b1d-8598-3a6cc80444fe');
INSERT INTO pagoumorou_roomfeature (feature_id, room_id) VALUES ('cb4cce29-7c07-4313-b458-243b433bfc84', 'a3c8cc05-52e9-41fb-9347-d8c6c317937f');
INSERT INTO pagoumorou_roomfeature (feature_id, room_id) VALUES ('549802c6-79aa-4d28-998f-fb36c2a55658', 'a3c8cc05-52e9-41fb-9347-d8c6c317937f');
INSERT INTO pagoumorou_roomfeature (feature_id, room_id) VALUES ('5cc92033-4f1e-4147-863e-9821cb38677d', 'a3c8cc05-52e9-41fb-9347-d8c6c317937f');
INSERT INTO pagoumorou_roomfeature (feature_id, room_id) VALUES ('36c76891-3c58-41cf-aaea-4853983bce2b', '21734b53-651e-4eff-8a97-9d716ebd0be3');
INSERT INTO pagoumorou_roomfeature (feature_id, room_id) VALUES ('828e2204-cc6a-40ff-9eef-6ee7d536ca26', '21734b53-651e-4eff-8a97-9d716ebd0be3');
INSERT INTO pagoumorou_roomfeature (feature_id, room_id) VALUES ('25082c5b-25f4-421a-a27f-4e41d41a2119', '21734b53-651e-4eff-8a97-9d716ebd0be3');
INSERT INTO pagoumorou_roomfeature (feature_id, room_id) VALUES ('e7ee1b51-4ef8-4d5a-8ac9-1e9e5b260637', 'b118dda1-ecd5-45ed-bac0-b1538edcd553');
INSERT INTO pagoumorou_roomfeature (feature_id, room_id) VALUES ('ceef730f-c31f-4922-84b2-9f13de861e07', '44f6d09c-425e-4a5d-817f-bc821498e362');
INSERT INTO pagoumorou_roomfeature (feature_id, room_id) VALUES ('1da4b951-c38a-49ec-a536-69a17d70908b', '44f6d09c-425e-4a5d-817f-bc821498e362');
INSERT INTO pagoumorou_roomfeature (feature_id, room_id) VALUES ('ceef730f-c31f-4922-84b2-9f13de861e07', '44f6d09c-425e-4a5d-817f-bc821498e362');
INSERT INTO pagoumorou_roomfeature (feature_id, room_id) VALUES ('27a3c37f-f5f8-4a85-922e-798ec88d340e', '44f6d09c-425e-4a5d-817f-bc821498e362');
INSERT INTO pagoumorou_roomfeature (feature_id, room_id) VALUES ('36ed7394-42b1-451e-913d-5848a5efb23e', '44f6d09c-425e-4a5d-817f-bc821498e362');
INSERT INTO pagoumorou_roomfeature (feature_id, room_id) VALUES ('bc181bd9-1c61-4681-b5c1-92aee545b230', 'c035219a-3a87-4167-913d-8dc0e3d7b59d');
INSERT INTO pagoumorou_roomfeature (feature_id, room_id) VALUES ('82bb9cd0-527d-41ca-82f7-ae752d57d796', 'c035219a-3a87-4167-913d-8dc0e3d7b59d');
INSERT INTO pagoumorou_roomfeature (feature_id, room_id) VALUES ('99bbfe38-6f68-43fb-87c8-6cefa1346322', 'c035219a-3a87-4167-913d-8dc0e3d7b59d');
INSERT INTO pagoumorou_roomfeature (feature_id, room_id) VALUES ('a77d4a53-5bac-4d4f-afff-c2462ecd1b16', '7745e247-a662-4d9e-8ed8-e13be97284f5');
INSERT INTO pagoumorou_roomfeature (feature_id, room_id) VALUES ('ab623809-5c1a-472a-86ef-dab65162df15', '7745e247-a662-4d9e-8ed8-e13be97284f5');
INSERT INTO pagoumorou_roomfeature (feature_id, room_id) VALUES ('8c84c4e7-4086-49e9-8313-38f217b6010e', '7745e247-a662-4d9e-8ed8-e13be97284f5');
INSERT INTO pagoumorou_roomfeature (feature_id, room_id) VALUES ('5678f818-78b8-4b9d-b6a5-a267a28a8c72', '7745e247-a662-4d9e-8ed8-e13be97284f5');
INSERT INTO pagoumorou_roomfeature (feature_id, room_id) VALUES ('3901980d-83af-4bc0-881d-02a0c0a0fdfb', '5476c9ea-6315-45cc-8248-03fc2f4f30d4');
INSERT INTO pagoumorou_roomfeature (feature_id, room_id) VALUES ('32ef1c9b-cd62-48f2-b095-68b93fd4d6d0', '5476c9ea-6315-45cc-8248-03fc2f4f30d4');
INSERT INTO pagoumorou_roomfeature (feature_id, room_id) VALUES ('c63c2bea-e214-4eba-8730-be71f6f46fa9', '5476c9ea-6315-45cc-8248-03fc2f4f30d4');
INSERT INTO pagoumorou_roomfeature (feature_id, room_id) VALUES ('712a766c-a0f7-4bdb-9600-a45c83eed6f2', '5476c9ea-6315-45cc-8248-03fc2f4f30d4');
INSERT INTO pagoumorou_roomfeature (feature_id, room_id) VALUES ('4f7a96d5-3524-4715-a7cd-b5a17bc07cbe', '259268e7-9b28-4953-a8de-62ac6997ffb3');
INSERT INTO pagoumorou_roomfeature (feature_id, room_id) VALUES ('60926d07-ba46-4cf4-b277-90da811de860', '259268e7-9b28-4953-a8de-62ac6997ffb3');
INSERT INTO pagoumorou_roomfeature (feature_id, room_id) VALUES ('2c1c4bac-92fb-4b22-8b49-d59f8cbc1f30', '259268e7-9b28-4953-a8de-62ac6997ffb3');
INSERT INTO pagoumorou_roomfeature (feature_id, room_id) VALUES ('7dd4f095-cb4e-4c45-8f6e-853561891efa', '259268e7-9b28-4953-a8de-62ac6997ffb3');
INSERT INTO pagoumorou_roomfeature (feature_id, room_id) VALUES ('26275e06-eb7b-4ff0-a6e0-fc829748cc63', '8c57da9c-ccee-4bea-ba1b-9546508625d4');
INSERT INTO pagoumorou_roomfeature (feature_id, room_id) VALUES ('f8be7240-e245-4fe7-990e-183a8b5c5fdf', '8c57da9c-ccee-4bea-ba1b-9546508625d4');
INSERT INTO pagoumorou_roomfeature (feature_id, room_id) VALUES ('f485c2dd-e248-4e65-ae0c-8b06ee4380c0', 'd63716e9-8d86-47be-ae65-be4aa7fb0ae1');
INSERT INTO pagoumorou_roomfeature (feature_id, room_id) VALUES ('4c9bb0cb-7469-46f7-acb0-61d5c3d9a220', '7a9daad4-e418-41a9-aa6a-41d264544afd');
INSERT INTO pagoumorou_roomfeature (feature_id, room_id) VALUES ('e3549739-9045-4707-9fa9-8510e98d8d7d', '7a9daad4-e418-41a9-aa6a-41d264544afd');
INSERT INTO pagoumorou_roomfeature (feature_id, room_id) VALUES ('25082c5b-25f4-421a-a27f-4e41d41a2119', '7a9daad4-e418-41a9-aa6a-41d264544afd');
INSERT INTO pagoumorou_roomfeature (feature_id, room_id) VALUES ('13dbd3ca-5e4b-461d-80fc-1eb6472247de', '7a9daad4-e418-41a9-aa6a-41d264544afd');
INSERT INTO pagoumorou_roomfeature (feature_id, room_id) VALUES ('16c2feb2-9d39-469b-a5c6-2fde47fca59f', '7a9daad4-e418-41a9-aa6a-41d264544afd');
INSERT INTO pagoumorou_roomfeature (feature_id, room_id) VALUES ('96ed5fc2-7074-4e8c-84e7-72df1b8ed459', 'eb9bafed-53d8-4922-9073-223243496a80');
INSERT INTO pagoumorou_roomfeature (feature_id, room_id) VALUES ('8d987c10-0777-4535-beb0-249b291e1385', 'eb9bafed-53d8-4922-9073-223243496a80');
INSERT INTO pagoumorou_roomfeature (feature_id, room_id) VALUES ('c1077903-865a-46dd-be9c-8edbea9726fd', 'eb9bafed-53d8-4922-9073-223243496a80');
INSERT INTO pagoumorou_roomfeature (feature_id, room_id) VALUES ('af5464e6-f601-410d-b823-823ffa9c4111', 'eb9bafed-53d8-4922-9073-223243496a80');
INSERT INTO pagoumorou_roomfeature (feature_id, room_id) VALUES ('4f7a96d5-3524-4715-a7cd-b5a17bc07cbe', 'eb9bafed-53d8-4922-9073-223243496a80');
INSERT INTO pagoumorou_roomfeature (feature_id, room_id) VALUES ('dc6de81a-a2d4-41a8-b952-44ba0ceab700', '38efc8cd-f9a4-4684-a577-4e16de21f851');
INSERT INTO pagoumorou_roomfeature (feature_id, room_id) VALUES ('8f3c52ed-5e4b-4804-99dd-988340397ebb', '049901c8-b65f-4dab-943c-88d5203e1961');
INSERT INTO pagoumorou_roomfeature (feature_id, room_id) VALUES ('1d30f7bd-041a-4bc9-8afe-7177a12550a9', 'ad9862d9-6e82-4825-be46-ae503efdb19c');
INSERT INTO pagoumorou_roomfeature (feature_id, room_id) VALUES ('d16f9145-6277-4412-b990-a3f5fd0aec27', 'ad9862d9-6e82-4825-be46-ae503efdb19c');
INSERT INTO pagoumorou_roomfeature (feature_id, room_id) VALUES ('aa788f24-16ae-4979-ad15-6519ffa2800a', 'ad9862d9-6e82-4825-be46-ae503efdb19c');
INSERT INTO pagoumorou_roomfeature (feature_id, room_id) VALUES ('eacee133-4356-47e6-8d05-e4c4008c5016', 'ad9862d9-6e82-4825-be46-ae503efdb19c');
INSERT INTO pagoumorou_roomfeature (feature_id, room_id) VALUES ('1d30f7bd-041a-4bc9-8afe-7177a12550a9', 'a60895da-fda3-4b68-85d0-b2560024645e');
INSERT INTO pagoumorou_roomfeature (feature_id, room_id) VALUES ('9a6160ff-b86d-4948-9199-5b619b5a7d70', 'a60895da-fda3-4b68-85d0-b2560024645e');
INSERT INTO pagoumorou_roomfeature (feature_id, room_id) VALUES ('09112832-f10d-4cb0-96c9-06d0baa87c91', 'a60895da-fda3-4b68-85d0-b2560024645e');
INSERT INTO pagoumorou_roomfeature (feature_id, room_id) VALUES ('064fad7a-9e60-4fb8-bf1c-b0a00ecd5499', 'a60895da-fda3-4b68-85d0-b2560024645e');
INSERT INTO pagoumorou_roomfeature (feature_id, room_id) VALUES ('a77d4a53-5bac-4d4f-afff-c2462ecd1b16', 'a60895da-fda3-4b68-85d0-b2560024645e');
INSERT INTO pagoumorou_roomfeature (feature_id, room_id) VALUES ('a15455a0-2d18-4eea-8f08-8cc5ef95c12e', '9be5a08c-cfc8-4e20-b4ad-6c1e6d2da525');
INSERT INTO pagoumorou_roomfeature (feature_id, room_id) VALUES ('eeba8a8c-cd0b-4e4d-b9e2-e47831634d9a', '9be5a08c-cfc8-4e20-b4ad-6c1e6d2da525');
INSERT INTO pagoumorou_roomfeature (feature_id, room_id) VALUES ('f4388388-b69a-4f53-a0f9-90fe66e3c4b4', '9be5a08c-cfc8-4e20-b4ad-6c1e6d2da525');
INSERT INTO pagoumorou_roomfeature (feature_id, room_id) VALUES ('4fa75727-05be-4b54-942b-aaac8334d330', '70bd428a-72f4-4ddc-9f8e-87ca33cd5359');
INSERT INTO pagoumorou_roomfeature (feature_id, room_id) VALUES ('b7356922-7b94-4a08-980c-31442e213d6b', '70bd428a-72f4-4ddc-9f8e-87ca33cd5359');
INSERT INTO pagoumorou_roomfeature (feature_id, room_id) VALUES ('c9a6b890-61e8-488c-9191-7a5274cdd6d8', '70bd428a-72f4-4ddc-9f8e-87ca33cd5359');
INSERT INTO pagoumorou_roomfeature (feature_id, room_id) VALUES ('3901980d-83af-4bc0-881d-02a0c0a0fdfb', '70bd428a-72f4-4ddc-9f8e-87ca33cd5359');
INSERT INTO pagoumorou_roomfeature (feature_id, room_id) VALUES ('aa788f24-16ae-4979-ad15-6519ffa2800a', '70bd428a-72f4-4ddc-9f8e-87ca33cd5359');
INSERT INTO pagoumorou_roomfeature (feature_id, room_id) VALUES ('4fa75727-05be-4b54-942b-aaac8334d330', '9fc72b49-a7e2-478b-8854-a0f0dc26773e');
INSERT INTO pagoumorou_roomfeature (feature_id, room_id) VALUES ('7dd4f095-cb4e-4c45-8f6e-853561891efa', '9fc72b49-a7e2-478b-8854-a0f0dc26773e');
INSERT INTO pagoumorou_roomfeature (feature_id, room_id) VALUES ('dc6de81a-a2d4-41a8-b952-44ba0ceab700', '9fc72b49-a7e2-478b-8854-a0f0dc26773e');
INSERT INTO pagoumorou_roomfeature (feature_id, room_id) VALUES ('af5464e6-f601-410d-b823-823ffa9c4111', '9fc72b49-a7e2-478b-8854-a0f0dc26773e');
INSERT INTO pagoumorou_roomfeature (feature_id, room_id) VALUES ('244e150f-f351-4aca-9ee7-690067e767ed', '52662947-a400-4956-912c-a8944e8b246b');
INSERT INTO pagoumorou_roomfeature (feature_id, room_id) VALUES ('d57acf65-ea33-4559-9b6b-26a201042aa9', '52662947-a400-4956-912c-a8944e8b246b');
INSERT INTO pagoumorou_roomfeature (feature_id, room_id) VALUES ('7ec6c6a9-72a4-48d3-af44-100b4166cdaa', '5461950e-7c3a-435a-9c3f-2a92caa0e6c1');
INSERT INTO pagoumorou_roomfeature (feature_id, room_id) VALUES ('55aa842b-a6c0-46a3-870f-fcb48fa9599b', '5461950e-7c3a-435a-9c3f-2a92caa0e6c1');
INSERT INTO pagoumorou_roomfeature (feature_id, room_id) VALUES ('13ecbb04-6852-4232-b10f-a75b073fbf1f', '5461950e-7c3a-435a-9c3f-2a92caa0e6c1');
INSERT INTO pagoumorou_roomfeature (feature_id, room_id) VALUES ('ab1feada-2ff5-4bfe-8478-61bca55e19a4', '3753ae76-dbb4-4017-ac6b-2989de26a1b2');
INSERT INTO pagoumorou_roomfeature (feature_id, room_id) VALUES ('60926d07-ba46-4cf4-b277-90da811de860', '3753ae76-dbb4-4017-ac6b-2989de26a1b2');
INSERT INTO pagoumorou_roomfeature (feature_id, room_id) VALUES ('f8be7240-e245-4fe7-990e-183a8b5c5fdf', '3753ae76-dbb4-4017-ac6b-2989de26a1b2');
INSERT INTO pagoumorou_roomfeature (feature_id, room_id) VALUES ('9e53bd48-81ac-45c5-8187-44a49817822d', '3753ae76-dbb4-4017-ac6b-2989de26a1b2');
INSERT INTO pagoumorou_roomfeature (feature_id, room_id) VALUES ('064fad7a-9e60-4fb8-bf1c-b0a00ecd5499', '1c2bb1e3-63c9-4192-9839-7d1ec90c977a');
INSERT INTO pagoumorou_roomfeature (feature_id, room_id) VALUES ('96ed5fc2-7074-4e8c-84e7-72df1b8ed459', '1c2bb1e3-63c9-4192-9839-7d1ec90c977a');
INSERT INTO pagoumorou_roomfeature (feature_id, room_id) VALUES ('064fad7a-9e60-4fb8-bf1c-b0a00ecd5499', '1c2bb1e3-63c9-4192-9839-7d1ec90c977a');
INSERT INTO pagoumorou_roomfeature (feature_id, room_id) VALUES ('e7ee1b51-4ef8-4d5a-8ac9-1e9e5b260637', '1c2bb1e3-63c9-4192-9839-7d1ec90c977a');
INSERT INTO pagoumorou_roomfeature (feature_id, room_id) VALUES ('c8307566-322f-4f3c-875a-c7b4dafc8380', 'cf4af73d-c7b3-402f-8b55-c897f1abdb41');
INSERT INTO pagoumorou_roomfeature (feature_id, room_id) VALUES ('d16f9145-6277-4412-b990-a3f5fd0aec27', 'cf4af73d-c7b3-402f-8b55-c897f1abdb41');
INSERT INTO pagoumorou_roomfeature (feature_id, room_id) VALUES ('27a3c37f-f5f8-4a85-922e-798ec88d340e', 'cf4af73d-c7b3-402f-8b55-c897f1abdb41');
INSERT INTO pagoumorou_roomfeature (feature_id, room_id) VALUES ('55aa842b-a6c0-46a3-870f-fcb48fa9599b', 'fc8acbb8-14d6-448a-8cf1-0badcd863c6b');
INSERT INTO pagoumorou_roomfeature (feature_id, room_id) VALUES ('2f92881a-6abc-452e-a04a-acef69a37dcf', 'fc8acbb8-14d6-448a-8cf1-0badcd863c6b');
INSERT INTO pagoumorou_roomfeature (feature_id, room_id) VALUES ('e7ee1b51-4ef8-4d5a-8ac9-1e9e5b260637', 'fc8acbb8-14d6-448a-8cf1-0badcd863c6b');
INSERT INTO pagoumorou_roomfeature (feature_id, room_id) VALUES ('08982e12-3431-4444-a0d6-c9c72a2bcaac', 'fc8acbb8-14d6-448a-8cf1-0badcd863c6b');
INSERT INTO pagoumorou_roomfeature (feature_id, room_id) VALUES ('1da4b951-c38a-49ec-a536-69a17d70908b', 'fc8acbb8-14d6-448a-8cf1-0badcd863c6b');
INSERT INTO pagoumorou_roomfeature (feature_id, room_id) VALUES ('81bf7b80-ec32-4dd5-afa2-7d1178325a22', '20917ec6-f19b-4d43-8d89-9a1eeb769354');
INSERT INTO pagoumorou_roomfeature (feature_id, room_id) VALUES ('a6d8bf1a-0c89-4bbe-9215-20378ddcebe2', '20917ec6-f19b-4d43-8d89-9a1eeb769354');
INSERT INTO pagoumorou_roomfeature (feature_id, room_id) VALUES ('5a1e841a-6195-487c-8dba-4a02b9139068', '20917ec6-f19b-4d43-8d89-9a1eeb769354');
INSERT INTO pagoumorou_roomfeature (feature_id, room_id) VALUES ('22e75b97-e642-4101-b805-8f87109aaaf6', '20917ec6-f19b-4d43-8d89-9a1eeb769354');
INSERT INTO pagoumorou_roomfeature (feature_id, room_id) VALUES ('c27550ed-7952-4b53-93e8-76bcaf4320ae', 'd85e8d9d-cdb1-4bad-9c18-7e0241e10e4f');
INSERT INTO pagoumorou_roomfeature (feature_id, room_id) VALUES ('ceef730f-c31f-4922-84b2-9f13de861e07', 'd85e8d9d-cdb1-4bad-9c18-7e0241e10e4f');
INSERT INTO pagoumorou_roomfeature (feature_id, room_id) VALUES ('45605385-da86-417f-8423-3d40887e67be', 'd85e8d9d-cdb1-4bad-9c18-7e0241e10e4f');
INSERT INTO pagoumorou_roomfeature (feature_id, room_id) VALUES ('62b8ce6d-41c0-4b53-9c3b-a063af860aa2', 'd85e8d9d-cdb1-4bad-9c18-7e0241e10e4f');
INSERT INTO pagoumorou_roomfeature (feature_id, room_id) VALUES ('af5464e6-f601-410d-b823-823ffa9c4111', 'd85e8d9d-cdb1-4bad-9c18-7e0241e10e4f');
INSERT INTO pagoumorou_roomfeature (feature_id, room_id) VALUES ('36ed7394-42b1-451e-913d-5848a5efb23e', '045ae3e6-7c62-48c8-8a20-4cc9957178e9');
INSERT INTO pagoumorou_roomfeature (feature_id, room_id) VALUES ('828e2204-cc6a-40ff-9eef-6ee7d536ca26', '0360fb98-562b-4a5b-a4c0-f01c0dfe6037');
INSERT INTO pagoumorou_roomfeature (feature_id, room_id) VALUES ('2f92881a-6abc-452e-a04a-acef69a37dcf', '0360fb98-562b-4a5b-a4c0-f01c0dfe6037');
INSERT INTO pagoumorou_roomfeature (feature_id, room_id) VALUES ('7ec6c6a9-72a4-48d3-af44-100b4166cdaa', '0360fb98-562b-4a5b-a4c0-f01c0dfe6037');
INSERT INTO pagoumorou_roomfeature (feature_id, room_id) VALUES ('454a4328-4224-4b65-a782-c39f5ac74185', '0360fb98-562b-4a5b-a4c0-f01c0dfe6037');
INSERT INTO pagoumorou_roomfeature (feature_id, room_id) VALUES ('62b8ce6d-41c0-4b53-9c3b-a063af860aa2', 'edcd2cab-e46b-45fd-af8b-c0ae8b16c604');
INSERT INTO pagoumorou_roomfeature (feature_id, room_id) VALUES ('1da4b951-c38a-49ec-a536-69a17d70908b', 'edcd2cab-e46b-45fd-af8b-c0ae8b16c604');
INSERT INTO pagoumorou_roomfeature (feature_id, room_id) VALUES ('3435cfb7-2b9c-4dad-a437-88e43ff54314', 'edcd2cab-e46b-45fd-af8b-c0ae8b16c604');
INSERT INTO pagoumorou_roomfeature (feature_id, room_id) VALUES ('f8be7240-e245-4fe7-990e-183a8b5c5fdf', 'edcd2cab-e46b-45fd-af8b-c0ae8b16c604');
INSERT INTO pagoumorou_roomfeature (feature_id, room_id) VALUES ('99aa06bc-66ac-40e0-be2d-23e0a7aa313b', '22b5dd18-a44a-4703-b884-952341ada98c');
INSERT INTO pagoumorou_roomfeature (feature_id, room_id) VALUES ('4e4ae21e-556d-4d3c-94ff-54b964f3c029', '22b5dd18-a44a-4703-b884-952341ada98c');
INSERT INTO pagoumorou_roomfeature (feature_id, room_id) VALUES ('17688c98-8ca7-4b30-af50-f84088e93157', '22b5dd18-a44a-4703-b884-952341ada98c');
INSERT INTO pagoumorou_roomfeature (feature_id, room_id) VALUES ('09112832-f10d-4cb0-96c9-06d0baa87c91', '22b5dd18-a44a-4703-b884-952341ada98c');
INSERT INTO pagoumorou_roomfeature (feature_id, room_id) VALUES ('4fa75727-05be-4b54-942b-aaac8334d330', 'dff4d549-286a-410c-a413-8949ab4befdf');
INSERT INTO pagoumorou_roomfeature (feature_id, room_id) VALUES ('5678f818-78b8-4b9d-b6a5-a267a28a8c72', 'dff4d549-286a-410c-a413-8949ab4befdf');
INSERT INTO pagoumorou_roomfeature (feature_id, room_id) VALUES ('37b508aa-b156-4412-8d55-aae2875303a5', 'dff4d549-286a-410c-a413-8949ab4befdf');
INSERT INTO pagoumorou_roomfeature (feature_id, room_id) VALUES ('ab1feada-2ff5-4bfe-8478-61bca55e19a4', 'dff4d549-286a-410c-a413-8949ab4befdf');
INSERT INTO pagoumorou_roomfeature (feature_id, room_id) VALUES ('454a4328-4224-4b65-a782-c39f5ac74185', 'dff4d549-286a-410c-a413-8949ab4befdf');
INSERT INTO pagoumorou_roomfeature (feature_id, room_id) VALUES ('9e53bd48-81ac-45c5-8187-44a49817822d', '97c0837e-ccc8-47d5-862a-2e7f44072df3');
INSERT INTO pagoumorou_roomfeature (feature_id, room_id) VALUES ('f4388388-b69a-4f53-a0f9-90fe66e3c4b4', '362eb7a4-71f0-4579-afdc-577942b728ac');
INSERT INTO pagoumorou_roomfeature (feature_id, room_id) VALUES ('2747fbe6-4443-4e7e-9f32-966cf85525a3', '362eb7a4-71f0-4579-afdc-577942b728ac');
INSERT INTO pagoumorou_roomfeature (feature_id, room_id) VALUES ('ceef730f-c31f-4922-84b2-9f13de861e07', '362eb7a4-71f0-4579-afdc-577942b728ac');
INSERT INTO pagoumorou_roomfeature (feature_id, room_id) VALUES ('aa788f24-16ae-4979-ad15-6519ffa2800a', '362eb7a4-71f0-4579-afdc-577942b728ac');
INSERT INTO pagoumorou_roomfeature (feature_id, room_id) VALUES ('217e2b5d-633b-4ead-9d1a-1602516434ec', '362eb7a4-71f0-4579-afdc-577942b728ac');
INSERT INTO pagoumorou_roomfeature (feature_id, room_id) VALUES ('62b8ce6d-41c0-4b53-9c3b-a063af860aa2', '77158269-a577-4be9-b64a-653bd60cc708');
INSERT INTO pagoumorou_roomfeature (feature_id, room_id) VALUES ('00e4abf1-63ad-44d0-84c1-40ee5fe74ad4', 'aefcb630-a785-49c4-a081-9589bc9183b0');
INSERT INTO pagoumorou_roomfeature (feature_id, room_id) VALUES ('a77d4a53-5bac-4d4f-afff-c2462ecd1b16', '85307020-bd44-419c-a119-9d9fa4352428');
INSERT INTO pagoumorou_roomfeature (feature_id, room_id) VALUES ('f1e963a8-6500-4b5c-a5bf-dcb97beb3d45', '85307020-bd44-419c-a119-9d9fa4352428');
INSERT INTO pagoumorou_roomfeature (feature_id, room_id) VALUES ('217e2b5d-633b-4ead-9d1a-1602516434ec', '85307020-bd44-419c-a119-9d9fa4352428');
INSERT INTO pagoumorou_roomfeature (feature_id, room_id) VALUES ('e3549739-9045-4707-9fa9-8510e98d8d7d', 'cc33a5ef-040d-41d4-9d07-81f5730871dc');
INSERT INTO pagoumorou_roomfeature (feature_id, room_id) VALUES ('217e2b5d-633b-4ead-9d1a-1602516434ec', 'cc33a5ef-040d-41d4-9d07-81f5730871dc');
INSERT INTO pagoumorou_roomfeature (feature_id, room_id) VALUES ('454a4328-4224-4b65-a782-c39f5ac74185', 'cc33a5ef-040d-41d4-9d07-81f5730871dc');
INSERT INTO pagoumorou_roomfeature (feature_id, room_id) VALUES ('c880e658-912a-4d84-b708-6d79bd7c7829', 'dba886da-ae59-4e6b-9fe8-175ac7420b32');
INSERT INTO pagoumorou_roomfeature (feature_id, room_id) VALUES ('496d7d85-de6c-4b7b-b395-e954b54bccc5', 'dba886da-ae59-4e6b-9fe8-175ac7420b32');
INSERT INTO pagoumorou_roomfeature (feature_id, room_id) VALUES ('eacee133-4356-47e6-8d05-e4c4008c5016', 'dba886da-ae59-4e6b-9fe8-175ac7420b32');
INSERT INTO pagoumorou_roomfeature (feature_id, room_id) VALUES ('a77d4a53-5bac-4d4f-afff-c2462ecd1b16', 'dba886da-ae59-4e6b-9fe8-175ac7420b32');
INSERT INTO pagoumorou_roomfeature (feature_id, room_id) VALUES ('25082c5b-25f4-421a-a27f-4e41d41a2119', '64b0696a-96c0-4f87-8ff3-4c2591dd4775');
INSERT INTO pagoumorou_roomfeature (feature_id, room_id) VALUES ('b7356922-7b94-4a08-980c-31442e213d6b', '64b0696a-96c0-4f87-8ff3-4c2591dd4775');
INSERT INTO pagoumorou_roomfeature (feature_id, room_id) VALUES ('a6d8bf1a-0c89-4bbe-9215-20378ddcebe2', '64b0696a-96c0-4f87-8ff3-4c2591dd4775');
INSERT INTO pagoumorou_roomfeature (feature_id, room_id) VALUES ('28e16f62-e489-4307-8e3e-47011a158342', '64b0696a-96c0-4f87-8ff3-4c2591dd4775');
INSERT INTO pagoumorou_roomfeature (feature_id, room_id) VALUES ('eacee133-4356-47e6-8d05-e4c4008c5016', '8209ec84-6b6b-493c-a77a-c7940df9115f');
INSERT INTO pagoumorou_roomfeature (feature_id, room_id) VALUES ('12a72cfc-f2ca-4327-9a61-ce5ed6701fac', '8209ec84-6b6b-493c-a77a-c7940df9115f');
INSERT INTO pagoumorou_roomfeature (feature_id, room_id) VALUES ('d57acf65-ea33-4559-9b6b-26a201042aa9', '42566cb6-1411-4fe3-9e20-0c21a9dedd9b');
INSERT INTO pagoumorou_roomfeature (feature_id, room_id) VALUES ('454a4328-4224-4b65-a782-c39f5ac74185', '42566cb6-1411-4fe3-9e20-0c21a9dedd9b');
INSERT INTO pagoumorou_roomfeature (feature_id, room_id) VALUES ('af5464e6-f601-410d-b823-823ffa9c4111', 'f8539cc4-b5a7-4791-98a9-8dcde03f0a08');
INSERT INTO pagoumorou_roomfeature (feature_id, room_id) VALUES ('712a766c-a0f7-4bdb-9600-a45c83eed6f2', 'c5a2c55d-871b-42c0-9e6f-fc74f43182f4');
INSERT INTO pagoumorou_roomfeature (feature_id, room_id) VALUES ('a15455a0-2d18-4eea-8f08-8cc5ef95c12e', 'c5a2c55d-871b-42c0-9e6f-fc74f43182f4');
INSERT INTO pagoumorou_roomfeature (feature_id, room_id) VALUES ('26275e06-eb7b-4ff0-a6e0-fc829748cc63', '5188687c-6f2b-4ceb-ba41-a7e1a73fd4ba');
INSERT INTO pagoumorou_roomfeature (feature_id, room_id) VALUES ('00e4abf1-63ad-44d0-84c1-40ee5fe74ad4', '5d153a87-45ea-48e3-8718-1cb1247837ea');
INSERT INTO pagoumorou_roomfeature (feature_id, room_id) VALUES ('cb4cce29-7c07-4313-b458-243b433bfc84', '5d153a87-45ea-48e3-8718-1cb1247837ea');
INSERT INTO pagoumorou_roomfeature (feature_id, room_id) VALUES ('32ef1c9b-cd62-48f2-b095-68b93fd4d6d0', '57f406d0-ec6d-4610-8831-1d68dd3be668');
INSERT INTO pagoumorou_roomfeature (feature_id, room_id) VALUES ('217e2b5d-633b-4ead-9d1a-1602516434ec', '57f406d0-ec6d-4610-8831-1d68dd3be668');
INSERT INTO pagoumorou_roomfeature (feature_id, room_id) VALUES ('70d4a50f-3107-4c69-84a5-f3a87abd61e1', '57f406d0-ec6d-4610-8831-1d68dd3be668');
INSERT INTO pagoumorou_roomfeature (feature_id, room_id) VALUES ('828e2204-cc6a-40ff-9eef-6ee7d536ca26', '57f406d0-ec6d-4610-8831-1d68dd3be668');
INSERT INTO pagoumorou_roomfeature (feature_id, room_id) VALUES ('5cc92033-4f1e-4147-863e-9821cb38677d', 'ac1e25c8-20c5-4e58-8bc2-14806147fa7f');
INSERT INTO pagoumorou_roomfeature (feature_id, room_id) VALUES ('1da4b951-c38a-49ec-a536-69a17d70908b', 'ac1e25c8-20c5-4e58-8bc2-14806147fa7f');
INSERT INTO pagoumorou_roomfeature (feature_id, room_id) VALUES ('e3549739-9045-4707-9fa9-8510e98d8d7d', 'ac1e25c8-20c5-4e58-8bc2-14806147fa7f');
INSERT INTO pagoumorou_roomfeature (feature_id, room_id) VALUES ('45a2e2fe-2188-4074-8090-fddf1971493e', 'ac1e25c8-20c5-4e58-8bc2-14806147fa7f');
INSERT INTO pagoumorou_roomfeature (feature_id, room_id) VALUES ('37b508aa-b156-4412-8d55-aae2875303a5', 'e277b2c7-3bbd-4201-8718-d822bc2f52a9');
INSERT INTO pagoumorou_roomfeature (feature_id, room_id) VALUES ('26275e06-eb7b-4ff0-a6e0-fc829748cc63', 'e277b2c7-3bbd-4201-8718-d822bc2f52a9');
INSERT INTO pagoumorou_roomfeature (feature_id, room_id) VALUES ('2508ecc7-74fe-4351-b678-8bf19eb9f59c', '7c0ed288-c3d2-426b-b938-c65ed2c5a33a');
INSERT INTO pagoumorou_roomfeature (feature_id, room_id) VALUES ('8d987c10-0777-4535-beb0-249b291e1385', 'c15327de-2018-47dd-b949-60b93fe86ab6');
INSERT INTO pagoumorou_roomfeature (feature_id, room_id) VALUES ('26275e06-eb7b-4ff0-a6e0-fc829748cc63', '31b888e0-1310-4dd8-bd78-7ffaf57b26bc');
INSERT INTO pagoumorou_roomfeature (feature_id, room_id) VALUES ('f8a2b847-452b-4ffc-b1aa-d0946987294f', '31b888e0-1310-4dd8-bd78-7ffaf57b26bc');
INSERT INTO pagoumorou_roomfeature (feature_id, room_id) VALUES ('22e75b97-e642-4101-b805-8f87109aaaf6', '31b888e0-1310-4dd8-bd78-7ffaf57b26bc');
INSERT INTO pagoumorou_roomfeature (feature_id, room_id) VALUES ('2c1c4bac-92fb-4b22-8b49-d59f8cbc1f30', 'bc36f9b5-cb54-422a-8ab5-6ba953716fb6');
INSERT INTO pagoumorou_roomfeature (feature_id, room_id) VALUES ('9a6160ff-b86d-4948-9199-5b619b5a7d70', 'bc36f9b5-cb54-422a-8ab5-6ba953716fb6');
INSERT INTO pagoumorou_roomfeature (feature_id, room_id) VALUES ('2f92881a-6abc-452e-a04a-acef69a37dcf', 'bc36f9b5-cb54-422a-8ab5-6ba953716fb6');
INSERT INTO pagoumorou_roomfeature (feature_id, room_id) VALUES ('32ef1c9b-cd62-48f2-b095-68b93fd4d6d0', 'bc36f9b5-cb54-422a-8ab5-6ba953716fb6');
INSERT INTO pagoumorou_roomfeature (feature_id, room_id) VALUES ('5a1e841a-6195-487c-8dba-4a02b9139068', '509f3eb7-ed49-4348-9905-ca7cc6a14ad9');
INSERT INTO pagoumorou_roomfeature (feature_id, room_id) VALUES ('22e75b97-e642-4101-b805-8f87109aaaf6', '509f3eb7-ed49-4348-9905-ca7cc6a14ad9');
INSERT INTO pagoumorou_roomfeature (feature_id, room_id) VALUES ('842a8a4a-92f6-48d5-ab34-6292964dbdd0', '509f3eb7-ed49-4348-9905-ca7cc6a14ad9');
INSERT INTO pagoumorou_roomfeature (feature_id, room_id) VALUES ('7ec6c6a9-72a4-48d3-af44-100b4166cdaa', '509f3eb7-ed49-4348-9905-ca7cc6a14ad9');
INSERT INTO pagoumorou_roomfeature (feature_id, room_id) VALUES ('45605385-da86-417f-8423-3d40887e67be', '509f3eb7-ed49-4348-9905-ca7cc6a14ad9');
INSERT INTO pagoumorou_roomfeature (feature_id, room_id) VALUES ('9a6160ff-b86d-4948-9199-5b619b5a7d70', 'b7183188-f73f-410b-a980-210a83d8b50c');
INSERT INTO pagoumorou_roomfeature (feature_id, room_id) VALUES ('c880e658-912a-4d84-b708-6d79bd7c7829', 'b7183188-f73f-410b-a980-210a83d8b50c');
INSERT INTO pagoumorou_roomfeature (feature_id, room_id) VALUES ('00e4abf1-63ad-44d0-84c1-40ee5fe74ad4', 'b7183188-f73f-410b-a980-210a83d8b50c');
INSERT INTO pagoumorou_roomfeature (feature_id, room_id) VALUES ('c9a6b890-61e8-488c-9191-7a5274cdd6d8', 'b7183188-f73f-410b-a980-210a83d8b50c');
INSERT INTO pagoumorou_roomfeature (feature_id, room_id) VALUES ('13dbd3ca-5e4b-461d-80fc-1eb6472247de', 'e62fc0de-f369-415c-831a-e19ede82e49c');
INSERT INTO pagoumorou_roomfeature (feature_id, room_id) VALUES ('5c3d1a44-fec8-4266-86b7-179fdc35f58d', 'e62fc0de-f369-415c-831a-e19ede82e49c');
INSERT INTO pagoumorou_roomfeature (feature_id, room_id) VALUES ('4e4ae21e-556d-4d3c-94ff-54b964f3c029', 'e62fc0de-f369-415c-831a-e19ede82e49c');
INSERT INTO pagoumorou_roomfeature (feature_id, room_id) VALUES ('244e150f-f351-4aca-9ee7-690067e767ed', '810a4c74-bdbe-4785-b558-f07390187b62');
INSERT INTO pagoumorou_roomfeature (feature_id, room_id) VALUES ('50ab6fa6-aa8e-4e0c-9741-d3f4559d4101', '810a4c74-bdbe-4785-b558-f07390187b62');
INSERT INTO pagoumorou_roomfeature (feature_id, room_id) VALUES ('63fa3c64-ec13-4445-b7d7-05880d4c5478', '810a4c74-bdbe-4785-b558-f07390187b62');
INSERT INTO pagoumorou_roomfeature (feature_id, room_id) VALUES ('9e53bd48-81ac-45c5-8187-44a49817822d', '810a4c74-bdbe-4785-b558-f07390187b62');
INSERT INTO pagoumorou_roomfeature (feature_id, room_id) VALUES ('26275e06-eb7b-4ff0-a6e0-fc829748cc63', '810a4c74-bdbe-4785-b558-f07390187b62');
INSERT INTO pagoumorou_roomfeature (feature_id, room_id) VALUES ('70d4a50f-3107-4c69-84a5-f3a87abd61e1', 'aedec1bf-6d87-419f-b8b3-0cd317078ab1');
INSERT INTO pagoumorou_roomfeature (feature_id, room_id) VALUES ('f8a2b847-452b-4ffc-b1aa-d0946987294f', 'db4c314e-843a-43bd-8925-41a1da6495c9');
INSERT INTO pagoumorou_roomfeature (feature_id, room_id) VALUES ('13dbd3ca-5e4b-461d-80fc-1eb6472247de', 'db4c314e-843a-43bd-8925-41a1da6495c9');
INSERT INTO pagoumorou_roomfeature (feature_id, room_id) VALUES ('842a8a4a-92f6-48d5-ab34-6292964dbdd0', 'db4c314e-843a-43bd-8925-41a1da6495c9');
INSERT INTO pagoumorou_roomfeature (feature_id, room_id) VALUES ('ab623809-5c1a-472a-86ef-dab65162df15', 'db4c314e-843a-43bd-8925-41a1da6495c9');
INSERT INTO pagoumorou_roomfeature (feature_id, room_id) VALUES ('8c84c4e7-4086-49e9-8313-38f217b6010e', 'db4c314e-843a-43bd-8925-41a1da6495c9');
INSERT INTO pagoumorou_roomfeature (feature_id, room_id) VALUES ('50ab6fa6-aa8e-4e0c-9741-d3f4559d4101', '3868c84d-cf0e-4c92-88f5-e37c4d2193ec');
INSERT INTO pagoumorou_roomfeature (feature_id, room_id) VALUES ('50ab6fa6-aa8e-4e0c-9741-d3f4559d4101', '3868c84d-cf0e-4c92-88f5-e37c4d2193ec');
INSERT INTO pagoumorou_roomfeature (feature_id, room_id) VALUES ('eeba8a8c-cd0b-4e4d-b9e2-e47831634d9a', '3868c84d-cf0e-4c92-88f5-e37c4d2193ec');
INSERT INTO pagoumorou_roomfeature (feature_id, room_id) VALUES ('55aa842b-a6c0-46a3-870f-fcb48fa9599b', '3868c84d-cf0e-4c92-88f5-e37c4d2193ec');
INSERT INTO pagoumorou_roomfeature (feature_id, room_id) VALUES ('3901980d-83af-4bc0-881d-02a0c0a0fdfb', '831fe6b7-af7d-4afa-861b-45aff0f45028');
INSERT INTO pagoumorou_roomfeature (feature_id, room_id) VALUES ('f485c2dd-e248-4e65-ae0c-8b06ee4380c0', '831fe6b7-af7d-4afa-861b-45aff0f45028');
INSERT INTO pagoumorou_roomfeature (feature_id, room_id) VALUES ('244e150f-f351-4aca-9ee7-690067e767ed', '831fe6b7-af7d-4afa-861b-45aff0f45028');
INSERT INTO pagoumorou_roomfeature (feature_id, room_id) VALUES ('af5464e6-f601-410d-b823-823ffa9c4111', '831fe6b7-af7d-4afa-861b-45aff0f45028');
INSERT INTO pagoumorou_roomfeature (feature_id, room_id) VALUES ('81bf7b80-ec32-4dd5-afa2-7d1178325a22', '03791fa2-451e-4fc9-becd-2ddc31efec01');
INSERT INTO pagoumorou_roomfeature (feature_id, room_id) VALUES ('92181c72-661a-42ed-b53d-7c923ce746d8', '03791fa2-451e-4fc9-becd-2ddc31efec01');
INSERT INTO pagoumorou_roomfeature (feature_id, room_id) VALUES ('e549df11-00e3-4703-8b2e-dd81a0c3f8f8', '03791fa2-451e-4fc9-becd-2ddc31efec01');
INSERT INTO pagoumorou_roomfeature (feature_id, room_id) VALUES ('25082c5b-25f4-421a-a27f-4e41d41a2119', '46e71e4a-daa8-4d14-b87f-99c179db65aa');
INSERT INTO pagoumorou_roomfeature (feature_id, room_id) VALUES ('09112832-f10d-4cb0-96c9-06d0baa87c91', '46e71e4a-daa8-4d14-b87f-99c179db65aa');
INSERT INTO pagoumorou_roomfeature (feature_id, room_id) VALUES ('d57acf65-ea33-4559-9b6b-26a201042aa9', '46e71e4a-daa8-4d14-b87f-99c179db65aa');
INSERT INTO pagoumorou_roomfeature (feature_id, room_id) VALUES ('f1e963a8-6500-4b5c-a5bf-dcb97beb3d45', '7731cc9c-247e-4b1a-9945-7e91685db196');
INSERT INTO pagoumorou_roomfeature (feature_id, room_id) VALUES ('e3549739-9045-4707-9fa9-8510e98d8d7d', '7731cc9c-247e-4b1a-9945-7e91685db196');
INSERT INTO pagoumorou_roomfeature (feature_id, room_id) VALUES ('c9a6b890-61e8-488c-9191-7a5274cdd6d8', '6ac02153-c1f6-4687-bd78-2ac3bd3d4606');
INSERT INTO pagoumorou_roomfeature (feature_id, room_id) VALUES ('8d987c10-0777-4535-beb0-249b291e1385', '6ac02153-c1f6-4687-bd78-2ac3bd3d4606');
INSERT INTO pagoumorou_roomfeature (feature_id, room_id) VALUES ('af5464e6-f601-410d-b823-823ffa9c4111', '6ac02153-c1f6-4687-bd78-2ac3bd3d4606');
INSERT INTO pagoumorou_roomfeature (feature_id, room_id) VALUES ('4f7a96d5-3524-4715-a7cd-b5a17bc07cbe', 'a2178779-9167-4936-8854-0fb0eafceaf6');
INSERT INTO pagoumorou_roomfeature (feature_id, room_id) VALUES ('08982e12-3431-4444-a0d6-c9c72a2bcaac', '69da751a-0ea0-483c-a5bf-e83dbc21f340');
INSERT INTO pagoumorou_roomfeature (feature_id, room_id) VALUES ('8d987c10-0777-4535-beb0-249b291e1385', '69da751a-0ea0-483c-a5bf-e83dbc21f340');
INSERT INTO pagoumorou_roomfeature (feature_id, room_id) VALUES ('5678f818-78b8-4b9d-b6a5-a267a28a8c72', '69da751a-0ea0-483c-a5bf-e83dbc21f340');
INSERT INTO pagoumorou_roomfeature (feature_id, room_id) VALUES ('09112832-f10d-4cb0-96c9-06d0baa87c91', '69da751a-0ea0-483c-a5bf-e83dbc21f340');
INSERT INTO pagoumorou_roomfeature (feature_id, room_id) VALUES ('62b8ce6d-41c0-4b53-9c3b-a063af860aa2', '455dc08b-4f76-41e5-967b-15b041fb6721');
INSERT INTO pagoumorou_roomfeature (feature_id, room_id) VALUES ('c8307566-322f-4f3c-875a-c7b4dafc8380', '455dc08b-4f76-41e5-967b-15b041fb6721');
INSERT INTO pagoumorou_roomfeature (feature_id, room_id) VALUES ('63fa3c64-ec13-4445-b7d7-05880d4c5478', '455dc08b-4f76-41e5-967b-15b041fb6721');
INSERT INTO pagoumorou_roomfeature (feature_id, room_id) VALUES ('064fad7a-9e60-4fb8-bf1c-b0a00ecd5499', '455dc08b-4f76-41e5-967b-15b041fb6721');
INSERT INTO pagoumorou_roomfeature (feature_id, room_id) VALUES ('eacee133-4356-47e6-8d05-e4c4008c5016', '455dc08b-4f76-41e5-967b-15b041fb6721');
INSERT INTO pagoumorou_roomfeature (feature_id, room_id) VALUES ('1d30f7bd-041a-4bc9-8afe-7177a12550a9', 'bd2b24e1-7ed7-4778-971a-d41fc568d213');
INSERT INTO pagoumorou_roomfeature (feature_id, room_id) VALUES ('ab1feada-2ff5-4bfe-8478-61bca55e19a4', 'bd2b24e1-7ed7-4778-971a-d41fc568d213');
INSERT INTO pagoumorou_roomfeature (feature_id, room_id) VALUES ('32ef1c9b-cd62-48f2-b095-68b93fd4d6d0', 'bc8badac-4a97-4893-8385-20af6dc33d85');
INSERT INTO pagoumorou_roomfeature (feature_id, room_id) VALUES ('63fa3c64-ec13-4445-b7d7-05880d4c5478', '3990492a-b50c-48d2-94c6-3fd285be268b');
INSERT INTO pagoumorou_roomfeature (feature_id, room_id) VALUES ('8d987c10-0777-4535-beb0-249b291e1385', '3990492a-b50c-48d2-94c6-3fd285be268b');
INSERT INTO pagoumorou_roomfeature (feature_id, room_id) VALUES ('dc6de81a-a2d4-41a8-b952-44ba0ceab700', '3990492a-b50c-48d2-94c6-3fd285be268b');
INSERT INTO pagoumorou_roomfeature (feature_id, room_id) VALUES ('d57acf65-ea33-4559-9b6b-26a201042aa9', '3990492a-b50c-48d2-94c6-3fd285be268b');
INSERT INTO pagoumorou_roomfeature (feature_id, room_id) VALUES ('c1077903-865a-46dd-be9c-8edbea9726fd', '3990492a-b50c-48d2-94c6-3fd285be268b');
INSERT INTO pagoumorou_roomfeature (feature_id, room_id) VALUES ('cb4cce29-7c07-4313-b458-243b433bfc84', '3179f291-22bc-494b-813b-36e33a012998');
INSERT INTO pagoumorou_roomfeature (feature_id, room_id) VALUES ('4c9bb0cb-7469-46f7-acb0-61d5c3d9a220', '27202a90-c21c-4bff-ac24-232e7e7529c7');
INSERT INTO pagoumorou_roomfeature (feature_id, room_id) VALUES ('81bf7b80-ec32-4dd5-afa2-7d1178325a22', '27202a90-c21c-4bff-ac24-232e7e7529c7');
INSERT INTO pagoumorou_roomfeature (feature_id, room_id) VALUES ('712a766c-a0f7-4bdb-9600-a45c83eed6f2', '27202a90-c21c-4bff-ac24-232e7e7529c7');
INSERT INTO pagoumorou_roomfeature (feature_id, room_id) VALUES ('17688c98-8ca7-4b30-af50-f84088e93157', '546956f7-2d92-4748-94b4-dae475925dbe');
INSERT INTO pagoumorou_roomfeature (feature_id, room_id) VALUES ('81bf7b80-ec32-4dd5-afa2-7d1178325a22', '546956f7-2d92-4748-94b4-dae475925dbe');
INSERT INTO pagoumorou_roomfeature (feature_id, room_id) VALUES ('8c8415bc-1713-4c87-932c-f0a0691dd5e8', '8112ce3e-7fa0-432b-b504-b556b3329104');
INSERT INTO pagoumorou_roomfeature (feature_id, room_id) VALUES ('f8a2b847-452b-4ffc-b1aa-d0946987294f', 'b72f7c6a-fdae-4a4b-8bbe-53970dbeb66b');
INSERT INTO pagoumorou_roomfeature (feature_id, room_id) VALUES ('13dbd3ca-5e4b-461d-80fc-1eb6472247de', 'b72f7c6a-fdae-4a4b-8bbe-53970dbeb66b');
INSERT INTO pagoumorou_roomfeature (feature_id, room_id) VALUES ('5678f818-78b8-4b9d-b6a5-a267a28a8c72', 'b72f7c6a-fdae-4a4b-8bbe-53970dbeb66b');
INSERT INTO pagoumorou_roomfeature (feature_id, room_id) VALUES ('f1e963a8-6500-4b5c-a5bf-dcb97beb3d45', '7cc1b623-1a79-4d65-8fb7-dc98132642de');
INSERT INTO pagoumorou_roomfeature (feature_id, room_id) VALUES ('244e150f-f351-4aca-9ee7-690067e767ed', 'd2d4cb33-8440-41a3-9118-dced61033fc7');
INSERT INTO pagoumorou_roomfeature (feature_id, room_id) VALUES ('4e4ae21e-556d-4d3c-94ff-54b964f3c029', 'd2d4cb33-8440-41a3-9118-dced61033fc7');
INSERT INTO pagoumorou_roomfeature (feature_id, room_id) VALUES ('2f92881a-6abc-452e-a04a-acef69a37dcf', 'd2d4cb33-8440-41a3-9118-dced61033fc7');
INSERT INTO pagoumorou_roomfeature (feature_id, room_id) VALUES ('55aa842b-a6c0-46a3-870f-fcb48fa9599b', 'd2d4cb33-8440-41a3-9118-dced61033fc7');
INSERT INTO pagoumorou_roomfeature (feature_id, room_id) VALUES ('c880e658-912a-4d84-b708-6d79bd7c7829', 'd2d4cb33-8440-41a3-9118-dced61033fc7');
INSERT INTO pagoumorou_roomfeature (feature_id, room_id) VALUES ('f485c2dd-e248-4e65-ae0c-8b06ee4380c0', 'e5236bfd-b24b-468b-acf5-6f39b64bca92');
INSERT INTO pagoumorou_roomfeature (feature_id, room_id) VALUES ('244e150f-f351-4aca-9ee7-690067e767ed', 'e5236bfd-b24b-468b-acf5-6f39b64bca92');
INSERT INTO pagoumorou_roomfeature (feature_id, room_id) VALUES ('16c2feb2-9d39-469b-a5c6-2fde47fca59f', 'e5236bfd-b24b-468b-acf5-6f39b64bca92');
INSERT INTO pagoumorou_roomfeature (feature_id, room_id) VALUES ('62b8ce6d-41c0-4b53-9c3b-a063af860aa2', 'e5236bfd-b24b-468b-acf5-6f39b64bca92');
INSERT INTO pagoumorou_roomfeature (feature_id, room_id) VALUES ('28e16f62-e489-4307-8e3e-47011a158342', 'e5236bfd-b24b-468b-acf5-6f39b64bca92');
INSERT INTO pagoumorou_roomfeature (feature_id, room_id) VALUES ('26275e06-eb7b-4ff0-a6e0-fc829748cc63', 'adb06052-3743-468c-89ad-5332534e1957');
INSERT INTO pagoumorou_roomfeature (feature_id, room_id) VALUES ('828e2204-cc6a-40ff-9eef-6ee7d536ca26', 'b07d5b60-a745-4d11-b5ab-488377e8f6e3');
INSERT INTO pagoumorou_roomfeature (feature_id, room_id) VALUES ('99bbfe38-6f68-43fb-87c8-6cefa1346322', 'b07d5b60-a745-4d11-b5ab-488377e8f6e3');
INSERT INTO pagoumorou_roomfeature (feature_id, room_id) VALUES ('00e4abf1-63ad-44d0-84c1-40ee5fe74ad4', 'b07d5b60-a745-4d11-b5ab-488377e8f6e3');
INSERT INTO pagoumorou_roomfeature (feature_id, room_id) VALUES ('c9a6b890-61e8-488c-9191-7a5274cdd6d8', 'de164797-0134-4cf2-b92d-b64639aeef25');
INSERT INTO pagoumorou_roomfeature (feature_id, room_id) VALUES ('2f92881a-6abc-452e-a04a-acef69a37dcf', 'de164797-0134-4cf2-b92d-b64639aeef25');
INSERT INTO pagoumorou_roomfeature (feature_id, room_id) VALUES ('c9a6b890-61e8-488c-9191-7a5274cdd6d8', 'de164797-0134-4cf2-b92d-b64639aeef25');
INSERT INTO pagoumorou_roomfeature (feature_id, room_id) VALUES ('81bf7b80-ec32-4dd5-afa2-7d1178325a22', 'de164797-0134-4cf2-b92d-b64639aeef25');
INSERT INTO pagoumorou_roomfeature (feature_id, room_id) VALUES ('00e4abf1-63ad-44d0-84c1-40ee5fe74ad4', 'de164797-0134-4cf2-b92d-b64639aeef25');
INSERT INTO pagoumorou_roomfeature (feature_id, room_id) VALUES ('27a3c37f-f5f8-4a85-922e-798ec88d340e', '0450aba4-95a9-491c-9c51-ca2d4d66bef3');
INSERT INTO pagoumorou_roomfeature (feature_id, room_id) VALUES ('17688c98-8ca7-4b30-af50-f84088e93157', '0450aba4-95a9-491c-9c51-ca2d4d66bef3');
INSERT INTO pagoumorou_roomfeature (feature_id, room_id) VALUES ('f8be7240-e245-4fe7-990e-183a8b5c5fdf', 'e48a6d3b-bb49-42a0-90d0-2ae52eac7658');
INSERT INTO pagoumorou_roomfeature (feature_id, room_id) VALUES ('c880e658-912a-4d84-b708-6d79bd7c7829', 'e48a6d3b-bb49-42a0-90d0-2ae52eac7658');
INSERT INTO pagoumorou_roomfeature (feature_id, room_id) VALUES ('5c3d1a44-fec8-4266-86b7-179fdc35f58d', 'e48a6d3b-bb49-42a0-90d0-2ae52eac7658');
INSERT INTO pagoumorou_roomfeature (feature_id, room_id) VALUES ('0b89cd3c-b2e9-4593-a2b7-31a62c70134b', 'e48a6d3b-bb49-42a0-90d0-2ae52eac7658');
INSERT INTO pagoumorou_roomfeature (feature_id, room_id) VALUES ('37b508aa-b156-4412-8d55-aae2875303a5', '762f28ea-e118-494a-bd23-f26e52f0bf33');
INSERT INTO pagoumorou_roomfeature (feature_id, room_id) VALUES ('70b1fa31-f41d-4ff0-9209-0a3140089a21', '762f28ea-e118-494a-bd23-f26e52f0bf33');
INSERT INTO pagoumorou_roomfeature (feature_id, room_id) VALUES ('aa6e1f92-2b51-4c3e-bcde-3af12a85be53', '762f28ea-e118-494a-bd23-f26e52f0bf33');
INSERT INTO pagoumorou_roomfeature (feature_id, room_id) VALUES ('2f92881a-6abc-452e-a04a-acef69a37dcf', 'd992ecd3-bbde-459a-a322-d941d3d70d4d');
INSERT INTO pagoumorou_roomfeature (feature_id, room_id) VALUES ('e3549739-9045-4707-9fa9-8510e98d8d7d', 'd992ecd3-bbde-459a-a322-d941d3d70d4d');
INSERT INTO pagoumorou_roomfeature (feature_id, room_id) VALUES ('2c1c4bac-92fb-4b22-8b49-d59f8cbc1f30', 'd992ecd3-bbde-459a-a322-d941d3d70d4d');
INSERT INTO pagoumorou_roomfeature (feature_id, room_id) VALUES ('00e4abf1-63ad-44d0-84c1-40ee5fe74ad4', 'd992ecd3-bbde-459a-a322-d941d3d70d4d');
INSERT INTO pagoumorou_roomfeature (feature_id, room_id) VALUES ('217e2b5d-633b-4ead-9d1a-1602516434ec', '8d2623f4-aa5f-4f52-8d5c-b92499a84696');
INSERT INTO pagoumorou_roomfeature (feature_id, room_id) VALUES ('c8307566-322f-4f3c-875a-c7b4dafc8380', '8d2623f4-aa5f-4f52-8d5c-b92499a84696');
INSERT INTO pagoumorou_roomfeature (feature_id, room_id) VALUES ('32ef1c9b-cd62-48f2-b095-68b93fd4d6d0', '8d2623f4-aa5f-4f52-8d5c-b92499a84696');
INSERT INTO pagoumorou_roomfeature (feature_id, room_id) VALUES ('22e75b97-e642-4101-b805-8f87109aaaf6', '8d2623f4-aa5f-4f52-8d5c-b92499a84696');
INSERT INTO pagoumorou_roomfeature (feature_id, room_id) VALUES ('62b8ce6d-41c0-4b53-9c3b-a063af860aa2', '8d2623f4-aa5f-4f52-8d5c-b92499a84696');
INSERT INTO pagoumorou_roomfeature (feature_id, room_id) VALUES ('9e53bd48-81ac-45c5-8187-44a49817822d', '9026bf60-37b3-4141-a028-74c7a531e214');
INSERT INTO pagoumorou_roomfeature (feature_id, room_id) VALUES ('e7ee1b51-4ef8-4d5a-8ac9-1e9e5b260637', '9026bf60-37b3-4141-a028-74c7a531e214');
INSERT INTO pagoumorou_roomfeature (feature_id, room_id) VALUES ('c9a6b890-61e8-488c-9191-7a5274cdd6d8', 'a761b7d3-3beb-4fc8-9bce-3a9556779a29');
INSERT INTO pagoumorou_roomfeature (feature_id, room_id) VALUES ('ab1feada-2ff5-4bfe-8478-61bca55e19a4', 'a761b7d3-3beb-4fc8-9bce-3a9556779a29');
INSERT INTO pagoumorou_roomfeature (feature_id, room_id) VALUES ('27a3c37f-f5f8-4a85-922e-798ec88d340e', 'a761b7d3-3beb-4fc8-9bce-3a9556779a29');
INSERT INTO pagoumorou_roomfeature (feature_id, room_id) VALUES ('e549df11-00e3-4703-8b2e-dd81a0c3f8f8', 'a761b7d3-3beb-4fc8-9bce-3a9556779a29');
INSERT INTO pagoumorou_roomfeature (feature_id, room_id) VALUES ('eeba8a8c-cd0b-4e4d-b9e2-e47831634d9a', 'a761b7d3-3beb-4fc8-9bce-3a9556779a29');
INSERT INTO pagoumorou_roomfeature (feature_id, room_id) VALUES ('0b89cd3c-b2e9-4593-a2b7-31a62c70134b', '1a531981-b132-4868-9e78-9faf99b43c68');
INSERT INTO pagoumorou_roomfeature (feature_id, room_id) VALUES ('2f92881a-6abc-452e-a04a-acef69a37dcf', '1a531981-b132-4868-9e78-9faf99b43c68');
INSERT INTO pagoumorou_roomfeature (feature_id, room_id) VALUES ('81bf7b80-ec32-4dd5-afa2-7d1178325a22', '1a531981-b132-4868-9e78-9faf99b43c68');
INSERT INTO pagoumorou_roomfeature (feature_id, room_id) VALUES ('13dbd3ca-5e4b-461d-80fc-1eb6472247de', '1a531981-b132-4868-9e78-9faf99b43c68');
INSERT INTO pagoumorou_roomfeature (feature_id, room_id) VALUES ('81bf7b80-ec32-4dd5-afa2-7d1178325a22', '29aa3b07-de55-4ba9-a4da-c8319ce856a7');
INSERT INTO pagoumorou_roomfeature (feature_id, room_id) VALUES ('e7ee1b51-4ef8-4d5a-8ac9-1e9e5b260637', '5cc0635b-8664-4906-9607-27056bef77a7');
INSERT INTO pagoumorou_roomfeature (feature_id, room_id) VALUES ('af5464e6-f601-410d-b823-823ffa9c4111', '5cc0635b-8664-4906-9607-27056bef77a7');
INSERT INTO pagoumorou_roomfeature (feature_id, room_id) VALUES ('eacee133-4356-47e6-8d05-e4c4008c5016', '5cc0635b-8664-4906-9607-27056bef77a7');
INSERT INTO pagoumorou_roomfeature (feature_id, room_id) VALUES ('ab1feada-2ff5-4bfe-8478-61bca55e19a4', 'c8b644bc-842b-4bdb-aa6c-05685935dd6b');
INSERT INTO pagoumorou_roomfeature (feature_id, room_id) VALUES ('aa788f24-16ae-4979-ad15-6519ffa2800a', 'c8b644bc-842b-4bdb-aa6c-05685935dd6b');
INSERT INTO pagoumorou_roomfeature (feature_id, room_id) VALUES ('c27550ed-7952-4b53-93e8-76bcaf4320ae', 'ba167808-b244-4d55-b358-a9fbad9d24c2');
INSERT INTO pagoumorou_roomfeature (feature_id, room_id) VALUES ('d57acf65-ea33-4559-9b6b-26a201042aa9', 'ba167808-b244-4d55-b358-a9fbad9d24c2');
INSERT INTO pagoumorou_roomfeature (feature_id, room_id) VALUES ('92181c72-661a-42ed-b53d-7c923ce746d8', 'ba167808-b244-4d55-b358-a9fbad9d24c2');
INSERT INTO pagoumorou_roomfeature (feature_id, room_id) VALUES ('7dd4f095-cb4e-4c45-8f6e-853561891efa', 'ba167808-b244-4d55-b358-a9fbad9d24c2');
INSERT INTO pagoumorou_roomfeature (feature_id, room_id) VALUES ('70d4a50f-3107-4c69-84a5-f3a87abd61e1', 'ba167808-b244-4d55-b358-a9fbad9d24c2');
INSERT INTO pagoumorou_roomfeature (feature_id, room_id) VALUES ('c9a6b890-61e8-488c-9191-7a5274cdd6d8', '06be8ef5-8f21-4b69-af8f-aa95a8bb2738');
INSERT INTO pagoumorou_roomfeature (feature_id, room_id) VALUES ('aa6e1f92-2b51-4c3e-bcde-3af12a85be53', '00a858c1-c4b6-465d-94cf-755957956a1a');
INSERT INTO pagoumorou_roomfeature (feature_id, room_id) VALUES ('8c84c4e7-4086-49e9-8313-38f217b6010e', '00a858c1-c4b6-465d-94cf-755957956a1a');
INSERT INTO pagoumorou_roomfeature (feature_id, room_id) VALUES ('842a8a4a-92f6-48d5-ab34-6292964dbdd0', '00a858c1-c4b6-465d-94cf-755957956a1a');
INSERT INTO pagoumorou_roomfeature (feature_id, room_id) VALUES ('0b89cd3c-b2e9-4593-a2b7-31a62c70134b', '00a858c1-c4b6-465d-94cf-755957956a1a');
INSERT INTO pagoumorou_roomfeature (feature_id, room_id) VALUES ('c880e658-912a-4d84-b708-6d79bd7c7829', 'b3d3df22-78e7-478f-a12a-d7f9b7dc71f1');
INSERT INTO pagoumorou_roomfeature (feature_id, room_id) VALUES ('12a72cfc-f2ca-4327-9a61-ce5ed6701fac', 'b3d3df22-78e7-478f-a12a-d7f9b7dc71f1');
INSERT INTO pagoumorou_roomfeature (feature_id, room_id) VALUES ('64a054f0-b1e0-47bc-81b4-151ceb4d5d58', 'b3d3df22-78e7-478f-a12a-d7f9b7dc71f1');
INSERT INTO pagoumorou_roomfeature (feature_id, room_id) VALUES ('c63c2bea-e214-4eba-8730-be71f6f46fa9', 'b3d3df22-78e7-478f-a12a-d7f9b7dc71f1');
INSERT INTO pagoumorou_roomphoto (id, url, room_id) VALUES ('78e64ae5-755c-4063-a24e-f5854e529aba', 'http://example.com/room_photo_0.jpg', 'f6ceddc6-2bae-4b9d-86af-d2aa26f91ba4');
INSERT INTO pagoumorou_roomphoto (id, url, room_id) VALUES ('a1c6cd8c-8c22-4f32-b863-2d312c3f0180', 'http://example.com/room_photo_1.jpg', '2463c684-f5ce-41bf-be26-bc5b98d5aae5');
INSERT INTO pagoumorou_roomphoto (id, url, room_id) VALUES ('a00c65ac-fcd3-4c72-a839-a5445e0d20d1', 'http://example.com/room_photo_2.jpg', '41537990-3b7c-4b1d-8598-3a6cc80444fe');
INSERT INTO pagoumorou_roomphoto (id, url, room_id) VALUES ('6b2e59da-75af-45d6-841b-3f1919e74006', 'http://example.com/room_photo_3.jpg', 'a3c8cc05-52e9-41fb-9347-d8c6c317937f');
INSERT INTO pagoumorou_roomphoto (id, url, room_id) VALUES ('f56f6185-810b-4ed9-99b2-50b03a97de6d', 'http://example.com/room_photo_4.jpg', '21734b53-651e-4eff-8a97-9d716ebd0be3');
INSERT INTO pagoumorou_roomphoto (id, url, room_id) VALUES ('1dcec739-7d8c-4d0a-886c-fcfcaebc60df', 'http://example.com/room_photo_5.jpg', 'b118dda1-ecd5-45ed-bac0-b1538edcd553');
INSERT INTO pagoumorou_roomphoto (id, url, room_id) VALUES ('9f206490-3afe-4d9c-b841-8f8088ba3b09', 'http://example.com/room_photo_6.jpg', '44f6d09c-425e-4a5d-817f-bc821498e362');
INSERT INTO pagoumorou_roomphoto (id, url, room_id) VALUES ('231a4e84-947f-4218-bf65-97b0a25c6a48', 'http://example.com/room_photo_7.jpg', 'c035219a-3a87-4167-913d-8dc0e3d7b59d');
INSERT INTO pagoumorou_roomphoto (id, url, room_id) VALUES ('ad9df4b2-e914-4786-be9c-7da5d7093e3d', 'http://example.com/room_photo_8.jpg', '7745e247-a662-4d9e-8ed8-e13be97284f5');
INSERT INTO pagoumorou_roomphoto (id, url, room_id) VALUES ('0a5c028d-6ccd-4559-aae0-376d21d0bf7a', 'http://example.com/room_photo_9.jpg', '5476c9ea-6315-45cc-8248-03fc2f4f30d4');
INSERT INTO pagoumorou_roomphoto (id, url, room_id) VALUES ('a2ecb7e4-8b27-4c91-9f86-d656aec3f639', 'http://example.com/room_photo_10.jpg', '259268e7-9b28-4953-a8de-62ac6997ffb3');
INSERT INTO pagoumorou_roomphoto (id, url, room_id) VALUES ('f4870343-c0cf-47a5-8e27-1c1069371080', 'http://example.com/room_photo_11.jpg', '8c57da9c-ccee-4bea-ba1b-9546508625d4');
INSERT INTO pagoumorou_roomphoto (id, url, room_id) VALUES ('43eae74c-313c-4475-a03c-31590b945904', 'http://example.com/room_photo_12.jpg', 'd63716e9-8d86-47be-ae65-be4aa7fb0ae1');
INSERT INTO pagoumorou_roomphoto (id, url, room_id) VALUES ('06077fe9-4c45-4043-b095-3eba274c3802', 'http://example.com/room_photo_13.jpg', '7a9daad4-e418-41a9-aa6a-41d264544afd');
INSERT INTO pagoumorou_roomphoto (id, url, room_id) VALUES ('cfe62e53-ffa3-4fa3-8eb8-0ed0efb0c0a2', 'http://example.com/room_photo_14.jpg', 'eb9bafed-53d8-4922-9073-223243496a80');
INSERT INTO pagoumorou_roomphoto (id, url, room_id) VALUES ('a2d3f2e7-fa25-498b-ae0c-4e51beb558a8', 'http://example.com/room_photo_15.jpg', '38efc8cd-f9a4-4684-a577-4e16de21f851');
INSERT INTO pagoumorou_roomphoto (id, url, room_id) VALUES ('fc1b4f6d-88fb-4516-9133-54dd0ce1fb2d', 'http://example.com/room_photo_16.jpg', '049901c8-b65f-4dab-943c-88d5203e1961');
INSERT INTO pagoumorou_roomphoto (id, url, room_id) VALUES ('cb7088eb-0f37-4793-8af3-1a3714cd9fbc', 'http://example.com/room_photo_17.jpg', 'ad9862d9-6e82-4825-be46-ae503efdb19c');
INSERT INTO pagoumorou_roomphoto (id, url, room_id) VALUES ('c9faa441-392c-49bb-bcf7-9cebf11ca6b4', 'http://example.com/room_photo_18.jpg', 'a60895da-fda3-4b68-85d0-b2560024645e');
INSERT INTO pagoumorou_roomphoto (id, url, room_id) VALUES ('823be8f4-5621-4d65-9bb0-173badcade88', 'http://example.com/room_photo_19.jpg', '9be5a08c-cfc8-4e20-b4ad-6c1e6d2da525');
INSERT INTO pagoumorou_roomphoto (id, url, room_id) VALUES ('b231ec44-c772-49ac-afde-1a06b15c2859', 'http://example.com/room_photo_20.jpg', '70bd428a-72f4-4ddc-9f8e-87ca33cd5359');
INSERT INTO pagoumorou_roomphoto (id, url, room_id) VALUES ('5d18f15a-2d27-4872-a46c-4db4c9d51afa', 'http://example.com/room_photo_21.jpg', '9fc72b49-a7e2-478b-8854-a0f0dc26773e');
INSERT INTO pagoumorou_roomphoto (id, url, room_id) VALUES ('a6ce51f2-d143-4caf-8a0a-260a4d318007', 'http://example.com/room_photo_22.jpg', '52662947-a400-4956-912c-a8944e8b246b');
INSERT INTO pagoumorou_roomphoto (id, url, room_id) VALUES ('a457b23e-5bff-478c-a6dd-6a27281478e0', 'http://example.com/room_photo_23.jpg', '5461950e-7c3a-435a-9c3f-2a92caa0e6c1');
INSERT INTO pagoumorou_roomphoto (id, url, room_id) VALUES ('43d90d0f-0bc9-4450-a97e-8bfc1e53ce1c', 'http://example.com/room_photo_24.jpg', '3753ae76-dbb4-4017-ac6b-2989de26a1b2');
INSERT INTO pagoumorou_roomphoto (id, url, room_id) VALUES ('d44ea26a-492b-4253-959b-8d51ae6ed9ca', 'http://example.com/room_photo_25.jpg', '1c2bb1e3-63c9-4192-9839-7d1ec90c977a');
INSERT INTO pagoumorou_roomphoto (id, url, room_id) VALUES ('7d2b773a-6495-43cd-a0e1-acf1da28b836', 'http://example.com/room_photo_26.jpg', 'cf4af73d-c7b3-402f-8b55-c897f1abdb41');
INSERT INTO pagoumorou_roomphoto (id, url, room_id) VALUES ('cf8176b2-5192-4287-8b43-d4a057b584ce', 'http://example.com/room_photo_27.jpg', 'fc8acbb8-14d6-448a-8cf1-0badcd863c6b');
INSERT INTO pagoumorou_roomphoto (id, url, room_id) VALUES ('f586589a-356b-4247-b7a6-a48f8b8fc677', 'http://example.com/room_photo_28.jpg', '20917ec6-f19b-4d43-8d89-9a1eeb769354');
INSERT INTO pagoumorou_roomphoto (id, url, room_id) VALUES ('1de43057-dca6-4666-9758-1605e75af41e', 'http://example.com/room_photo_29.jpg', 'd85e8d9d-cdb1-4bad-9c18-7e0241e10e4f');
INSERT INTO pagoumorou_roomphoto (id, url, room_id) VALUES ('804aa158-b1eb-4615-9b80-d4b76d6b2d1c', 'http://example.com/room_photo_30.jpg', '045ae3e6-7c62-48c8-8a20-4cc9957178e9');
INSERT INTO pagoumorou_roomphoto (id, url, room_id) VALUES ('d93c73e3-c76a-40be-a2df-f5bcb44a8a5d', 'http://example.com/room_photo_31.jpg', '0360fb98-562b-4a5b-a4c0-f01c0dfe6037');
INSERT INTO pagoumorou_roomphoto (id, url, room_id) VALUES ('69692c0a-45ee-414d-b152-57ebc06a78e0', 'http://example.com/room_photo_32.jpg', 'edcd2cab-e46b-45fd-af8b-c0ae8b16c604');
INSERT INTO pagoumorou_roomphoto (id, url, room_id) VALUES ('775126e9-90f6-4794-ba3d-7a564e0f957e', 'http://example.com/room_photo_33.jpg', '22b5dd18-a44a-4703-b884-952341ada98c');
INSERT INTO pagoumorou_roomphoto (id, url, room_id) VALUES ('87bdc57f-a33c-4b3b-84da-ae8d562cbaf0', 'http://example.com/room_photo_34.jpg', 'dff4d549-286a-410c-a413-8949ab4befdf');
INSERT INTO pagoumorou_roomphoto (id, url, room_id) VALUES ('e83cbefb-94d4-4316-9360-deae9c6aa359', 'http://example.com/room_photo_35.jpg', '97c0837e-ccc8-47d5-862a-2e7f44072df3');
INSERT INTO pagoumorou_roomphoto (id, url, room_id) VALUES ('7605f3cc-1ab3-4d83-88d2-867e726c3d65', 'http://example.com/room_photo_36.jpg', '362eb7a4-71f0-4579-afdc-577942b728ac');
INSERT INTO pagoumorou_roomphoto (id, url, room_id) VALUES ('c8234a90-6c46-4600-812b-6956fc0b019b', 'http://example.com/room_photo_37.jpg', '77158269-a577-4be9-b64a-653bd60cc708');
INSERT INTO pagoumorou_roomphoto (id, url, room_id) VALUES ('b7d77027-d95a-4e83-8772-01f0d0b8f54c', 'http://example.com/room_photo_38.jpg', 'aefcb630-a785-49c4-a081-9589bc9183b0');
INSERT INTO pagoumorou_roomphoto (id, url, room_id) VALUES ('c79f0ca1-1dec-440d-9df5-ffed194feae7', 'http://example.com/room_photo_39.jpg', '85307020-bd44-419c-a119-9d9fa4352428');
INSERT INTO pagoumorou_roomphoto (id, url, room_id) VALUES ('5f7cdffd-3111-47b3-b850-3126ba73bc57', 'http://example.com/room_photo_40.jpg', 'cc33a5ef-040d-41d4-9d07-81f5730871dc');
INSERT INTO pagoumorou_roomphoto (id, url, room_id) VALUES ('cc86316f-2915-4424-b514-48ecd7b0e0aa', 'http://example.com/room_photo_41.jpg', 'dba886da-ae59-4e6b-9fe8-175ac7420b32');
INSERT INTO pagoumorou_roomphoto (id, url, room_id) VALUES ('e79206a6-f509-4d4a-876f-fcefda4d3de2', 'http://example.com/room_photo_42.jpg', '64b0696a-96c0-4f87-8ff3-4c2591dd4775');
INSERT INTO pagoumorou_roomphoto (id, url, room_id) VALUES ('0e75b72a-40ed-4ea5-b6d2-b55fb018fece', 'http://example.com/room_photo_43.jpg', '8209ec84-6b6b-493c-a77a-c7940df9115f');
INSERT INTO pagoumorou_roomphoto (id, url, room_id) VALUES ('f6035e4b-64c8-4b1f-9a0d-806b325e1e8d', 'http://example.com/room_photo_44.jpg', '42566cb6-1411-4fe3-9e20-0c21a9dedd9b');
INSERT INTO pagoumorou_roomphoto (id, url, room_id) VALUES ('24054f34-095c-4f42-9d3e-a6256f045628', 'http://example.com/room_photo_45.jpg', 'f8539cc4-b5a7-4791-98a9-8dcde03f0a08');
INSERT INTO pagoumorou_roomphoto (id, url, room_id) VALUES ('f35f415a-f24a-4e95-939a-64a6a0bf5ebf', 'http://example.com/room_photo_46.jpg', 'c5a2c55d-871b-42c0-9e6f-fc74f43182f4');
INSERT INTO pagoumorou_roomphoto (id, url, room_id) VALUES ('53f2a38d-d339-43da-9deb-1e76892659df', 'http://example.com/room_photo_47.jpg', '5188687c-6f2b-4ceb-ba41-a7e1a73fd4ba');
INSERT INTO pagoumorou_roomphoto (id, url, room_id) VALUES ('520928ac-0b18-4092-81ad-54362a138d2d', 'http://example.com/room_photo_48.jpg', '5d153a87-45ea-48e3-8718-1cb1247837ea');
INSERT INTO pagoumorou_roomphoto (id, url, room_id) VALUES ('3af8d337-5e3e-4ee3-a785-daa216ae3cae', 'http://example.com/room_photo_49.jpg', '57f406d0-ec6d-4610-8831-1d68dd3be668');
INSERT INTO pagoumorou_roomphoto (id, url, room_id) VALUES ('4d5eea68-75bd-4458-bb64-3865b019fb38', 'http://example.com/room_photo_50.jpg', 'ac1e25c8-20c5-4e58-8bc2-14806147fa7f');
INSERT INTO pagoumorou_roomphoto (id, url, room_id) VALUES ('976b4c45-26c6-45ae-860e-5876e4caa554', 'http://example.com/room_photo_51.jpg', 'e277b2c7-3bbd-4201-8718-d822bc2f52a9');
INSERT INTO pagoumorou_roomphoto (id, url, room_id) VALUES ('b9a6a072-fa8a-40ad-8aaa-14183f32c49b', 'http://example.com/room_photo_52.jpg', '7c0ed288-c3d2-426b-b938-c65ed2c5a33a');
INSERT INTO pagoumorou_roomphoto (id, url, room_id) VALUES ('6ca9ad91-7769-4dd1-876a-1e26da7a7eb5', 'http://example.com/room_photo_53.jpg', 'c15327de-2018-47dd-b949-60b93fe86ab6');
INSERT INTO pagoumorou_roomphoto (id, url, room_id) VALUES ('61db2d3d-f989-48a8-b3b5-0327b710e8fc', 'http://example.com/room_photo_54.jpg', '31b888e0-1310-4dd8-bd78-7ffaf57b26bc');
INSERT INTO pagoumorou_roomphoto (id, url, room_id) VALUES ('232f7b9b-43da-43e1-b98e-b3b58c4fad40', 'http://example.com/room_photo_55.jpg', 'bc36f9b5-cb54-422a-8ab5-6ba953716fb6');
INSERT INTO pagoumorou_roomphoto (id, url, room_id) VALUES ('1698824e-2c1b-4373-b34b-8d8992730c3b', 'http://example.com/room_photo_56.jpg', '509f3eb7-ed49-4348-9905-ca7cc6a14ad9');
INSERT INTO pagoumorou_roomphoto (id, url, room_id) VALUES ('ad0c1a4c-c8dd-4098-9329-54da8f1e6bf2', 'http://example.com/room_photo_57.jpg', 'b7183188-f73f-410b-a980-210a83d8b50c');
INSERT INTO pagoumorou_roomphoto (id, url, room_id) VALUES ('7202e3de-6392-4125-bf4a-05281c32ca76', 'http://example.com/room_photo_58.jpg', 'e62fc0de-f369-415c-831a-e19ede82e49c');
INSERT INTO pagoumorou_roomphoto (id, url, room_id) VALUES ('e61d174b-2e3c-4079-ab1a-44bc9c3d51ea', 'http://example.com/room_photo_59.jpg', '810a4c74-bdbe-4785-b558-f07390187b62');
INSERT INTO pagoumorou_roomphoto (id, url, room_id) VALUES ('519b3745-dc47-42a8-bf4e-32c8d5b1660b', 'http://example.com/room_photo_60.jpg', 'aedec1bf-6d87-419f-b8b3-0cd317078ab1');
INSERT INTO pagoumorou_roomphoto (id, url, room_id) VALUES ('ed39843a-876c-42cb-8982-254b6b1e88f2', 'http://example.com/room_photo_61.jpg', 'db4c314e-843a-43bd-8925-41a1da6495c9');
INSERT INTO pagoumorou_roomphoto (id, url, room_id) VALUES ('f13429cd-0629-4d18-8da2-a2ca95bbd657', 'http://example.com/room_photo_62.jpg', '3868c84d-cf0e-4c92-88f5-e37c4d2193ec');
INSERT INTO pagoumorou_roomphoto (id, url, room_id) VALUES ('979aa353-df14-48cd-a5b6-49deb1da35cd', 'http://example.com/room_photo_63.jpg', '831fe6b7-af7d-4afa-861b-45aff0f45028');
INSERT INTO pagoumorou_roomphoto (id, url, room_id) VALUES ('e223b700-bb16-4aa2-92f1-358b11f315b8', 'http://example.com/room_photo_64.jpg', '03791fa2-451e-4fc9-becd-2ddc31efec01');
INSERT INTO pagoumorou_roomphoto (id, url, room_id) VALUES ('6a3ae93c-1844-4c13-be9e-a8d39cdfaf5b', 'http://example.com/room_photo_65.jpg', '46e71e4a-daa8-4d14-b87f-99c179db65aa');
INSERT INTO pagoumorou_roomphoto (id, url, room_id) VALUES ('bf43c61d-c629-4726-b563-9fd32489db42', 'http://example.com/room_photo_66.jpg', '7731cc9c-247e-4b1a-9945-7e91685db196');
INSERT INTO pagoumorou_roomphoto (id, url, room_id) VALUES ('e810b09a-2c9d-4e16-aab1-bb39b90019d3', 'http://example.com/room_photo_67.jpg', '6ac02153-c1f6-4687-bd78-2ac3bd3d4606');
INSERT INTO pagoumorou_roomphoto (id, url, room_id) VALUES ('7ea92ca5-7cee-4f17-8ed5-be2c99f7ac01', 'http://example.com/room_photo_68.jpg', 'a2178779-9167-4936-8854-0fb0eafceaf6');
INSERT INTO pagoumorou_roomphoto (id, url, room_id) VALUES ('627457b4-0bde-4e8d-b877-721a2f7565a0', 'http://example.com/room_photo_69.jpg', '69da751a-0ea0-483c-a5bf-e83dbc21f340');
INSERT INTO pagoumorou_roomphoto (id, url, room_id) VALUES ('c29b5c4c-9e62-4f0d-a5cd-34c79746ba87', 'http://example.com/room_photo_70.jpg', '455dc08b-4f76-41e5-967b-15b041fb6721');
INSERT INTO pagoumorou_roomphoto (id, url, room_id) VALUES ('8b69a3dc-8f9e-4b5e-b2bd-b7866d17a32c', 'http://example.com/room_photo_71.jpg', 'bd2b24e1-7ed7-4778-971a-d41fc568d213');
INSERT INTO pagoumorou_roomphoto (id, url, room_id) VALUES ('c2eeec5b-d603-4d0a-99a2-4cc18f6c9f3e', 'http://example.com/room_photo_72.jpg', 'bc8badac-4a97-4893-8385-20af6dc33d85');
INSERT INTO pagoumorou_roomphoto (id, url, room_id) VALUES ('b003bc9f-ea4a-4dee-9ae9-325e742e6176', 'http://example.com/room_photo_73.jpg', '3990492a-b50c-48d2-94c6-3fd285be268b');
INSERT INTO pagoumorou_roomphoto (id, url, room_id) VALUES ('c7158c69-50ab-43d3-8292-e5e9adce06f4', 'http://example.com/room_photo_74.jpg', '3179f291-22bc-494b-813b-36e33a012998');
INSERT INTO pagoumorou_roomphoto (id, url, room_id) VALUES ('fd7ebcf0-4885-4dc4-b79b-f75c68c783ac', 'http://example.com/room_photo_75.jpg', '27202a90-c21c-4bff-ac24-232e7e7529c7');
INSERT INTO pagoumorou_roomphoto (id, url, room_id) VALUES ('6974643f-4355-4f93-bf70-ea6771db1f41', 'http://example.com/room_photo_76.jpg', '546956f7-2d92-4748-94b4-dae475925dbe');
INSERT INTO pagoumorou_roomphoto (id, url, room_id) VALUES ('4f3d2c3d-a1aa-4ff9-9dac-f813a105cae9', 'http://example.com/room_photo_77.jpg', '8112ce3e-7fa0-432b-b504-b556b3329104');
INSERT INTO pagoumorou_roomphoto (id, url, room_id) VALUES ('2318a484-11c5-4fca-81a0-3223893e65b7', 'http://example.com/room_photo_78.jpg', 'b72f7c6a-fdae-4a4b-8bbe-53970dbeb66b');
INSERT INTO pagoumorou_roomphoto (id, url, room_id) VALUES ('01354c2c-9d0d-4b09-a333-2205313477e5', 'http://example.com/room_photo_79.jpg', '7cc1b623-1a79-4d65-8fb7-dc98132642de');
INSERT INTO pagoumorou_roomphoto (id, url, room_id) VALUES ('a8e55237-c212-418f-b535-064d479827da', 'http://example.com/room_photo_80.jpg', 'd2d4cb33-8440-41a3-9118-dced61033fc7');
INSERT INTO pagoumorou_roomphoto (id, url, room_id) VALUES ('eb36c2cd-3ab8-4425-8117-9c898930a987', 'http://example.com/room_photo_81.jpg', 'e5236bfd-b24b-468b-acf5-6f39b64bca92');
INSERT INTO pagoumorou_roomphoto (id, url, room_id) VALUES ('1e114d1a-5133-4f46-b9e9-ca2d169f37b0', 'http://example.com/room_photo_82.jpg', 'adb06052-3743-468c-89ad-5332534e1957');
INSERT INTO pagoumorou_roomphoto (id, url, room_id) VALUES ('12132e07-0408-4467-a079-f5015ed11a35', 'http://example.com/room_photo_83.jpg', 'b07d5b60-a745-4d11-b5ab-488377e8f6e3');
INSERT INTO pagoumorou_roomphoto (id, url, room_id) VALUES ('dd2c77fe-f214-4b87-a21d-72ba271278e1', 'http://example.com/room_photo_84.jpg', 'de164797-0134-4cf2-b92d-b64639aeef25');
INSERT INTO pagoumorou_roomphoto (id, url, room_id) VALUES ('6215cfcc-f9f9-473f-ad27-c7f0b6a6b629', 'http://example.com/room_photo_85.jpg', '0450aba4-95a9-491c-9c51-ca2d4d66bef3');
INSERT INTO pagoumorou_roomphoto (id, url, room_id) VALUES ('55b6eed0-66d7-43e9-b39b-609e53d7517a', 'http://example.com/room_photo_86.jpg', 'e48a6d3b-bb49-42a0-90d0-2ae52eac7658');
INSERT INTO pagoumorou_roomphoto (id, url, room_id) VALUES ('ac4648d6-0113-4bda-8c9a-7dc8a5a9aeac', 'http://example.com/room_photo_87.jpg', '762f28ea-e118-494a-bd23-f26e52f0bf33');
INSERT INTO pagoumorou_roomphoto (id, url, room_id) VALUES ('b4160843-ee26-492e-91a7-e064a537d08f', 'http://example.com/room_photo_88.jpg', 'd992ecd3-bbde-459a-a322-d941d3d70d4d');
INSERT INTO pagoumorou_roomphoto (id, url, room_id) VALUES ('6bd5b5e4-049c-43d9-8b65-6989cf487fa1', 'http://example.com/room_photo_89.jpg', '8d2623f4-aa5f-4f52-8d5c-b92499a84696');
INSERT INTO pagoumorou_roomphoto (id, url, room_id) VALUES ('07a04ca9-608b-43d2-aa75-c2fa3955be77', 'http://example.com/room_photo_90.jpg', '9026bf60-37b3-4141-a028-74c7a531e214');
INSERT INTO pagoumorou_roomphoto (id, url, room_id) VALUES ('29ec8c81-3f07-4483-a1dc-627da5da4aeb', 'http://example.com/room_photo_91.jpg', 'a761b7d3-3beb-4fc8-9bce-3a9556779a29');
INSERT INTO pagoumorou_roomphoto (id, url, room_id) VALUES ('826c3239-08e9-4310-8455-e58e34d39ad9', 'http://example.com/room_photo_92.jpg', '1a531981-b132-4868-9e78-9faf99b43c68');
INSERT INTO pagoumorou_roomphoto (id, url, room_id) VALUES ('7aacbc9c-3dfe-4806-b4df-31726e2f02d8', 'http://example.com/room_photo_93.jpg', '29aa3b07-de55-4ba9-a4da-c8319ce856a7');
INSERT INTO pagoumorou_roomphoto (id, url, room_id) VALUES ('23d16244-5e4f-45fe-a39d-021d844960ab', 'http://example.com/room_photo_94.jpg', '5cc0635b-8664-4906-9607-27056bef77a7');
INSERT INTO pagoumorou_roomphoto (id, url, room_id) VALUES ('226102da-3775-4320-8b24-a6a824f8716c', 'http://example.com/room_photo_95.jpg', 'c8b644bc-842b-4bdb-aa6c-05685935dd6b');
INSERT INTO pagoumorou_roomphoto (id, url, room_id) VALUES ('aa0eb985-342a-4251-908b-5ddf76be0df3', 'http://example.com/room_photo_96.jpg', 'ba167808-b244-4d55-b358-a9fbad9d24c2');
INSERT INTO pagoumorou_roomphoto (id, url, room_id) VALUES ('b50615a0-b9b3-4e4f-b9ff-ca7400b43686', 'http://example.com/room_photo_97.jpg', '06be8ef5-8f21-4b69-af8f-aa95a8bb2738');
INSERT INTO pagoumorou_roomphoto (id, url, room_id) VALUES ('0c60e526-f716-41f3-9d2e-2d79bf219225', 'http://example.com/room_photo_98.jpg', '00a858c1-c4b6-465d-94cf-755957956a1a');
INSERT INTO pagoumorou_roomphoto (id, url, room_id) VALUES ('e40d7aab-6fb6-4a80-8e20-8acbe7cec004', 'http://example.com/room_photo_99.jpg', 'b3d3df22-78e7-478f-a12a-d7f9b7dc71f1');
INSERT INTO pagoumorou_propertymanager (property_id, user_id) VALUES ('4643a004-ea74-44d1-b67b-7d73fe581e0b', 'e71d1e8d-b6a9-4488-a766-e7b1a87dcba8');
INSERT INTO pagoumorou_propertymanager (property_id, user_id) VALUES ('ef331fbb-b66f-4227-a758-84a4c52d5146', 'e7a63fd5-2cd0-4c15-a01d-f7e7da1ae4e2');
INSERT INTO pagoumorou_propertymanager (property_id, user_id) VALUES ('28a69f5a-d838-44a6-9462-c1d1b9f2a4c1', '16c95a04-eaee-4e05-8454-935497799a91');
INSERT INTO pagoumorou_propertymanager (property_id, user_id) VALUES ('a86ebc1e-279d-4747-b3f4-c710b06fa9fd', 'e7a63fd5-2cd0-4c15-a01d-f7e7da1ae4e2');
INSERT INTO pagoumorou_propertymanager (property_id, user_id) VALUES ('2229fbe3-6481-4ae4-8fb7-7992a622dd8b', '20fc9bfe-22cb-4f68-ab8c-79061d353f36');
INSERT INTO pagoumorou_propertymanager (property_id, user_id) VALUES ('825b5cad-c6fe-4930-b5c9-3424e875a7f8', 'c2d223c3-de06-493a-ba20-09258fde1c42');
INSERT INTO pagoumorou_propertymanager (property_id, user_id) VALUES ('59413ab4-ff2c-4c18-83b9-c0a8c38f6c40', '71b3d6a3-6147-4c4d-a992-15aee19883c4');
INSERT INTO pagoumorou_propertymanager (property_id, user_id) VALUES ('084aac59-7372-4ff5-8060-5fc2640e2daa', 'a8864c6c-c06b-4669-99ed-0e1782d42bc2');
INSERT INTO pagoumorou_propertymanager (property_id, user_id) VALUES ('53a81c31-596a-4da3-86a5-85eb690561f1', '5bcde1c9-7228-4209-8862-8da91361ca2e');
INSERT INTO pagoumorou_propertymanager (property_id, user_id) VALUES ('708e922a-114b-4632-a538-2ca07080617d', 'ff9ee024-e7c9-485e-8483-ecb38f083f55');
INSERT INTO pagoumorou_propertymanager (property_id, user_id) VALUES ('f0756aa3-97b0-4106-9ca8-a8629b0aa81a', '71b3d6a3-6147-4c4d-a992-15aee19883c4');
INSERT INTO pagoumorou_propertymanager (property_id, user_id) VALUES ('b640d56a-b1e4-477a-84f7-223f1482e1a0', '3fd38947-9ea3-4ac4-b364-cdfb3fa63915');
INSERT INTO pagoumorou_propertymanager (property_id, user_id) VALUES ('04f0e37f-f403-42b0-afe1-7100217aab55', '6176aec6-df27-405c-a910-d40587bdb809');
INSERT INTO pagoumorou_propertymanager (property_id, user_id) VALUES ('6549f598-817c-46bc-ad4d-1e99370ef776', '48ea444e-3cfa-4c2d-a3dc-21bfe191b9ee');
INSERT INTO pagoumorou_propertymanager (property_id, user_id) VALUES ('eca397a1-317e-4c52-aa4b-ef9a6c01df47', '9e062877-4b15-4434-b942-b8b24e696dc6');
INSERT INTO pagoumorou_propertymanager (property_id, user_id) VALUES ('4e1078d6-1441-4a04-b835-c5d9a09cb240', '5fa09273-9857-4a75-b5cf-95e9eb313bb0');
INSERT INTO pagoumorou_propertymanager (property_id, user_id) VALUES ('a3714dee-86f6-4e9b-9405-f55c3c7af175', '444636cf-5405-45c9-94e0-7864d890f1ef');
INSERT INTO pagoumorou_propertymanager (property_id, user_id) VALUES ('e6ac1812-f830-43a6-8cad-8849bedde4ee', '4140dc42-5300-4388-9ad2-83c16c840951');
INSERT INTO pagoumorou_propertymanager (property_id, user_id) VALUES ('b86cf44c-78c3-4a8a-a269-a37bf65536b7', 'ff056f81-93fe-4ee6-ba78-6f2ff54dd468');
INSERT INTO pagoumorou_propertymanager (property_id, user_id) VALUES ('f9175ff0-18ee-4c7a-b5d8-af9d552c9093', '4a3c58b7-31af-4828-aec8-fcde3385c884');
INSERT INTO pagoumorou_propertymanager (property_id, user_id) VALUES ('2e5d613f-ae1c-470f-a449-618c53835362', 'c8f6d1fe-0431-4477-895e-528c8f708b8d');
INSERT INTO pagoumorou_propertymanager (property_id, user_id) VALUES ('00cc983b-a06c-497c-a2cb-ffbc965f44e7', '1eb0472a-a7f0-473a-bc50-368616310766');
INSERT INTO pagoumorou_propertymanager (property_id, user_id) VALUES ('7a333896-3f90-4a3b-9cd6-3bb3066255b0', '5bcde1c9-7228-4209-8862-8da91361ca2e');
INSERT INTO pagoumorou_propertymanager (property_id, user_id) VALUES ('18bdf5a8-17d1-4f9e-a1b4-14eb9f40c77f', 'c8f6d1fe-0431-4477-895e-528c8f708b8d');
INSERT INTO pagoumorou_propertymanager (property_id, user_id) VALUES ('191b8ac3-4235-415c-aa53-da899c7ffca4', 'cd177a40-e23c-4926-88f5-ae5aa086d72a');
INSERT INTO pagoumorou_propertymanager (property_id, user_id) VALUES ('f5fdcec8-1c21-4cad-94b5-8cd5e253c690', 'ff9ee024-e7c9-485e-8483-ecb38f083f55');
INSERT INTO pagoumorou_propertymanager (property_id, user_id) VALUES ('4ce4305b-8f94-408c-8516-f683fc721055', '057739a4-7689-444a-94ff-d5a286e7f863');
INSERT INTO pagoumorou_propertymanager (property_id, user_id) VALUES ('79660cf1-a702-4038-9eff-7e9841e72669', 'cb7ad2a1-ccb6-4a69-8c3f-8321993a0fe3');
INSERT INTO pagoumorou_propertymanager (property_id, user_id) VALUES ('21949bde-2953-4fa3-ac39-ecce9abf9d9a', '2b930974-8d70-487c-b68f-c0d99afc98e9');
INSERT INTO pagoumorou_propertymanager (property_id, user_id) VALUES ('06d3dcf5-5401-48d7-bdfb-552b7f74aab9', '6733e9e7-9971-4957-984d-b6c6005746ff');
INSERT INTO pagoumorou_propertymanager (property_id, user_id) VALUES ('9c636429-6297-433a-9c52-41ef87551600', 'e71d1e8d-b6a9-4488-a766-e7b1a87dcba8');
INSERT INTO pagoumorou_propertymanager (property_id, user_id) VALUES ('23bd3a5a-ea4a-4ad7-8e54-cdb647a56ef0', '54d22125-735c-48f0-adb2-baf6fe9c1d7a');
INSERT INTO pagoumorou_propertymanager (property_id, user_id) VALUES ('f03bd9ab-fac9-4c40-90b3-1d1c862e4058', '20fc9bfe-22cb-4f68-ab8c-79061d353f36');
INSERT INTO pagoumorou_propertymanager (property_id, user_id) VALUES ('29210ba3-3741-49fc-bf26-0681b21d032a', '54d22125-735c-48f0-adb2-baf6fe9c1d7a');
INSERT INTO pagoumorou_propertymanager (property_id, user_id) VALUES ('80e432dc-8b92-403c-b94c-a1e67433bdd2', 'e4561979-5332-476b-9958-0125d92e272a');
INSERT INTO pagoumorou_propertymanager (property_id, user_id) VALUES ('26ca4405-3970-463c-942f-515aac7e367e', '31a6febf-3d97-43db-8633-bd18dc382a25');
INSERT INTO pagoumorou_propertymanager (property_id, user_id) VALUES ('04271de8-795c-4ba2-a666-7f02d0d21594', 'a019b45c-2d0f-4f20-bc0f-ec37a819d90c');
INSERT INTO pagoumorou_propertymanager (property_id, user_id) VALUES ('3a3b6d78-3573-44fd-afac-16df8d63447f', '9aba93f9-c901-4504-b1d4-982b4e9cb598');
INSERT INTO pagoumorou_propertymanager (property_id, user_id) VALUES ('19e358f6-a98f-428a-9c2a-65cafaedbc30', '6176aec6-df27-405c-a910-d40587bdb809');
INSERT INTO pagoumorou_propertymanager (property_id, user_id) VALUES ('99a98c2a-97ed-43e6-a3ab-e9fc5be64b48', 'e81e9b0a-7e57-4752-9983-d5258732f245');
INSERT INTO pagoumorou_propertymanager (property_id, user_id) VALUES ('c38404e3-6f55-473f-a702-623aa4f9216d', '31a6febf-3d97-43db-8633-bd18dc382a25');
INSERT INTO pagoumorou_propertymanager (property_id, user_id) VALUES ('9347b27b-bf79-472a-aaa4-8e9dcac5bfcb', '8a68c4cb-3c61-4d7e-997f-beaeda4b3809');
INSERT INTO pagoumorou_propertymanager (property_id, user_id) VALUES ('9d01d4b1-251c-4eb0-90a5-6b95cd1a599e', 'ef4bd076-d433-418f-8e9c-b95ebd46d8b5');
INSERT INTO pagoumorou_propertymanager (property_id, user_id) VALUES ('2a1b7f67-35e3-433e-a8b6-f16c71488b65', 'ff056f81-93fe-4ee6-ba78-6f2ff54dd468');
INSERT INTO pagoumorou_propertymanager (property_id, user_id) VALUES ('f222831f-f47d-43a9-b686-f3522ec038a7', '04007c52-90fb-4fe1-90fe-3e0bf39a1768');
INSERT INTO pagoumorou_propertymanager (property_id, user_id) VALUES ('18b1b581-184f-4ab2-9cd8-af34fa5b8a67', '1f696c8c-a7ce-4847-9d2c-82fb07553b19');
INSERT INTO pagoumorou_propertymanager (property_id, user_id) VALUES ('fa5d41d6-c5bb-48b9-931c-0ecd8e680100', '6b73373d-b9a7-403c-a41b-6903d9f3002d');
INSERT INTO pagoumorou_propertymanager (property_id, user_id) VALUES ('b19bac52-6ca3-4f47-9b9a-2c9dc6dfcb06', '8bb0f242-2857-4d62-969a-4753915bf1e9');
INSERT INTO pagoumorou_propertymanager (property_id, user_id) VALUES ('e4020e67-4b05-4dc6-b514-4f9ddedfd980', '5d681803-504f-480d-9d64-3de006c767e8');
INSERT INTO pagoumorou_propertymanager (property_id, user_id) VALUES ('277be840-4446-45f7-90d7-83045d5fb58c', '063de2d8-9875-43f5-a571-755826c8fb12');
INSERT INTO pagoumorou_propertymanager (property_id, user_id) VALUES ('c1750966-d2f6-40c1-94db-672399f9e84b', '395a5a18-e77c-41da-b2c3-4fbe00ea558f');
INSERT INTO pagoumorou_propertymanager (property_id, user_id) VALUES ('d20a1757-1c69-4caa-ae7c-6e6b228a0e8e', '395a5a18-e77c-41da-b2c3-4fbe00ea558f');
INSERT INTO pagoumorou_propertymanager (property_id, user_id) VALUES ('1022817d-0c78-4bb3-90b8-c4fae094e454', 'b9a68abc-2dc4-40cc-9cde-c12973b49c96');
INSERT INTO pagoumorou_propertymanager (property_id, user_id) VALUES ('edcf8348-5049-4a6d-b6ee-cdae8e4981df', 'cd177a40-e23c-4926-88f5-ae5aa086d72a');
INSERT INTO pagoumorou_propertymanager (property_id, user_id) VALUES ('a7cdee3d-37d9-44c5-95b2-ce821bc9ee18', 'caae7419-4adb-4e00-8af0-e28dc9eebfa1');
INSERT INTO pagoumorou_propertymanager (property_id, user_id) VALUES ('c5d7d871-e3c2-4eb6-a606-5aedfcc8ddee', '6732e190-cc4b-4f2d-9435-a9d79ac35945');
INSERT INTO pagoumorou_propertymanager (property_id, user_id) VALUES ('0c7eb16c-2c0a-4c15-98b2-72eb8d4a5d5c', 'e195b530-4cdb-4059-a0ef-6674bc8a730d');
INSERT INTO pagoumorou_propertymanager (property_id, user_id) VALUES ('64ced1f8-fbcb-40e2-905a-38810b45aa40', '4905189d-60c6-4a24-8294-6ea7bc6e0d91');
INSERT INTO pagoumorou_propertymanager (property_id, user_id) VALUES ('59e6f1e2-6e40-47b1-99da-6b04fd1625fa', '0d0a85c5-c619-485c-a20b-af6df33bd43d');
INSERT INTO pagoumorou_propertymanager (property_id, user_id) VALUES ('9a972e6f-7576-4508-ba4a-6e87c40665ec', '99667104-212a-493a-8491-74b16dd11c52');
INSERT INTO pagoumorou_propertymanager (property_id, user_id) VALUES ('5a8554cb-7059-4fd1-be55-25a648c46564', 'cb7ad2a1-ccb6-4a69-8c3f-8321993a0fe3');
INSERT INTO pagoumorou_propertymanager (property_id, user_id) VALUES ('52e6385c-b4d6-468d-a159-6a8d3f2495c7', 'ee0f357e-fa2d-42c1-aa31-e5c0c78716c5');
INSERT INTO pagoumorou_propertymanager (property_id, user_id) VALUES ('423315a3-69e5-40fb-9155-135028939c32', '3fd38947-9ea3-4ac4-b364-cdfb3fa63915');
INSERT INTO pagoumorou_propertymanager (property_id, user_id) VALUES ('b1d12efd-1761-4fa2-80cc-7b2cea1830f3', '16c95a04-eaee-4e05-8454-935497799a91');
INSERT INTO pagoumorou_propertymanager (property_id, user_id) VALUES ('322377c7-c6a0-4688-a259-b5155869d552', '00c530c4-ccbc-4e9b-a38d-fd20f16b603d');
INSERT INTO pagoumorou_propertymanager (property_id, user_id) VALUES ('96777179-02d4-488f-a7be-0becb7297069', 'cb7ad2a1-ccb6-4a69-8c3f-8321993a0fe3');
INSERT INTO pagoumorou_propertymanager (property_id, user_id) VALUES ('83b23389-5939-4cf9-ae21-68ee529dc7a6', '063de2d8-9875-43f5-a571-755826c8fb12');
INSERT INTO pagoumorou_propertymanager (property_id, user_id) VALUES ('00d8a049-218b-4f6c-8077-4c5bddb3fa45', '6176aec6-df27-405c-a910-d40587bdb809');
INSERT INTO pagoumorou_propertymanager (property_id, user_id) VALUES ('5ce2a7a9-c570-4764-bb22-986cf358b66b', '35c0c4f6-c435-474e-bf3b-9545e245a9c1');
INSERT INTO pagoumorou_propertymanager (property_id, user_id) VALUES ('b25e3868-e6a1-4bfb-89d7-1946c5320838', 'e195b530-4cdb-4059-a0ef-6674bc8a730d');
INSERT INTO pagoumorou_propertymanager (property_id, user_id) VALUES ('ab5298cf-f16e-4cc5-8c27-a1e38c8b3627', '8705ed38-ff09-491a-bf64-91aeeba93e2d');
INSERT INTO pagoumorou_propertymanager (property_id, user_id) VALUES ('66e3079d-7fd5-4246-a7be-780bcc053926', '4a3c58b7-31af-4828-aec8-fcde3385c884');
INSERT INTO pagoumorou_propertymanager (property_id, user_id) VALUES ('aea75804-6f99-4ac7-8331-9beba4d28644', '4140dc42-5300-4388-9ad2-83c16c840951');
INSERT INTO pagoumorou_propertymanager (property_id, user_id) VALUES ('825933a3-48c3-4353-9495-b131c54d0ce5', '8aa6e05c-8fee-4484-8bc6-40e51974ae04');
INSERT INTO pagoumorou_propertymanager (property_id, user_id) VALUES ('0bd8b8e8-e51b-4251-a144-342228985579', '39b33bce-4087-4d96-b0d2-fbe778baeaab');
INSERT INTO pagoumorou_propertymanager (property_id, user_id) VALUES ('a5d3a7b7-92a0-4059-b4b6-92ecc25e5683', '057739a4-7689-444a-94ff-d5a286e7f863');
INSERT INTO pagoumorou_propertymanager (property_id, user_id) VALUES ('4f5691b7-1859-4c72-a0ba-c58d5c67092a', '395a5a18-e77c-41da-b2c3-4fbe00ea558f');
INSERT INTO pagoumorou_propertymanager (property_id, user_id) VALUES ('fce0a7ae-b785-45fc-b140-d038cfe848e7', 'a4d351c3-e5ed-4de9-aab6-d7caf611f183');
INSERT INTO pagoumorou_propertymanager (property_id, user_id) VALUES ('a507c2d8-86dc-40df-b538-f9cf0d56bb3a', '395a5a18-e77c-41da-b2c3-4fbe00ea558f');
INSERT INTO pagoumorou_propertymanager (property_id, user_id) VALUES ('b50763bc-d73f-40f0-ae2e-798579b67b9a', 'cb7ad2a1-ccb6-4a69-8c3f-8321993a0fe3');
INSERT INTO pagoumorou_propertymanager (property_id, user_id) VALUES ('c627cf6d-6345-4088-b06b-191a3ad5251b', '99667104-212a-493a-8491-74b16dd11c52');
INSERT INTO pagoumorou_propertymanager (property_id, user_id) VALUES ('33e658c8-9fdb-443c-910d-cc638b165c80', 'f83e3ef3-0a5a-41b2-95e1-f200dd891373');
INSERT INTO pagoumorou_propertymanager (property_id, user_id) VALUES ('98191f74-6a69-4a00-a1e0-15a3f73535d2', '2e920589-9b87-4942-baaf-6f12b4609ffc');
INSERT INTO pagoumorou_propertymanager (property_id, user_id) VALUES ('8356639d-e745-45a9-b2a5-dfee3bb3d67c', 'ee275c75-1548-4e8b-830f-269af4e10746');
INSERT INTO pagoumorou_propertymanager (property_id, user_id) VALUES ('bdd5ed86-c14a-4167-b41d-6519811d61f2', '6b5b3ef1-ff52-416c-bfaf-04c233245fe2');
INSERT INTO pagoumorou_propertymanager (property_id, user_id) VALUES ('11144548-28af-4b60-963f-735d22d2b6be', 'ff9ee024-e7c9-485e-8483-ecb38f083f55');
INSERT INTO pagoumorou_propertymanager (property_id, user_id) VALUES ('596088df-dfcd-42d5-a6bd-3950312d4748', 'a7787c84-39c7-4a52-970c-671023046cef');
INSERT INTO pagoumorou_propertymanager (property_id, user_id) VALUES ('05240bd7-b334-4fcd-8bac-29bcca7b4591', '03c82839-3829-4017-913f-9e22a755d8ba');
INSERT INTO pagoumorou_propertymanager (property_id, user_id) VALUES ('e6b51956-d6cc-4255-a107-f9a3266b50f2', '54d22125-735c-48f0-adb2-baf6fe9c1d7a');
INSERT INTO pagoumorou_propertymanager (property_id, user_id) VALUES ('41832679-cf9c-480c-9190-4614516f38b7', '057739a4-7689-444a-94ff-d5a286e7f863');
INSERT INTO pagoumorou_propertymanager (property_id, user_id) VALUES ('78cbfb65-0c9b-4973-803d-2b01c0142e26', 'a7787c84-39c7-4a52-970c-671023046cef');
INSERT INTO pagoumorou_propertymanager (property_id, user_id) VALUES ('0f4c6020-8f57-4605-8a33-bb13aeb1c726', '5bcde1c9-7228-4209-8862-8da91361ca2e');
INSERT INTO pagoumorou_propertymanager (property_id, user_id) VALUES ('8802bd17-67b3-40df-92ab-c8ff2199b8c9', 'ef4bd076-d433-418f-8e9c-b95ebd46d8b5');
INSERT INTO pagoumorou_propertymanager (property_id, user_id) VALUES ('8d3b48be-a7aa-4947-bcce-7f832708057b', '8a68c4cb-3c61-4d7e-997f-beaeda4b3809');
INSERT INTO pagoumorou_propertymanager (property_id, user_id) VALUES ('fdd3603d-af14-4965-9158-5d6f86359ef2', '35c0c4f6-c435-474e-bf3b-9545e245a9c1');
INSERT INTO pagoumorou_propertymanager (property_id, user_id) VALUES ('b35458b8-f24b-4861-a601-dc5699e4c1b3', '6732e190-cc4b-4f2d-9435-a9d79ac35945');
INSERT INTO pagoumorou_propertymanager (property_id, user_id) VALUES ('11f35e3f-33d6-41d5-adc8-6777c7fce1a3', '3392dd9b-5183-4195-affb-8dddf456cd94');
INSERT INTO pagoumorou_propertymanager (property_id, user_id) VALUES ('eb5b8ff0-088a-490f-9cdb-019b9be66098', '5fa09273-9857-4a75-b5cf-95e9eb313bb0');
INSERT INTO pagoumorou_propertymanager (property_id, user_id) VALUES ('94f37be5-d599-42e5-9095-8c3c974ca238', '00c530c4-ccbc-4e9b-a38d-fd20f16b603d');
INSERT INTO pagoumorou_propertymanager (property_id, user_id) VALUES ('54f8bf84-134c-4683-8bd7-02ce22080d3e', 'ee0f357e-fa2d-42c1-aa31-e5c0c78716c5');
INSERT INTO pagoumorou_location (id, start_date, end_date, created_at, proposal_id, room_id, user_id) VALUES ('df3f4743-9e1c-4a99-9563-85a87866f7f7', '2025-07-27', '2025-11-02', '2024-07-16 00:00:00', '201de5b7-9e6b-4772-856b-6a338f828517', 'f6ceddc6-2bae-4b9d-86af-d2aa26f91ba4', 'e71d1e8d-b6a9-4488-a766-e7b1a87dcba8');
INSERT INTO pagoumorou_location (id, start_date, end_date, created_at, proposal_id, room_id, user_id) VALUES ('977d0bf0-c416-4178-b314-2ced7ae76555', '2025-06-10', '2025-08-20', '2025-02-09 00:00:00', 'e4f03596-95c3-4b43-970f-9d146f3a959c', '2463c684-f5ce-41bf-be26-bc5b98d5aae5', 'e7a63fd5-2cd0-4c15-a01d-f7e7da1ae4e2');
INSERT INTO pagoumorou_location (id, start_date, end_date, created_at, proposal_id, room_id, user_id) VALUES ('8213d816-ded9-4bb7-b0ef-5c8ee9667d9c', '2025-07-13', '2025-08-23', '2024-02-21 00:00:00', '647d6224-6eb9-4d29-9296-fb22e5d38f8e', '41537990-3b7c-4b1d-8598-3a6cc80444fe', '16c95a04-eaee-4e05-8454-935497799a91');
INSERT INTO pagoumorou_location (id, start_date, end_date, created_at, proposal_id, room_id, user_id) VALUES ('22be5374-38fd-442c-b6ea-9c334e374406', '2025-07-17', '2026-01-04', '2024-12-24 00:00:00', '548183db-e6d7-4f1b-bd7a-1979e254c06a', 'a3c8cc05-52e9-41fb-9347-d8c6c317937f', 'e7a63fd5-2cd0-4c15-a01d-f7e7da1ae4e2');
INSERT INTO pagoumorou_location (id, start_date, end_date, created_at, proposal_id, room_id, user_id) VALUES ('58d92fe5-82e8-466a-b9fb-7d6d71de7b82', '2025-06-03', '2025-11-02', '2025-04-18 00:00:00', '2ccf7a68-ba70-4936-ac26-733f3909fa18', '21734b53-651e-4eff-8a97-9d716ebd0be3', '20fc9bfe-22cb-4f68-ab8c-79061d353f36');
INSERT INTO pagoumorou_location (id, start_date, end_date, created_at, proposal_id, room_id, user_id) VALUES ('f31cbd9f-0898-496e-b202-f5753a90a119', '2025-06-24', '2025-10-07', '2024-03-09 00:00:00', '73a03d47-bb93-4432-b91d-7a776d2d7836', 'b118dda1-ecd5-45ed-bac0-b1538edcd553', 'c2d223c3-de06-493a-ba20-09258fde1c42');
INSERT INTO pagoumorou_location (id, start_date, end_date, created_at, proposal_id, room_id, user_id) VALUES ('6571f784-5894-4f8b-a2ea-88b2328cd21b', '2025-07-03', '2025-08-08', '2024-10-19 00:00:00', '821cd39b-22b3-4f63-8bc3-940be860433c', '44f6d09c-425e-4a5d-817f-bc821498e362', '71b3d6a3-6147-4c4d-a992-15aee19883c4');
INSERT INTO pagoumorou_location (id, start_date, end_date, created_at, proposal_id, room_id, user_id) VALUES ('d370c02a-bafb-4b06-9e40-55b0e49cfbb0', '2025-06-02', '2025-10-12', '2025-01-07 00:00:00', '2d1790f6-06af-4354-8b94-b94a157ae204', 'c035219a-3a87-4167-913d-8dc0e3d7b59d', 'a8864c6c-c06b-4669-99ed-0e1782d42bc2');
INSERT INTO pagoumorou_location (id, start_date, end_date, created_at, proposal_id, room_id, user_id) VALUES ('adb59c23-5847-4d99-b5d4-b05ae5da5ddc', '2025-07-18', '2025-12-27', '2024-04-23 00:00:00', '1550e27d-a7f2-4ad1-8d58-cf165edd76cc', '7745e247-a662-4d9e-8ed8-e13be97284f5', '5bcde1c9-7228-4209-8862-8da91361ca2e');
INSERT INTO pagoumorou_location (id, start_date, end_date, created_at, proposal_id, room_id, user_id) VALUES ('6b3d78c8-f3d9-419a-9c21-9b37c21fab1b', '2025-07-18', '2025-09-30', '2024-02-19 00:00:00', '31fad1f2-4d4f-4f61-83e7-733500cede3a', '5476c9ea-6315-45cc-8248-03fc2f4f30d4', 'ff9ee024-e7c9-485e-8483-ecb38f083f55');
INSERT INTO pagoumorou_location (id, start_date, end_date, created_at, proposal_id, room_id, user_id) VALUES ('fbacb6d6-1345-4bda-948b-7766bb7ef28b', '2025-08-18', '2025-11-06', '2024-12-27 00:00:00', '2809778a-e184-49a1-8fd1-f02451f58cf7', '259268e7-9b28-4953-a8de-62ac6997ffb3', '71b3d6a3-6147-4c4d-a992-15aee19883c4');
INSERT INTO pagoumorou_location (id, start_date, end_date, created_at, proposal_id, room_id, user_id) VALUES ('7fa23c14-391f-4385-980f-9b80d9dd7592', '2025-06-18', '2025-09-17', '2025-02-12 00:00:00', '812b8f94-7796-48c8-b2f5-37ab85348ca9', '8c57da9c-ccee-4bea-ba1b-9546508625d4', '3fd38947-9ea3-4ac4-b364-cdfb3fa63915');
INSERT INTO pagoumorou_location (id, start_date, end_date, created_at, proposal_id, room_id, user_id) VALUES ('f4479b83-339f-43c0-a5d1-896bf36b2e53', '2025-08-16', '2025-09-20', '2024-07-31 00:00:00', 'a84e8836-bc78-4541-a59c-44ce19dc8fb9', 'd63716e9-8d86-47be-ae65-be4aa7fb0ae1', '6176aec6-df27-405c-a910-d40587bdb809');
INSERT INTO pagoumorou_location (id, start_date, end_date, created_at, proposal_id, room_id, user_id) VALUES ('79420c86-86e4-4c95-a5f0-5d660136e2b1', '2025-08-04', '2026-01-22', '2024-06-03 00:00:00', '01c2825b-c9a3-41db-aa18-b316dcab02a1', '7a9daad4-e418-41a9-aa6a-41d264544afd', '48ea444e-3cfa-4c2d-a3dc-21bfe191b9ee');
INSERT INTO pagoumorou_location (id, start_date, end_date, created_at, proposal_id, room_id, user_id) VALUES ('845f4ec9-502c-4143-810a-f2100d8e75b3', '2025-08-26', '2025-10-31', '2024-09-20 00:00:00', '5c29afdc-253c-4968-91d5-c8275a43119f', 'eb9bafed-53d8-4922-9073-223243496a80', '9e062877-4b15-4434-b942-b8b24e696dc6');
INSERT INTO pagoumorou_location (id, start_date, end_date, created_at, proposal_id, room_id, user_id) VALUES ('f78b916b-39d5-40b5-9ecf-56e18aeb7f54', '2025-07-23', '2026-01-09', '2024-08-13 00:00:00', '71c02b13-fac6-4c7a-aabc-fceb4b57de49', '38efc8cd-f9a4-4684-a577-4e16de21f851', '5fa09273-9857-4a75-b5cf-95e9eb313bb0');
INSERT INTO pagoumorou_location (id, start_date, end_date, created_at, proposal_id, room_id, user_id) VALUES ('8ea8cd8d-16b0-4c13-abf2-1459da89cba4', '2025-08-24', '2026-01-15', '2025-03-28 00:00:00', '93af84fd-7c73-4ea6-bcf6-b2526bf87caf', '049901c8-b65f-4dab-943c-88d5203e1961', '444636cf-5405-45c9-94e0-7864d890f1ef');
INSERT INTO pagoumorou_location (id, start_date, end_date, created_at, proposal_id, room_id, user_id) VALUES ('d042ef97-4033-4e48-a4cc-d048b7c4e563', '2025-08-21', '2025-10-25', '2024-12-24 00:00:00', '4d097a0f-ea2e-4c3f-bacd-866cdc902aa6', 'ad9862d9-6e82-4825-be46-ae503efdb19c', '4140dc42-5300-4388-9ad2-83c16c840951');
INSERT INTO pagoumorou_location (id, start_date, end_date, created_at, proposal_id, room_id, user_id) VALUES ('d1975380-da20-4b74-b874-f9a84e8e424f', '2025-07-29', '2025-11-05', '2024-04-26 00:00:00', 'a20ff8b4-6d05-4bf0-b575-fb6260b934a7', 'a60895da-fda3-4b68-85d0-b2560024645e', 'ff056f81-93fe-4ee6-ba78-6f2ff54dd468');
INSERT INTO pagoumorou_location (id, start_date, end_date, created_at, proposal_id, room_id, user_id) VALUES ('40006a6d-b09e-448d-b4aa-20f137f2c882', '2025-06-24', '2025-09-22', '2024-05-20 00:00:00', 'b69c921e-1eac-492b-988f-9f9290fe09f0', '9be5a08c-cfc8-4e20-b4ad-6c1e6d2da525', '4a3c58b7-31af-4828-aec8-fcde3385c884');
INSERT INTO pagoumorou_location (id, start_date, end_date, created_at, proposal_id, room_id, user_id) VALUES ('6ddd7808-7da7-4095-b03d-7d87a8c25248', '2025-06-29', '2025-10-24', '2024-12-26 00:00:00', '330dfd4a-db97-4bf5-8d9f-a3296f50225e', '70bd428a-72f4-4ddc-9f8e-87ca33cd5359', 'c8f6d1fe-0431-4477-895e-528c8f708b8d');
INSERT INTO pagoumorou_location (id, start_date, end_date, created_at, proposal_id, room_id, user_id) VALUES ('f934376e-13fc-49da-92a1-d168f4bc80bd', '2025-06-04', '2025-08-17', '2024-09-07 00:00:00', '1b9b490a-4da7-4846-a4e0-071d39695555', '9fc72b49-a7e2-478b-8854-a0f0dc26773e', '1eb0472a-a7f0-473a-bc50-368616310766');
INSERT INTO pagoumorou_location (id, start_date, end_date, created_at, proposal_id, room_id, user_id) VALUES ('89975cc2-8c89-483f-a931-5225b81ea148', '2025-06-09', '2025-08-26', '2024-05-30 00:00:00', '1cc6d69b-424e-43b9-9942-da0445bb57c1', '52662947-a400-4956-912c-a8944e8b246b', '5bcde1c9-7228-4209-8862-8da91361ca2e');
INSERT INTO pagoumorou_location (id, start_date, end_date, created_at, proposal_id, room_id, user_id) VALUES ('9bda837e-3a48-4716-9d0a-3a16b0a03733', '2025-08-02', '2025-12-28', '2024-07-16 00:00:00', '14242e75-84ca-46c0-a3c2-492a34ddaba0', '5461950e-7c3a-435a-9c3f-2a92caa0e6c1', 'c8f6d1fe-0431-4477-895e-528c8f708b8d');
INSERT INTO pagoumorou_location (id, start_date, end_date, created_at, proposal_id, room_id, user_id) VALUES ('29cedc74-c400-410b-81cb-0dcb0152ae4b', '2025-07-17', '2025-11-21', '2024-12-10 00:00:00', '338bafec-6c69-48b1-9606-851998d434b7', '3753ae76-dbb4-4017-ac6b-2989de26a1b2', 'cd177a40-e23c-4926-88f5-ae5aa086d72a');
INSERT INTO pagoumorou_location (id, start_date, end_date, created_at, proposal_id, room_id, user_id) VALUES ('2e068951-2884-431b-a038-6ebb0d48e397', '2025-06-20', '2025-10-20', '2024-02-10 00:00:00', '926e4dcc-7485-48d9-b9cc-4dcf07fb26ce', '1c2bb1e3-63c9-4192-9839-7d1ec90c977a', 'ff9ee024-e7c9-485e-8483-ecb38f083f55');
INSERT INTO pagoumorou_location (id, start_date, end_date, created_at, proposal_id, room_id, user_id) VALUES ('bfe94e53-e5dc-4506-b3b3-ef0af0ceeddb', '2025-07-29', '2025-11-27', '2024-05-30 00:00:00', '8ff74b32-5a91-4666-9710-c9a85efb57ae', 'cf4af73d-c7b3-402f-8b55-c897f1abdb41', '057739a4-7689-444a-94ff-d5a286e7f863');
INSERT INTO pagoumorou_location (id, start_date, end_date, created_at, proposal_id, room_id, user_id) VALUES ('f2321500-8b24-400a-a04f-c69d6a9fd91b', '2025-07-03', '2025-08-16', '2024-03-13 00:00:00', '477122eb-a29d-41aa-93db-009b84f056ee', 'fc8acbb8-14d6-448a-8cf1-0badcd863c6b', 'cb7ad2a1-ccb6-4a69-8c3f-8321993a0fe3');
INSERT INTO pagoumorou_location (id, start_date, end_date, created_at, proposal_id, room_id, user_id) VALUES ('0c34bcb1-79a3-4c2b-b6cb-0c8f6a34786c', '2025-08-06', '2025-12-08', '2024-06-17 00:00:00', '90acada8-9360-4317-889b-d01bed3fdae2', '20917ec6-f19b-4d43-8d89-9a1eeb769354', '2b930974-8d70-487c-b68f-c0d99afc98e9');
INSERT INTO pagoumorou_location (id, start_date, end_date, created_at, proposal_id, room_id, user_id) VALUES ('8b579cba-bcc8-4787-9150-b0aa1e716265', '2025-08-21', '2025-11-14', '2024-08-12 00:00:00', '09d7cf36-1e82-49b8-9c0f-0e3d0199c518', 'd85e8d9d-cdb1-4bad-9c18-7e0241e10e4f', '6733e9e7-9971-4957-984d-b6c6005746ff');
INSERT INTO pagoumorou_location (id, start_date, end_date, created_at, proposal_id, room_id, user_id) VALUES ('d4378f39-8c93-42d5-bc4a-cdefc20f8d55', '2025-08-29', '2025-11-09', '2024-09-04 00:00:00', 'e9430627-c263-45c6-9cd7-1eb8a3ef17aa', '045ae3e6-7c62-48c8-8a20-4cc9957178e9', 'e71d1e8d-b6a9-4488-a766-e7b1a87dcba8');
INSERT INTO pagoumorou_location (id, start_date, end_date, created_at, proposal_id, room_id, user_id) VALUES ('92b99d0d-b5ad-4f25-9935-55f9445253e7', '2025-06-13', '2025-08-06', '2025-03-25 00:00:00', '248ba4d3-4efb-454b-9687-e30ec0916449', '0360fb98-562b-4a5b-a4c0-f01c0dfe6037', '54d22125-735c-48f0-adb2-baf6fe9c1d7a');
INSERT INTO pagoumorou_location (id, start_date, end_date, created_at, proposal_id, room_id, user_id) VALUES ('102615e0-87f8-4fb9-afb2-9d1fcacf238b', '2025-06-17', '2025-10-09', '2024-09-28 00:00:00', 'd0c1ef41-5a5d-4647-b6c5-3b50c83d9258', 'edcd2cab-e46b-45fd-af8b-c0ae8b16c604', '20fc9bfe-22cb-4f68-ab8c-79061d353f36');
INSERT INTO pagoumorou_location (id, start_date, end_date, created_at, proposal_id, room_id, user_id) VALUES ('0cb61b7b-ff22-43f9-9015-79a3073f8f85', '2025-08-12', '2025-11-07', '2024-05-04 00:00:00', '5cfa9617-d58c-44bb-aa40-8cc71bf3b6f4', '22b5dd18-a44a-4703-b884-952341ada98c', '54d22125-735c-48f0-adb2-baf6fe9c1d7a');
INSERT INTO pagoumorou_location (id, start_date, end_date, created_at, proposal_id, room_id, user_id) VALUES ('eaf0cf68-7a76-458b-b8b5-710118053b1d', '2025-08-03', '2026-01-05', '2025-04-27 00:00:00', '13eb227e-0389-4c13-a025-cddc499b3c8b', 'dff4d549-286a-410c-a413-8949ab4befdf', 'e4561979-5332-476b-9958-0125d92e272a');
INSERT INTO pagoumorou_location (id, start_date, end_date, created_at, proposal_id, room_id, user_id) VALUES ('b78c62f8-c120-4447-9852-87e106898e22', '2025-07-01', '2025-11-12', '2024-03-13 00:00:00', 'ac1202e0-8ba6-42c6-a6ce-4b14f3266847', '97c0837e-ccc8-47d5-862a-2e7f44072df3', '31a6febf-3d97-43db-8633-bd18dc382a25');
INSERT INTO pagoumorou_location (id, start_date, end_date, created_at, proposal_id, room_id, user_id) VALUES ('145a5762-abb1-4ac8-818a-c30eeabd1061', '2025-07-14', '2025-08-17', '2024-12-07 00:00:00', '3517049b-0a04-4675-a8b1-daafde22d179', '362eb7a4-71f0-4579-afdc-577942b728ac', 'a019b45c-2d0f-4f20-bc0f-ec37a819d90c');
INSERT INTO pagoumorou_location (id, start_date, end_date, created_at, proposal_id, room_id, user_id) VALUES ('de4ebdf5-526e-4c33-aef0-518e39af2232', '2025-08-13', '2026-01-25', '2024-09-02 00:00:00', '10b9fe9b-db62-490f-bf8e-b3a90ba37def', '77158269-a577-4be9-b64a-653bd60cc708', '9aba93f9-c901-4504-b1d4-982b4e9cb598');
INSERT INTO pagoumorou_location (id, start_date, end_date, created_at, proposal_id, room_id, user_id) VALUES ('1787a324-9f90-4893-b995-3aee519ddc66', '2025-08-08', '2025-11-22', '2024-08-01 00:00:00', 'd79fde2a-739d-43d3-9731-01e7d8c4ea31', 'aefcb630-a785-49c4-a081-9589bc9183b0', '6176aec6-df27-405c-a910-d40587bdb809');
INSERT INTO pagoumorou_location (id, start_date, end_date, created_at, proposal_id, room_id, user_id) VALUES ('746911ac-4227-4f54-a4a8-66f14ef28b1e', '2025-07-06', '2025-12-24', '2025-02-03 00:00:00', 'cf428ae1-5ed9-4f7c-b9f6-45c75cb42b91', '85307020-bd44-419c-a119-9d9fa4352428', 'e81e9b0a-7e57-4752-9983-d5258732f245');
INSERT INTO pagoumorou_location (id, start_date, end_date, created_at, proposal_id, room_id, user_id) VALUES ('9d635c3a-af91-48f9-9cba-0cdeed588f0e', '2025-06-30', '2025-12-11', '2024-04-30 00:00:00', 'b3cd530b-a53d-408a-8956-9afe039c0498', 'cc33a5ef-040d-41d4-9d07-81f5730871dc', '31a6febf-3d97-43db-8633-bd18dc382a25');
INSERT INTO pagoumorou_location (id, start_date, end_date, created_at, proposal_id, room_id, user_id) VALUES ('3d67916e-616c-4d04-99e9-e4186096aa89', '2025-07-01', '2025-10-04', '2025-01-13 00:00:00', '5455fd02-0049-4dcc-a94b-9295132ebf7b', 'dba886da-ae59-4e6b-9fe8-175ac7420b32', '8a68c4cb-3c61-4d7e-997f-beaeda4b3809');
INSERT INTO pagoumorou_location (id, start_date, end_date, created_at, proposal_id, room_id, user_id) VALUES ('dac311d2-2988-4037-9a63-469d56d9fe4f', '2025-07-05', '2025-12-23', '2025-02-18 00:00:00', 'c3a43f83-9ebe-45c7-b286-e91ab2af6062', '64b0696a-96c0-4f87-8ff3-4c2591dd4775', 'ef4bd076-d433-418f-8e9c-b95ebd46d8b5');
INSERT INTO pagoumorou_location (id, start_date, end_date, created_at, proposal_id, room_id, user_id) VALUES ('33b0c26a-84b0-40e1-b6b8-cb302308a1cf', '2025-06-22', '2025-10-17', '2024-12-29 00:00:00', 'f81bd229-34e9-45cd-8c8a-8dd91083406a', '8209ec84-6b6b-493c-a77a-c7940df9115f', 'ff056f81-93fe-4ee6-ba78-6f2ff54dd468');
INSERT INTO pagoumorou_location (id, start_date, end_date, created_at, proposal_id, room_id, user_id) VALUES ('9b97da90-ab05-4e48-b66b-5547590f616e', '2025-08-20', '2026-01-25', '2024-06-01 00:00:00', '7eaeb900-d368-4cf7-8d73-860544f1a436', '42566cb6-1411-4fe3-9e20-0c21a9dedd9b', '04007c52-90fb-4fe1-90fe-3e0bf39a1768');
INSERT INTO pagoumorou_location (id, start_date, end_date, created_at, proposal_id, room_id, user_id) VALUES ('b5a8a147-39f8-417b-8a0e-400903d647da', '2025-08-05', '2026-01-19', '2024-11-24 00:00:00', 'c4308dd0-416d-4659-9c5b-5823be369dbc', 'f8539cc4-b5a7-4791-98a9-8dcde03f0a08', '1f696c8c-a7ce-4847-9d2c-82fb07553b19');
INSERT INTO pagoumorou_location (id, start_date, end_date, created_at, proposal_id, room_id, user_id) VALUES ('ab5c364d-ce88-403d-9162-96fda06b9807', '2025-06-15', '2025-12-09', '2024-03-24 00:00:00', '26b86cdf-05cb-4f64-be43-0bdd273ec7e8', 'c5a2c55d-871b-42c0-9e6f-fc74f43182f4', '6b73373d-b9a7-403c-a41b-6903d9f3002d');
INSERT INTO pagoumorou_location (id, start_date, end_date, created_at, proposal_id, room_id, user_id) VALUES ('5c73804d-6651-4c5f-a52f-a84205cf43a5', '2025-07-04', '2025-11-15', '2024-03-13 00:00:00', '9ac96803-ebc1-4323-a100-022e361fdd8b', '5188687c-6f2b-4ceb-ba41-a7e1a73fd4ba', '8bb0f242-2857-4d62-969a-4753915bf1e9');
INSERT INTO pagoumorou_location (id, start_date, end_date, created_at, proposal_id, room_id, user_id) VALUES ('9b3f3d0a-2e49-43e8-b9c3-bf65593e52a5', '2025-08-20', '2025-10-04', '2024-04-29 00:00:00', 'c1e6fc41-1362-4c0d-9574-38a5a18991b8', '5d153a87-45ea-48e3-8718-1cb1247837ea', '5d681803-504f-480d-9d64-3de006c767e8');
INSERT INTO pagoumorou_location (id, start_date, end_date, created_at, proposal_id, room_id, user_id) VALUES ('df60b77c-c70d-4e63-9931-87f8b92ab2f9', '2025-07-19', '2026-01-11', '2024-02-23 00:00:00', '2f216ddc-856b-496c-a809-554772ab4686', '57f406d0-ec6d-4610-8831-1d68dd3be668', '063de2d8-9875-43f5-a571-755826c8fb12');
INSERT INTO pagoumorou_location (id, start_date, end_date, created_at, proposal_id, room_id, user_id) VALUES ('83106536-ce19-4248-afd9-00a5d690f57f', '2025-07-07', '2025-10-06', '2024-04-12 00:00:00', 'c9286277-9844-4e28-94d7-9ffaa4dc01c5', 'ac1e25c8-20c5-4e58-8bc2-14806147fa7f', '395a5a18-e77c-41da-b2c3-4fbe00ea558f');
INSERT INTO pagoumorou_location (id, start_date, end_date, created_at, proposal_id, room_id, user_id) VALUES ('6433f1c0-35b4-46a4-9b98-af4a4de60853', '2025-07-05', '2025-11-05', '2024-10-07 00:00:00', 'b19930fd-dc49-4f2f-a528-95aa4b97f76c', 'e277b2c7-3bbd-4201-8718-d822bc2f52a9', '395a5a18-e77c-41da-b2c3-4fbe00ea558f');
INSERT INTO pagoumorou_location (id, start_date, end_date, created_at, proposal_id, room_id, user_id) VALUES ('d9400044-b4bd-407c-943e-c12e44d121d9', '2025-07-11', '2025-08-30', '2025-01-10 00:00:00', 'cab88f31-0a31-415f-a9cd-6bdc857818de', '7c0ed288-c3d2-426b-b938-c65ed2c5a33a', 'b9a68abc-2dc4-40cc-9cde-c12973b49c96');
INSERT INTO pagoumorou_location (id, start_date, end_date, created_at, proposal_id, room_id, user_id) VALUES ('ec09c188-ce05-4163-a5e3-1d8c3baf48f8', '2025-07-05', '2025-10-20', '2025-03-09 00:00:00', '8b2054c6-d211-433d-95a3-140ed65efcc9', 'c15327de-2018-47dd-b949-60b93fe86ab6', 'cd177a40-e23c-4926-88f5-ae5aa086d72a');
INSERT INTO pagoumorou_location (id, start_date, end_date, created_at, proposal_id, room_id, user_id) VALUES ('de638670-0061-4c41-8c14-ce1c4c71a2c4', '2025-06-19', '2025-07-24', '2024-12-23 00:00:00', 'c33cc996-239b-4a66-9705-e6d03278bf79', '31b888e0-1310-4dd8-bd78-7ffaf57b26bc', 'caae7419-4adb-4e00-8af0-e28dc9eebfa1');
INSERT INTO pagoumorou_location (id, start_date, end_date, created_at, proposal_id, room_id, user_id) VALUES ('3f3b70d6-0733-4dd0-8a11-a2f565af9c8f', '2025-08-08', '2025-10-31', '2024-09-11 00:00:00', 'fe5e9195-65e0-4e17-96e1-302a6e22e772', 'bc36f9b5-cb54-422a-8ab5-6ba953716fb6', '6732e190-cc4b-4f2d-9435-a9d79ac35945');
INSERT INTO pagoumorou_location (id, start_date, end_date, created_at, proposal_id, room_id, user_id) VALUES ('14f3b144-b3bb-4d50-89e5-6c3fd4e1b688', '2025-07-21', '2025-09-13', '2025-03-09 00:00:00', '08613d64-89cf-4ff7-8220-ef0c179ff85e', '509f3eb7-ed49-4348-9905-ca7cc6a14ad9', 'e195b530-4cdb-4059-a0ef-6674bc8a730d');
INSERT INTO pagoumorou_location (id, start_date, end_date, created_at, proposal_id, room_id, user_id) VALUES ('79363262-7d9b-406a-8445-6813e5a78990', '2025-07-31', '2025-11-24', '2025-01-01 00:00:00', '12cee10b-1d28-4aac-9925-225e050d7369', 'b7183188-f73f-410b-a980-210a83d8b50c', '4905189d-60c6-4a24-8294-6ea7bc6e0d91');
INSERT INTO pagoumorou_location (id, start_date, end_date, created_at, proposal_id, room_id, user_id) VALUES ('06994614-a5b7-41de-8b77-166c44fbdeac', '2025-08-15', '2025-11-17', '2024-06-05 00:00:00', '4d3125a9-0f7a-41af-ac54-fec3e4324ccb', 'e62fc0de-f369-415c-831a-e19ede82e49c', '0d0a85c5-c619-485c-a20b-af6df33bd43d');
INSERT INTO pagoumorou_location (id, start_date, end_date, created_at, proposal_id, room_id, user_id) VALUES ('0d759f79-e6f5-4dae-ad82-3aafc0c4c8f5', '2025-08-30', '2025-10-02', '2025-01-04 00:00:00', '5616d0ce-ad50-4e65-8629-46103d5edaef', '810a4c74-bdbe-4785-b558-f07390187b62', '99667104-212a-493a-8491-74b16dd11c52');
INSERT INTO pagoumorou_location (id, start_date, end_date, created_at, proposal_id, room_id, user_id) VALUES ('60c33064-e540-4269-9980-a51de0793313', '2025-07-25', '2025-10-01', '2024-09-16 00:00:00', '76f5baa8-746d-41b4-9ad8-8f046a7f6c59', 'aedec1bf-6d87-419f-b8b3-0cd317078ab1', 'cb7ad2a1-ccb6-4a69-8c3f-8321993a0fe3');
INSERT INTO pagoumorou_location (id, start_date, end_date, created_at, proposal_id, room_id, user_id) VALUES ('6b4b3446-2b31-4433-a6b7-58a23112095f', '2025-07-27', '2025-10-22', '2024-09-26 00:00:00', '81b8600c-2684-4063-8741-40e119c3e1f7', 'db4c314e-843a-43bd-8925-41a1da6495c9', 'ee0f357e-fa2d-42c1-aa31-e5c0c78716c5');
INSERT INTO pagoumorou_location (id, start_date, end_date, created_at, proposal_id, room_id, user_id) VALUES ('24b7c85f-9ae4-439d-8b4a-f19ba2767269', '2025-08-12', '2026-01-17', '2024-12-12 00:00:00', 'ddb85a4b-f8da-4dce-a7eb-bb9774eb75b8', '3868c84d-cf0e-4c92-88f5-e37c4d2193ec', '3fd38947-9ea3-4ac4-b364-cdfb3fa63915');
INSERT INTO pagoumorou_location (id, start_date, end_date, created_at, proposal_id, room_id, user_id) VALUES ('b77f853e-fa02-4888-bbe7-dda18265433d', '2025-06-09', '2025-10-09', '2024-07-10 00:00:00', '2b767f4d-4000-4a95-91b1-9c8d2cd71b3d', '831fe6b7-af7d-4afa-861b-45aff0f45028', '16c95a04-eaee-4e05-8454-935497799a91');
INSERT INTO pagoumorou_location (id, start_date, end_date, created_at, proposal_id, room_id, user_id) VALUES ('4bc5dc3b-63fd-49f8-a3a3-26c0a1b61740', '2025-08-31', '2026-02-15', '2025-02-26 00:00:00', '4e436f31-23a3-48a4-bdb0-f9249858a974', '03791fa2-451e-4fc9-becd-2ddc31efec01', '00c530c4-ccbc-4e9b-a38d-fd20f16b603d');
INSERT INTO pagoumorou_location (id, start_date, end_date, created_at, proposal_id, room_id, user_id) VALUES ('83e85681-75a2-426d-8410-df824473d9e6', '2025-08-06', '2025-10-10', '2024-08-30 00:00:00', 'b0c2f55b-6044-4ee1-b35c-5732465f862b', '46e71e4a-daa8-4d14-b87f-99c179db65aa', 'cb7ad2a1-ccb6-4a69-8c3f-8321993a0fe3');
INSERT INTO pagoumorou_location (id, start_date, end_date, created_at, proposal_id, room_id, user_id) VALUES ('3062500a-6d48-427a-b9e3-8ef79721bb44', '2025-06-05', '2025-10-30', '2024-11-30 00:00:00', '47f42bd9-b8bd-4f96-bef3-c1bf3af91233', '7731cc9c-247e-4b1a-9945-7e91685db196', '063de2d8-9875-43f5-a571-755826c8fb12');
INSERT INTO pagoumorou_location (id, start_date, end_date, created_at, proposal_id, room_id, user_id) VALUES ('845c59d3-1e18-43cc-9cb3-1058e954280f', '2025-06-30', '2025-09-21', '2025-02-10 00:00:00', '96cc241d-af1d-4495-8a3d-97359c2c12d4', '6ac02153-c1f6-4687-bd78-2ac3bd3d4606', '6176aec6-df27-405c-a910-d40587bdb809');
INSERT INTO pagoumorou_location (id, start_date, end_date, created_at, proposal_id, room_id, user_id) VALUES ('bd8df3c9-b984-4281-abb2-a81a02528348', '2025-08-13', '2025-11-17', '2024-04-20 00:00:00', 'cb989c7d-d9de-45f4-8c6a-d968ab67ea2e', 'a2178779-9167-4936-8854-0fb0eafceaf6', '35c0c4f6-c435-474e-bf3b-9545e245a9c1');
INSERT INTO pagoumorou_location (id, start_date, end_date, created_at, proposal_id, room_id, user_id) VALUES ('e729f5a5-31e8-4a31-b26b-b46d97b72b9a', '2025-07-27', '2025-09-18', '2024-07-25 00:00:00', '782ce55f-73dc-4650-81e9-e3fcdef5e57b', '69da751a-0ea0-483c-a5bf-e83dbc21f340', 'e195b530-4cdb-4059-a0ef-6674bc8a730d');
INSERT INTO pagoumorou_location (id, start_date, end_date, created_at, proposal_id, room_id, user_id) VALUES ('37fa2b9c-c1ab-4efc-98fa-f9c6c2bb779f', '2025-07-17', '2025-09-01', '2024-06-23 00:00:00', 'e88a11fb-6cc6-4a74-8428-46876b069dc4', '455dc08b-4f76-41e5-967b-15b041fb6721', '8705ed38-ff09-491a-bf64-91aeeba93e2d');
INSERT INTO pagoumorou_location (id, start_date, end_date, created_at, proposal_id, room_id, user_id) VALUES ('cb3e4893-0c92-48f4-8d6a-1d73e8ae00eb', '2025-08-10', '2025-11-04', '2024-08-06 00:00:00', '8ca2bc92-e490-4933-8058-c40021ce82f7', 'bd2b24e1-7ed7-4778-971a-d41fc568d213', '4a3c58b7-31af-4828-aec8-fcde3385c884');
INSERT INTO pagoumorou_location (id, start_date, end_date, created_at, proposal_id, room_id, user_id) VALUES ('d82ec8ee-7b4d-4f19-828a-6bf36c93c883', '2025-06-12', '2025-08-04', '2024-10-13 00:00:00', '89ed6537-8231-4807-813e-0467cba7b7e9', 'bc8badac-4a97-4893-8385-20af6dc33d85', '4140dc42-5300-4388-9ad2-83c16c840951');
INSERT INTO pagoumorou_location (id, start_date, end_date, created_at, proposal_id, room_id, user_id) VALUES ('b61b916b-3793-48d5-99b0-b6b9174de728', '2025-06-18', '2025-10-17', '2024-09-18 00:00:00', 'd00351f2-3bee-4a04-87c7-7f956dec3a6d', '3990492a-b50c-48d2-94c6-3fd285be268b', '8aa6e05c-8fee-4484-8bc6-40e51974ae04');
INSERT INTO pagoumorou_location (id, start_date, end_date, created_at, proposal_id, room_id, user_id) VALUES ('0bf96866-23d0-401c-a477-98eb6a042537', '2025-08-02', '2025-11-29', '2024-08-04 00:00:00', 'cb64cc47-fb07-440f-8688-9e8cc9a529fe', '3179f291-22bc-494b-813b-36e33a012998', '39b33bce-4087-4d96-b0d2-fbe778baeaab');
INSERT INTO pagoumorou_location (id, start_date, end_date, created_at, proposal_id, room_id, user_id) VALUES ('73cc5c1a-c763-4caf-9f6a-f4d7e73311fd', '2025-07-07', '2025-11-17', '2024-01-10 00:00:00', '7fe2733f-d3e7-46c6-8ad0-8e1bd6b08ee2', '27202a90-c21c-4bff-ac24-232e7e7529c7', '057739a4-7689-444a-94ff-d5a286e7f863');
INSERT INTO pagoumorou_location (id, start_date, end_date, created_at, proposal_id, room_id, user_id) VALUES ('8341e8e0-b1e6-4de9-a4d0-017965b5c977', '2025-06-07', '2025-07-19', '2025-03-22 00:00:00', 'd1ac92a4-a3a7-4ea1-8778-48e2d2a868b1', '546956f7-2d92-4748-94b4-dae475925dbe', '395a5a18-e77c-41da-b2c3-4fbe00ea558f');
INSERT INTO pagoumorou_location (id, start_date, end_date, created_at, proposal_id, room_id, user_id) VALUES ('8fe2e0fe-3c71-401f-aa7b-0ae2dabf2e13', '2025-07-08', '2025-09-10', '2024-04-14 00:00:00', 'd4edc7c5-c8f4-4c9a-ac5d-4ff14b231862', '8112ce3e-7fa0-432b-b504-b556b3329104', 'a4d351c3-e5ed-4de9-aab6-d7caf611f183');
INSERT INTO pagoumorou_location (id, start_date, end_date, created_at, proposal_id, room_id, user_id) VALUES ('cfe72b27-e706-43b5-934c-1e63180e4f00', '2025-08-09', '2026-01-14', '2025-03-07 00:00:00', 'a6a070e5-67f2-4132-9b35-a80ab1b43852', 'b72f7c6a-fdae-4a4b-8bbe-53970dbeb66b', '395a5a18-e77c-41da-b2c3-4fbe00ea558f');
INSERT INTO pagoumorou_location (id, start_date, end_date, created_at, proposal_id, room_id, user_id) VALUES ('ab954ab8-de21-47d7-959d-ce6f761aeff9', '2025-07-31', '2026-01-25', '2025-03-10 00:00:00', '54f17536-2027-43e2-8635-92bc67a9e271', '7cc1b623-1a79-4d65-8fb7-dc98132642de', 'cb7ad2a1-ccb6-4a69-8c3f-8321993a0fe3');
INSERT INTO pagoumorou_location (id, start_date, end_date, created_at, proposal_id, room_id, user_id) VALUES ('0da25749-6d9c-4b40-949c-22d97f781643', '2025-06-17', '2025-11-08', '2024-11-12 00:00:00', 'af6dbb58-7eed-4ccf-8f8c-38ec9ed34cbe', 'd2d4cb33-8440-41a3-9118-dced61033fc7', '99667104-212a-493a-8491-74b16dd11c52');
INSERT INTO pagoumorou_location (id, start_date, end_date, created_at, proposal_id, room_id, user_id) VALUES ('5ccfe6c0-894a-40c5-a8b9-a30d67682031', '2025-08-02', '2025-10-28', '2024-07-29 00:00:00', 'c08714cc-c6e9-43ad-b312-5a42dc69c00a', 'e5236bfd-b24b-468b-acf5-6f39b64bca92', 'f83e3ef3-0a5a-41b2-95e1-f200dd891373');
INSERT INTO pagoumorou_location (id, start_date, end_date, created_at, proposal_id, room_id, user_id) VALUES ('e30412d1-6be5-499f-8f83-79dcbdeed936', '2025-06-16', '2025-10-29', '2024-02-24 00:00:00', 'fcb93ac4-b275-4305-83a1-7783ff6bde13', 'adb06052-3743-468c-89ad-5332534e1957', '2e920589-9b87-4942-baaf-6f12b4609ffc');
INSERT INTO pagoumorou_location (id, start_date, end_date, created_at, proposal_id, room_id, user_id) VALUES ('40d3dea4-a041-4138-b73f-43145541688a', '2025-08-11', '2025-11-16', '2024-07-06 00:00:00', 'ffc2eec7-da3d-4a7b-a89a-9a90a7be1470', 'b07d5b60-a745-4d11-b5ab-488377e8f6e3', 'ee275c75-1548-4e8b-830f-269af4e10746');
INSERT INTO pagoumorou_location (id, start_date, end_date, created_at, proposal_id, room_id, user_id) VALUES ('c543f50d-2775-4496-94e4-bd841f29354b', '2025-07-18', '2025-11-12', '2024-03-11 00:00:00', '238b667e-f479-44df-a570-a69b7b68219d', 'de164797-0134-4cf2-b92d-b64639aeef25', '6b5b3ef1-ff52-416c-bfaf-04c233245fe2');
INSERT INTO pagoumorou_location (id, start_date, end_date, created_at, proposal_id, room_id, user_id) VALUES ('2f9ee41d-fc25-4b71-9d2e-e19435a8823c', '2025-06-24', '2025-10-18', '2024-03-02 00:00:00', 'e1626ec0-86c0-468c-9199-778b4f25a066', '0450aba4-95a9-491c-9c51-ca2d4d66bef3', 'ff9ee024-e7c9-485e-8483-ecb38f083f55');
INSERT INTO pagoumorou_location (id, start_date, end_date, created_at, proposal_id, room_id, user_id) VALUES ('376fa551-f3bc-4e41-9b5d-770c544b2830', '2025-08-04', '2025-11-14', '2024-11-14 00:00:00', 'da9acb21-289f-4d47-8774-14961241cda1', 'e48a6d3b-bb49-42a0-90d0-2ae52eac7658', 'a7787c84-39c7-4a52-970c-671023046cef');
INSERT INTO pagoumorou_location (id, start_date, end_date, created_at, proposal_id, room_id, user_id) VALUES ('8fd05101-60f6-47ea-a4c2-72340cfb3c4f', '2025-08-29', '2025-12-05', '2024-01-30 00:00:00', '238f96e5-25f8-492f-8c6c-7761773b1549', '762f28ea-e118-494a-bd23-f26e52f0bf33', '03c82839-3829-4017-913f-9e22a755d8ba');
INSERT INTO pagoumorou_location (id, start_date, end_date, created_at, proposal_id, room_id, user_id) VALUES ('b95f2012-e5cc-4d9a-9e98-9d83ca99a2df', '2025-08-10', '2025-11-16', '2025-03-06 00:00:00', '9e757480-02eb-46e1-9d6f-b4308971d196', 'd992ecd3-bbde-459a-a322-d941d3d70d4d', '54d22125-735c-48f0-adb2-baf6fe9c1d7a');
INSERT INTO pagoumorou_location (id, start_date, end_date, created_at, proposal_id, room_id, user_id) VALUES ('0493458f-5ced-4620-90ab-129b3ff0d62d', '2025-07-21', '2025-10-03', '2024-04-24 00:00:00', 'b540b9ec-f158-4c26-b361-c904713ca6d0', '8d2623f4-aa5f-4f52-8d5c-b92499a84696', '057739a4-7689-444a-94ff-d5a286e7f863');
INSERT INTO pagoumorou_location (id, start_date, end_date, created_at, proposal_id, room_id, user_id) VALUES ('7431f736-f1eb-409d-a42d-35014e8d05c7', '2025-08-08', '2025-11-13', '2024-06-18 00:00:00', 'dcee27f9-af4e-4d59-ac92-8ffb0c47f012', '9026bf60-37b3-4141-a028-74c7a531e214', 'a7787c84-39c7-4a52-970c-671023046cef');
INSERT INTO pagoumorou_location (id, start_date, end_date, created_at, proposal_id, room_id, user_id) VALUES ('21959b66-e62f-4b09-9971-795b03c7f7c6', '2025-07-21', '2025-12-21', '2025-01-07 00:00:00', 'b9c2e6f6-31a8-4501-ac3c-52033f850c14', 'a761b7d3-3beb-4fc8-9bce-3a9556779a29', '5bcde1c9-7228-4209-8862-8da91361ca2e');
INSERT INTO pagoumorou_location (id, start_date, end_date, created_at, proposal_id, room_id, user_id) VALUES ('5d3e6107-0267-48bb-bf31-939fd4093f03', '2025-08-06', '2026-01-17', '2024-01-07 00:00:00', '50cfeed7-c8ea-4161-8fb2-1121af81b542', '1a531981-b132-4868-9e78-9faf99b43c68', 'ef4bd076-d433-418f-8e9c-b95ebd46d8b5');
INSERT INTO pagoumorou_location (id, start_date, end_date, created_at, proposal_id, room_id, user_id) VALUES ('e58b797b-080c-4a06-b46f-b90a5e56c533', '2025-08-12', '2026-01-07', '2024-08-01 00:00:00', '77a090b1-3f2a-4021-9400-e6a71441c1f9', '29aa3b07-de55-4ba9-a4da-c8319ce856a7', '8a68c4cb-3c61-4d7e-997f-beaeda4b3809');
INSERT INTO pagoumorou_location (id, start_date, end_date, created_at, proposal_id, room_id, user_id) VALUES ('089ffc2f-b560-44f5-aae3-e68800f8252d', '2025-06-01', '2025-11-20', '2024-01-08 00:00:00', '4707bfa3-edc7-4001-babf-40a9a944d142', '5cc0635b-8664-4906-9607-27056bef77a7', '35c0c4f6-c435-474e-bf3b-9545e245a9c1');
INSERT INTO pagoumorou_location (id, start_date, end_date, created_at, proposal_id, room_id, user_id) VALUES ('58909244-27b8-44bb-801b-c97e4d19a033', '2025-06-02', '2025-09-24', '2024-01-28 00:00:00', 'd6276830-cc5f-44f6-bcc6-f30e35da4fe7', 'c8b644bc-842b-4bdb-aa6c-05685935dd6b', '6732e190-cc4b-4f2d-9435-a9d79ac35945');
INSERT INTO pagoumorou_location (id, start_date, end_date, created_at, proposal_id, room_id, user_id) VALUES ('a74bb3ae-a1d8-4861-b106-65e7b1a463d2', '2025-07-21', '2025-11-12', '2024-07-21 00:00:00', 'c0d1c0fb-772b-431e-b175-3d05435df9f7', 'ba167808-b244-4d55-b358-a9fbad9d24c2', '3392dd9b-5183-4195-affb-8dddf456cd94');
INSERT INTO pagoumorou_location (id, start_date, end_date, created_at, proposal_id, room_id, user_id) VALUES ('c9b0f31e-008c-4da5-bfb6-a12d20e4a490', '2025-08-16', '2025-11-09', '2024-09-09 00:00:00', '4f7ac14f-f7e1-4c85-bdb8-75e29091ad23', '06be8ef5-8f21-4b69-af8f-aa95a8bb2738', '5fa09273-9857-4a75-b5cf-95e9eb313bb0');
INSERT INTO pagoumorou_location (id, start_date, end_date, created_at, proposal_id, room_id, user_id) VALUES ('c5376fd9-7bda-467a-87e1-db7ffa1542ea', '2025-09-01', '2026-01-24', '2024-11-13 00:00:00', '8ebaa62f-7add-452a-9855-318d02c56b2b', '00a858c1-c4b6-465d-94cf-755957956a1a', '00c530c4-ccbc-4e9b-a38d-fd20f16b603d');
INSERT INTO pagoumorou_location (id, start_date, end_date, created_at, proposal_id, room_id, user_id) VALUES ('d1062af8-ab5d-4682-ac24-584d9def4583', '2025-07-06', '2025-10-22', '2024-02-27 00:00:00', '4f7b372e-7291-4610-814f-bfb0e921688d', 'b3d3df22-78e7-478f-a12a-d7f9b7dc71f1', 'ee0f357e-fa2d-42c1-aa31-e5c0c78716c5');
